expediente,nif,razon_social,titulo_proyecto,coste_total_original,solicitado_original,subvencionable_original,subvencion_original,comunidad_autonoma,puntuacion_o_motivo,coste_total_eur,solicitado_eur,subvencionable_eur,subvencion_columna_fuente_eur,id_registro,anio_convocatoria,estado_en_fuente,puntuacion,motivo,moneda,fuente_url,pagina_fuente,fila_pagina,fuente_sha256,fecha_consulta,observaciones
AEI-010500-2026-101,G65270035,"CLÚSTER DE LAS TECNOLOGÍAS INTELIGENTES PARA LAS CIUDADES, LOS EDIFICIOS Y LA INDUSTRIA (SMARTECH CLUSTER)",TERRA: Tecnología Edge-Cloud para Riego y Recursos Agronómicos,"372.548,00 €","186.273,00 €","241.762,00 €","120.880,00 €",Cataluña,"77,92",372548.00,186273.00,241762.00,120880.00,AEI-2026-010500-2026-101,2026,propuesta_provisional_aprobada,77.92,,EUR,https://www.mintur.gob.es/PortalAyudas/AgrupacionesEmpresariales/Concesion/2026/Documents/Listado_PropResProvisionales_Concedidas.pdf,1,1,da9b09355aa3486e8c0d80dc441f668efa3e3b30dc7505d1a34e98076b850e3c,2026-09-21,Propuesta provisional: no acredita concesión definitiva. El importe de lista de espera no es ayuda concedida.
AEI-010500-2026-8,V08504342,CENTRO ESPAÑOL DE PLÁSTICOS,RING Rubber INtegration for Green Compounds,"239.774,00 €","189.056,00 €","239.774,00 €","189.056,00 €",Cataluña,"77,49",239774.00,189056.00,239774.00,189056.00,AEI-2026-010500-2026-8,2026,propuesta_provisional_aprobada,77.49,,EUR,https://www.mintur.gob.es/PortalAyudas/AgrupacionesEmpresariales/Concesion/2026/Documents/Listado_PropResProvisionales_Concedidas.pdf,1,2,da9b09355aa3486e8c0d80dc441f668efa3e3b30dc7505d1a34e98076b850e3c,2026-09-21,Propuesta provisional: no acredita concesión definitiva. El importe de lista de espera no es ayuda concedida.
AEI-010500-2026-39,V08504342,CENTRO ESPAÑOL DE PLÁSTICOS,MaterIA: IA y modelización acelerada para la predicción de vida útil en polímeros reciclados,"261.231,00 €","198.934,00 €","261.231,00 €","198.934,00 €",Cataluña,"77,24",261231.00,198934.00,261231.00,198934.00,AEI-2026-010500-2026-39,2026,propuesta_provisional_aprobada,77.24,,EUR,https://www.mintur.gob.es/PortalAyudas/AgrupacionesEmpresariales/Concesion/2026/Documents/Listado_PropResProvisionales_Concedidas.pdf,1,3,da9b09355aa3486e8c0d80dc441f668efa3e3b30dc7505d1a34e98076b850e3c,2026-09-21,Propuesta provisional: no acredita concesión definitiva. El importe de lista de espera no es ayuda concedida.
AEI-010500-2026-54,V08504342,CENTRO ESPAÑOL DE PLÁSTICOS,PolySmart: Hibridación de policarbonato avanzado y sensórica IoT: hacia el acristalamiento inteligente y ligero del vehículo eléctrico,"261.994,00 €","206.285,00 €","261.994,00 €","199.539,00 €",Cataluña,"75,49",261994.00,206285.00,261994.00,199539.00,AEI-2026-010500-2026-54,2026,propuesta_provisional_aprobada,75.49,,EUR,https://www.mintur.gob.es/PortalAyudas/AgrupacionesEmpresariales/Concesion/2026/Documents/Listado_PropResProvisionales_Concedidas.pdf,1,4,da9b09355aa3486e8c0d80dc441f668efa3e3b30dc7505d1a34e98076b850e3c,2026-09-21,Propuesta provisional: no acredita concesión definitiva. El importe de lista de espera no es ayuda concedida.
AEI-010500-2026-52,G65270035,"CLÚSTER DE LAS TECNOLOGÍAS INTELIGENTES PARA LAS CIUDADES, LOS EDIFICIOS Y LA INDUSTRIA (SMARTECH CLUSTER)",CPD-Agent,"303.703,00 €","241.386,00 €","303.703,00 €","241.386,00 €",Cataluña,"74,69",303703.00,241386.00,303703.00,241386.00,AEI-2026-010500-2026-52,2026,propuesta_provisional_aprobada,74.69,,EUR,https://www.mintur.gob.es/PortalAyudas/AgrupacionesEmpresariales/Concesion/2026/Documents/Listado_PropResProvisionales_Concedidas.pdf,1,5,da9b09355aa3486e8c0d80dc441f668efa3e3b30dc7505d1a34e98076b850e3c,2026-09-21,Propuesta provisional: no acredita concesión definitiva. El importe de lista de espera no es ayuda concedida.
AEI-010500-2026-82,G93341170,ASOCIACIÓN EMPRESARIAL MULTISECTORIAL INNOVADORA PARA LAS CIUDADES INTELIGENTES (CLUSTER ANDALUCÍA SMART CITY),"SMART NODE - Investigación de un sistema modular de mobiliario urbano inteligente, sostenible y conectado para entornos Smart City","266.791,00 €","194.990,00 €","266.791,00 €","194.990,00 €",Andalucía,"73,22",266791.00,194990.00,266791.00,194990.00,AEI-2026-010500-2026-82,2026,propuesta_provisional_aprobada,73.22,,EUR,https://www.mintur.gob.es/PortalAyudas/AgrupacionesEmpresariales/Concesion/2026/Documents/Listado_PropResProvisionales_Concedidas.pdf,1,6,da9b09355aa3486e8c0d80dc441f668efa3e3b30dc7505d1a34e98076b850e3c,2026-09-21,Propuesta provisional: no acredita concesión definitiva. El importe de lista de espera no es ayuda concedida.
AEI-010500-2026-133,G19532209,"CLUSTER DE EMPRESAS DIGITALES, SOSTENIBLES E INDUSTRIAS INNOVADORAS (ONTECH INNOVATION)","Investigación y desarrollo de métodos de extracción de moléculas de alto valor añadido de matrices de orina, y métodos de monitorización, vigilancia y eliminación de contaminantes emergentes, para la gestión inteligente de efluentes hospitalarios","316.389,00 €","247.865,00 €","316.389,00 €","247.865,00 €",Andalucía,"72,76",316389.00,247865.00,316389.00,247865.00,AEI-2026-010500-2026-133,2026,propuesta_provisional_aprobada,72.76,,EUR,https://www.mintur.gob.es/PortalAyudas/AgrupacionesEmpresariales/Concesion/2026/Documents/Listado_PropResProvisionales_Concedidas.pdf,1,7,da9b09355aa3486e8c0d80dc441f668efa3e3b30dc7505d1a34e98076b850e3c,2026-09-21,Propuesta provisional: no acredita concesión definitiva. El importe de lista de espera no es ayuda concedida.
AEI-010500-2026-79,G27407212,ASOCIACIÓN CLÚSTER ALIMENTARIO DE GALICIA,"BIOPREDICTION SOIL: HACIA EL BIOSENSOR VIRTUAL DEL SUELO CON INTEGRACIÓN DE MICROBIOMA, IoT, TELEDETECCIÓN E IA EXPLICABLE PARA LA GESTIÓN PREDICTIVA DE CULTIVOS","290.350,00 €","227.268,00 €","285.356,00 €","222.017,00 €",Galicia,"72,33",290350.00,227268.00,285356.00,222017.00,AEI-2026-010500-2026-79,2026,propuesta_provisional_aprobada,72.33,,EUR,https://www.mintur.gob.es/PortalAyudas/AgrupacionesEmpresariales/Concesion/2026/Documents/Listado_PropResProvisionales_Concedidas.pdf,1,8,da9b09355aa3486e8c0d80dc441f668efa3e3b30dc7505d1a34e98076b850e3c,2026-09-21,Propuesta provisional: no acredita concesión definitiva. El importe de lista de espera no es ayuda concedida.
AEI-010500-2026-42,V08504342,CENTRO ESPAÑOL DE PLÁSTICOS,Auto-Loop: Investigación industrial para la valorización de plásticos pintados post-consumo de automoción para su reintroducción en componentes técnicos de altas prestaciones,"205.040,00 €","154.630,00 €","155.049,00 €","122.136,00 €",Cataluña,"71,83",205040.00,154630.00,155049.00,122136.00,AEI-2026-010500-2026-42,2026,propuesta_provisional_aprobada,71.83,,EUR,https://www.mintur.gob.es/PortalAyudas/AgrupacionesEmpresariales/Concesion/2026/Documents/Listado_PropResProvisionales_Concedidas.pdf,1,9,da9b09355aa3486e8c0d80dc441f668efa3e3b30dc7505d1a34e98076b850e3c,2026-09-21,Propuesta provisional: no acredita concesión definitiva. El importe de lista de espera no es ayuda concedida.
AEI-010500-2026-11,G48888895,ASOC CLUSTER DE ENERGIA ACE,DIGEFLEX - Dimensionamiento y Gestión de Comunidades Energéticas Industriales Flexibles con Microrred,"277.869,00 €","222.294,00 €","277.149,00 €","221.718,00 €",País Vasco,"71,41",277869.00,222294.00,277149.00,221718.00,AEI-2026-010500-2026-11,2026,propuesta_provisional_aprobada,71.41,,EUR,https://www.mintur.gob.es/PortalAyudas/AgrupacionesEmpresariales/Concesion/2026/Documents/Listado_PropResProvisionales_Concedidas.pdf,1,10,da9b09355aa3486e8c0d80dc441f668efa3e3b30dc7505d1a34e98076b850e3c,2026-09-21,Propuesta provisional: no acredita concesión definitiva. El importe de lista de espera no es ayuda concedida.
AEI-010500-2026-29,G19532209,"CLUSTER DE EMPRESAS DIGITALES, SOSTENIBLES E INDUSTRIAS INNOVADORAS (ONTECH INNOVATION)","Detección precoz de patógenos y gestión hídrica inteligente del olivar andaluz mediante Inteligencia Artificial e IoT agrícola, OLIVE-AI","311.981,00 €","249.582,00 €","297.960,00 €","238.366,00 €",Andalucía,"70,88",311981.00,249582.00,297960.00,238366.00,AEI-2026-010500-2026-29,2026,propuesta_provisional_aprobada,70.88,,EUR,https://www.mintur.gob.es/PortalAyudas/AgrupacionesEmpresariales/Concesion/2026/Documents/Listado_PropResProvisionales_Concedidas.pdf,1,11,da9b09355aa3486e8c0d80dc441f668efa3e3b30dc7505d1a34e98076b850e3c,2026-09-21,Propuesta provisional: no acredita concesión definitiva. El importe de lista de espera no es ayuda concedida.
AEI-010500-2026-49,G01891530,CLUSTER ECONOMIA CIRCULAR & CONSTRUCCION '0' EMISIONES (CLUSTER ECCO),RE4 INNOVACION CIRCULAR PARA CARRETERAS SOSTENIBLES,"331.203,00 €","246.278,00 €","247.320,00 €","119.413,00 €","Asturias, Principado de","70,82",331203.00,246278.00,247320.00,119413.00,AEI-2026-010500-2026-49,2026,propuesta_provisional_aprobada,70.82,,EUR,https://www.mintur.gob.es/PortalAyudas/AgrupacionesEmpresariales/Concesion/2026/Documents/Listado_PropResProvisionales_Concedidas.pdf,1,12,da9b09355aa3486e8c0d80dc441f668efa3e3b30dc7505d1a34e98076b850e3c,2026-09-21,Propuesta provisional: no acredita concesión definitiva. El importe de lista de espera no es ayuda concedida.
AEI-010500-2026-169,G46108569,ASOC. DE EMPRESARIOS TEXTILES DE LA COMUNIDAD VALENCIANA,"I+D y diseño de sistema de diagnóstico DIgital ENERgético, herramienta de analítica y optimización energética productiva para procesos de la cadena de valor del sector TEXtil especialización térmica del sistema DIENERTEX THERM - Fase2","321.093,00 €","247.636,00 €","284.510,00 €","153.207,00 €",Comunitat Valenciana,"70,77",321093.00,247636.00,284510.00,153207.00,AEI-2026-010500-2026-169,2026,propuesta_provisional_aprobada,70.77,,EUR,https://www.mintur.gob.es/PortalAyudas/AgrupacionesEmpresariales/Concesion/2026/Documents/Listado_PropResProvisionales_Concedidas.pdf,1,13,da9b09355aa3486e8c0d80dc441f668efa3e3b30dc7505d1a34e98076b850e3c,2026-09-21,Propuesta provisional: no acredita concesión definitiva. El importe de lista de espera no es ayuda concedida.
AEI-010500-2026-97,G47702287,CLÚSTER DE HÁBITAT EFICIENTE (AEICE),INSPECTOR. Proyecto de investigación industrial para el diseño de herramienta digital inmersiva que permita formar inspeccionar correcta manipulación D encofrados especiales y colocación de la ferralla ...,"249.407,00 €","188.538,00 €","249.407,00 €","184.568,00 €",Castilla y León,"70,67",249407.00,188538.00,249407.00,184568.00,AEI-2026-010500-2026-97,2026,propuesta_provisional_aprobada,70.67,,EUR,https://www.mintur.gob.es/PortalAyudas/AgrupacionesEmpresariales/Concesion/2026/Documents/Listado_PropResProvisionales_Concedidas.pdf,1,14,da9b09355aa3486e8c0d80dc441f668efa3e3b30dc7505d1a34e98076b850e3c,2026-09-21,Propuesta provisional: no acredita concesión definitiva. El importe de lista de espera no es ayuda concedida.
AEI-010500-2026-31,G99252918,ASOCIACIÓN CLUSTER DE AUTOMOCIÓN DE ARAGÓN (CAAR),VOLTIA-UGV Inteligencia artificial embebida en cargadores conductivos e inductivos para la estimación del estado de salud (SoH) de baterías de vehículos eléctricos y vehículos terrestres no tripulados (UGV),"350.241,00 €","249.874,00 €","350.241,00 €","249.874,00 €",Aragón,"70,18",350241.00,249874.00,350241.00,249874.00,AEI-2026-010500-2026-31,2026,propuesta_provisional_aprobada,70.18,,EUR,https://www.mintur.gob.es/PortalAyudas/AgrupacionesEmpresariales/Concesion/2026/Documents/Listado_PropResProvisionales_Concedidas.pdf,1,15,da9b09355aa3486e8c0d80dc441f668efa3e3b30dc7505d1a34e98076b850e3c,2026-09-21,Propuesta provisional: no acredita concesión definitiva. El importe de lista de espera no es ayuda concedida.
AEI-010500-2026-158,G02881563,VIRATEC CLÚSTER GALEGO DE SOLUCIÓNS AMBIENTAIS E ECONOMÍA CIRCULAR,"MOIRA - Modelos ópticos de detección de sustancias peligrosas, inteligencia artificial y separación para la gestión de textiles postconsumo","272.059,00 €","215.144,00 €","270.059,00 €","213.544,00 €",Galicia,"69,41",272059.00,215144.00,270059.00,213544.00,AEI-2026-010500-2026-158,2026,propuesta_provisional_aprobada,69.41,,EUR,https://www.mintur.gob.es/PortalAyudas/AgrupacionesEmpresariales/Concesion/2026/Documents/Listado_PropResProvisionales_Concedidas.pdf,1,16,da9b09355aa3486e8c0d80dc441f668efa3e3b30dc7505d1a34e98076b850e3c,2026-09-21,Propuesta provisional: no acredita concesión definitiva. El importe de lista de espera no es ayuda concedida.
AEI-010600-2026-8,G13791793,ASOCIACIÓN CLUSTER AUDIOVISUAL DE MADRID,"PLATÓ Plataforma Logística del Audiovisual: Test Operativo ""Estudio de viabilidad de un sandbox de logística para el audiovisual""","68.143,00 €","34.071,00 €","45.643,00 €","22.821,00 €",Comunidad de Madrid,"69,40",68143.00,34071.00,45643.00,22821.00,AEI-2026-010600-2026-8,2026,propuesta_provisional_aprobada,69.4,,EUR,https://www.mintur.gob.es/PortalAyudas/AgrupacionesEmpresariales/Concesion/2026/Documents/Listado_PropResProvisionales_Concedidas.pdf,1,17,da9b09355aa3486e8c0d80dc441f668efa3e3b30dc7505d1a34e98076b850e3c,2026-09-21,Propuesta provisional: no acredita concesión definitiva. El importe de lista de espera no es ayuda concedida.
AEI-010600-2026-10,G65041345,ASSOCIACIÓ AEI INNOVI,"Estudio del potencial para la captación, integración y explotación de datos mediante la inteligencia artificial en la cadena de valor agroalimentaria - AGROVITIA","67.561,00 €","33.780,00 €","67.561,00 €","33.780,00 €",Cataluña,"69,36",67561.00,33780.00,67561.00,33780.00,AEI-2026-010600-2026-10,2026,propuesta_provisional_aprobada,69.36,,EUR,https://www.mintur.gob.es/PortalAyudas/AgrupacionesEmpresariales/Concesion/2026/Documents/Listado_PropResProvisionales_Concedidas.pdf,2,1,da9b09355aa3486e8c0d80dc441f668efa3e3b30dc7505d1a34e98076b850e3c,2026-09-21,Propuesta provisional: no acredita concesión definitiva. El importe de lista de espera no es ayuda concedida.
AEI-010500-2026-62,G66522269,ASSOCIACIÓ CLÚSTER DE MATERIALS AVANÇATS DE CATALUNYA,"INGENIA: Proyecto de investigación industrial para optimizar la eficiencia, sostenibilidad y resiliencia de activos industriales mediante documentación técnica inteligente e IA agéntica","321.638,00 €","248.229,00 €","321.638,00 €","248.229,00 €",Cataluña,"68,72",321638.00,248229.00,321638.00,248229.00,AEI-2026-010500-2026-62,2026,propuesta_provisional_aprobada,68.72,,EUR,https://www.mintur.gob.es/PortalAyudas/AgrupacionesEmpresariales/Concesion/2026/Documents/Listado_PropResProvisionales_Concedidas.pdf,2,2,da9b09355aa3486e8c0d80dc441f668efa3e3b30dc7505d1a34e98076b850e3c,2026-09-21,Propuesta provisional: no acredita concesión definitiva. El importe de lista de espera no es ayuda concedida.
AEI-010500-2026-14,G93341170,ASOCIACIÓN EMPRESARIAL MULTISECTORIAL INNOVADORA PARA LAS CIUDADES INTELIGENTES (CLUSTER ANDALUCÍA SMART CITY),"MEMORIA VIVA RURAL IA - Tecnología para que las historias de siempre no desaparezcan: una iteligencia turística viva que escucha a las personas mayores, preserva la memoria rural y la transforma en experiencias culturales con alma","363.798,00 €","218.278,00 €","363.798,00 €","218.278,00 €",Andalucía,"68,56",363798.00,218278.00,363798.00,218278.00,AEI-2026-010500-2026-14,2026,propuesta_provisional_aprobada,68.56,,EUR,https://www.mintur.gob.es/PortalAyudas/AgrupacionesEmpresariales/Concesion/2026/Documents/Listado_PropResProvisionales_Concedidas.pdf,2,3,da9b09355aa3486e8c0d80dc441f668efa3e3b30dc7505d1a34e98076b850e3c,2026-09-21,Propuesta provisional: no acredita concesión definitiva. El importe de lista de espera no es ayuda concedida.
AEI-010500-2026-72,G99171951,ASOCIACIÓN AERONAÚTICA ARAGONESA,QUANTICOAT - Recubrimientos funcionales cuánticos para la detección temprana de daño estructural en infraestructuras críticas para la autonomía estratégica.,"262.937,00 €","203.881,00 €","262.937,00 €","203.881,00 €",Aragón,"68,34",262937.00,203881.00,262937.00,203881.00,AEI-2026-010500-2026-72,2026,propuesta_provisional_aprobada,68.34,,EUR,https://www.mintur.gob.es/PortalAyudas/AgrupacionesEmpresariales/Concesion/2026/Documents/Listado_PropResProvisionales_Concedidas.pdf,2,4,da9b09355aa3486e8c0d80dc441f668efa3e3b30dc7505d1a34e98076b850e3c,2026-09-21,Propuesta provisional: no acredita concesión definitiva. El importe de lista de espera no es ayuda concedida.
AEI-010500-2026-78,G66522269,ASSOCIACIÓ CLÚSTER DE MATERIALS AVANÇATS DE CATALUNYA,TRACE4ACOUSTICS: Investigación industrial de materiales acústicos biobasados y tecnologías de trazabilidad digital para la construcción sostenible,"319.193,00 €","249.971,00 €","314.643,00 €","246.331,00 €",Cataluña,"68,05",319193.00,249971.00,314643.00,246331.00,AEI-2026-010500-2026-78,2026,propuesta_provisional_aprobada,68.05,,EUR,https://www.mintur.gob.es/PortalAyudas/AgrupacionesEmpresariales/Concesion/2026/Documents/Listado_PropResProvisionales_Concedidas.pdf,2,5,da9b09355aa3486e8c0d80dc441f668efa3e3b30dc7505d1a34e98076b850e3c,2026-09-21,Propuesta provisional: no acredita concesión definitiva. El importe de lista de espera no es ayuda concedida.
AEI-010300-2026-4,G84106202,ASOCIACION INSTITUTO TECNOLOGICO HOTELERO,"""IADA Tech for Hotels"" Primer indicador digital contra el desperdicio alimentario, de la compra al huésped","100.459,00 €","50.000,00 €","100.459,00 €","50.000,00 €",Comunidad de Madrid,"67,67",100459.00,50000.00,100459.00,50000.00,AEI-2026-010300-2026-4,2026,propuesta_provisional_aprobada,67.67,,EUR,https://www.mintur.gob.es/PortalAyudas/AgrupacionesEmpresariales/Concesion/2026/Documents/Listado_PropResProvisionales_Concedidas.pdf,2,6,da9b09355aa3486e8c0d80dc441f668efa3e3b30dc7505d1a34e98076b850e3c,2026-09-21,Propuesta provisional: no acredita concesión definitiva. El importe de lista de espera no es ayuda concedida.
AEI-010500-2026-114,G99171951,ASOCIACIÓN AERONAÚTICA ARAGONESA,"VERTIMAS: Metodologías avanzadas de simulación y gemelo digital para la planificación y operación de vertipuertos modulares, autónomos y sostenibles.","204.823,00 €","147.961,00 €","204.823,00 €","147.961,00 €",Aragón,"67,40",204823.00,147961.00,204823.00,147961.00,AEI-2026-010500-2026-114,2026,propuesta_provisional_aprobada,67.4,,EUR,https://www.mintur.gob.es/PortalAyudas/AgrupacionesEmpresariales/Concesion/2026/Documents/Listado_PropResProvisionales_Concedidas.pdf,2,7,da9b09355aa3486e8c0d80dc441f668efa3e3b30dc7505d1a34e98076b850e3c,2026-09-21,Propuesta provisional: no acredita concesión definitiva. El importe de lista de espera no es ayuda concedida.
AEI-010200-2026-4,G13791793,ASOCIACIÓN CLUSTER AUDIOVISUAL DE MADRID,"AVinMotion 26-27 ""Estrategia de dinamización e impulso del ecosistema innovador audiovisual de Madrid - 2026-2027""","92.936,00 €","46.468,00 €","92.936,00 €","46.468,00 €",Comunidad de Madrid,"67,10",92936.00,46468.00,92936.00,46468.00,AEI-2026-010200-2026-4,2026,propuesta_provisional_aprobada,67.1,,EUR,https://www.mintur.gob.es/PortalAyudas/AgrupacionesEmpresariales/Concesion/2026/Documents/Listado_PropResProvisionales_Concedidas.pdf,2,8,da9b09355aa3486e8c0d80dc441f668efa3e3b30dc7505d1a34e98076b850e3c,2026-09-21,Propuesta provisional: no acredita concesión definitiva. El importe de lista de espera no es ayuda concedida.
AEI-010500-2026-149,G15891260,ASOC CLUSTER DO AUDIOVISUAL GALEGO,VIRTUAL REALITECH:Precisión Tridimensional Avanzada para la Producción Audiovisual,"329.642,00 €","250.000,00 €","288.242,00 €","218.946,00 €",Galicia,"66,98",329642.00,250000.00,288242.00,218946.00,AEI-2026-010500-2026-149,2026,propuesta_provisional_aprobada,66.98,,EUR,https://www.mintur.gob.es/PortalAyudas/AgrupacionesEmpresariales/Concesion/2026/Documents/Listado_PropResProvisionales_Concedidas.pdf,2,9,da9b09355aa3486e8c0d80dc441f668efa3e3b30dc7505d1a34e98076b850e3c,2026-09-21,Propuesta provisional: no acredita concesión definitiva. El importe de lista de espera no es ayuda concedida.
AEI-010500-2026-64,G43831338,"CENTRE DE DIFUSIO TECNOLOGICA DE LA FUSTA I EL MOBLE DE CATALUNYA, FUNDACIO PRIVADA","BIM2DAP: Plataforma digital BIM multimodal para el diseño industrializado, la fabricación avanzada y la gestión sostenible del ciclo de vida de proyectos de construcción","314.978,00 €","249.340,00 €","314.978,00 €","249.340,00 €",Cataluña,"66,77",314978.00,249340.00,314978.00,249340.00,AEI-2026-010500-2026-64,2026,propuesta_provisional_aprobada,66.77,,EUR,https://www.mintur.gob.es/PortalAyudas/AgrupacionesEmpresariales/Concesion/2026/Documents/Listado_PropResProvisionales_Concedidas.pdf,2,10,da9b09355aa3486e8c0d80dc441f668efa3e3b30dc7505d1a34e98076b850e3c,2026-09-21,Propuesta provisional: no acredita concesión definitiva. El importe de lista de espera no es ayuda concedida.
AEI-010500-2026-92,G66505751,ASSOCIACIÓ CLÚSTER DIGITAL DE CATALUNYA,COLLABORATIVE E2E SUPPLY CHAIN INTELLIGENCE,"242.988,00 €","194.389,00 €","242.988,00 €","194.389,00 €",Cataluña,"66,70",242988.00,194389.00,242988.00,194389.00,AEI-2026-010500-2026-92,2026,propuesta_provisional_aprobada,66.7,,EUR,https://www.mintur.gob.es/PortalAyudas/AgrupacionesEmpresariales/Concesion/2026/Documents/Listado_PropResProvisionales_Concedidas.pdf,2,11,da9b09355aa3486e8c0d80dc441f668efa3e3b30dc7505d1a34e98076b850e3c,2026-09-21,Propuesta provisional: no acredita concesión definitiva. El importe de lista de espera no es ayuda concedida.
AEI-010500-2026-85,G99171951,ASOCIACIÓN AERONAÚTICA ARAGONESA,INSPECTIA: Investigación de nuevos modelos de IA para detección y corrección de fallos de fabricación y defectos superficiales mediante sistema robotizado de escaneado 3D,"263.658,00 €","205.831,00 €","263.658,00 €","200.712,00 €",Aragón,"66,59",263658.00,205831.00,263658.00,200712.00,AEI-2026-010500-2026-85,2026,propuesta_provisional_aprobada,66.59,,EUR,https://www.mintur.gob.es/PortalAyudas/AgrupacionesEmpresariales/Concesion/2026/Documents/Listado_PropResProvisionales_Concedidas.pdf,2,12,da9b09355aa3486e8c0d80dc441f668efa3e3b30dc7505d1a34e98076b850e3c,2026-09-21,Propuesta provisional: no acredita concesión definitiva. El importe de lista de espera no es ayuda concedida.
AEI-010500-2026-156,G99279911,ASOCIACIÓN CLÚSTER PARA EL USO EFICIENTE DEL AGUA (ZINNAE),RESILIAGUA - Resiliencia hídrica como palanca de competitividad y autonomía estratégica: tecnologías avanzadas para la detección y eliminación de contaminantes emergentes en el ciclo industrial del agua,"294.587,00 €","227.032,00 €","294.587,00 €","227.032,00 €",Aragón,"66,57",294587.00,227032.00,294587.00,227032.00,AEI-2026-010500-2026-156,2026,propuesta_provisional_aprobada,66.57,,EUR,https://www.mintur.gob.es/PortalAyudas/AgrupacionesEmpresariales/Concesion/2026/Documents/Listado_PropResProvisionales_Concedidas.pdf,2,13,da9b09355aa3486e8c0d80dc441f668efa3e3b30dc7505d1a34e98076b850e3c,2026-09-21,Propuesta provisional: no acredita concesión definitiva. El importe de lista de espera no es ayuda concedida.
AEI-010500-2026-50,G99252918,ASOCIACIÓN CLUSTER DE AUTOMOCIÓN DE ARAGÓN (CAAR),"RECLASBAT - Plataforma avanzada de diagnóstico y clasificación circular para baterías de vehículo eléctrico, orientada a segunda vida y reciclaje avanzado.","322.640,00 €","246.355,00 €","322.640,00 €","246.355,00 €",Aragón,"66,51",322640.00,246355.00,322640.00,246355.00,AEI-2026-010500-2026-50,2026,propuesta_provisional_aprobada,66.51,,EUR,https://www.mintur.gob.es/PortalAyudas/AgrupacionesEmpresariales/Concesion/2026/Documents/Listado_PropResProvisionales_Concedidas.pdf,2,14,da9b09355aa3486e8c0d80dc441f668efa3e3b30dc7505d1a34e98076b850e3c,2026-09-21,Propuesta provisional: no acredita concesión definitiva. El importe de lista de espera no es ayuda concedida.
AEI-010300-2026-2,G84106202,ASOCIACION INSTITUTO TECNOLOGICO HOTELERO,Estudio de Viabilidad de Soluciones de Computación Cuántica para Hoteles (QUANTUM4HOTELS),"114.271,00 €","50.000,00 €","99.321,00 €","49.660,00 €",Comunidad de Madrid,"66,49",114271.00,50000.00,99321.00,49660.00,AEI-2026-010300-2026-2,2026,propuesta_provisional_aprobada,66.49,,EUR,https://www.mintur.gob.es/PortalAyudas/AgrupacionesEmpresariales/Concesion/2026/Documents/Listado_PropResProvisionales_Concedidas.pdf,2,15,da9b09355aa3486e8c0d80dc441f668efa3e3b30dc7505d1a34e98076b850e3c,2026-09-21,Propuesta provisional: no acredita concesión definitiva. El importe de lista de espera no es ayuda concedida.
AEI-010600-2026-11,G98322084,ASOCIACION CLUSTER DE LA ENERGIA DE LA COMUNITAT VALENCIANA (CECV),Estudio de viabilidad para la optimización ENERgética y valorización de HEAT (calor residual) en Centros de Datos - ENERHEAT-CPD,"43.746,00 €","21.873,00 €","43.746,00 €","21.873,00 €",Comunitat Valenciana,"66,43",43746.00,21873.00,43746.00,21873.00,AEI-2026-010600-2026-11,2026,propuesta_provisional_aprobada,66.43,,EUR,https://www.mintur.gob.es/PortalAyudas/AgrupacionesEmpresariales/Concesion/2026/Documents/Listado_PropResProvisionales_Concedidas.pdf,2,16,da9b09355aa3486e8c0d80dc441f668efa3e3b30dc7505d1a34e98076b850e3c,2026-09-21,Propuesta provisional: no acredita concesión definitiva. El importe de lista de espera no es ayuda concedida.
AEI-010500-2026-103,G97811517,ASOCIACION DE EMPRESAS BIOTECNOLOGICAS DE LA COMUNIDAD VALENCIANA,"BIO-DIGIPROP AVOCADO: Sistema bio-digital de micropropagación ecoeficiente de aguacate mediante control oxidativo, bioestimulación y modelos predictivos","293.247,00 €","234.597,00 €","293.247,00 €","234.597,00 €",Comunitat Valenciana,"65,90",293247.00,234597.00,293247.00,234597.00,AEI-2026-010500-2026-103,2026,propuesta_provisional_aprobada,65.9,,EUR,https://www.mintur.gob.es/PortalAyudas/AgrupacionesEmpresariales/Concesion/2026/Documents/Listado_PropResProvisionales_Concedidas.pdf,2,17,da9b09355aa3486e8c0d80dc441f668efa3e3b30dc7505d1a34e98076b850e3c,2026-09-21,Propuesta provisional: no acredita concesión definitiva. El importe de lista de espera no es ayuda concedida.
AEI-010500-2026-111,G99507949,ASOCIACIÓN CLUSTER DE LA ENERGÍA DE ARAGÓN,HYTRO-Optimización dinámica de hornos industriales mediante hibridación energética y control inteligente.,"328.126,00 €","249.046,00 €","328.126,00 €","249.046,00 €",Aragón,"65,77",328126.00,249046.00,328126.00,249046.00,AEI-2026-010500-2026-111,2026,propuesta_provisional_aprobada,65.77,,EUR,https://www.mintur.gob.es/PortalAyudas/AgrupacionesEmpresariales/Concesion/2026/Documents/Listado_PropResProvisionales_Concedidas.pdf,2,18,da9b09355aa3486e8c0d80dc441f668efa3e3b30dc7505d1a34e98076b850e3c,2026-09-21,Propuesta provisional: no acredita concesión definitiva. El importe de lista de espera no es ayuda concedida.
AEI-010500-2026-47,G99299299,ASOCIACIÓN LOGÍSTICA INNOVADORA DE ARAGÓN (ALIA),RELOCK TEXTILE: Sistema de Recogida y Reintroducción del Textil en la Economía Circular,"324.591,00 €","170.841,00 €","284.591,00 €","154.841,00 €",Aragón,"65,76",324591.00,170841.00,284591.00,154841.00,AEI-2026-010500-2026-47,2026,propuesta_provisional_aprobada,65.76,,EUR,https://www.mintur.gob.es/PortalAyudas/AgrupacionesEmpresariales/Concesion/2026/Documents/Listado_PropResProvisionales_Concedidas.pdf,2,19,da9b09355aa3486e8c0d80dc441f668efa3e3b30dc7505d1a34e98076b850e3c,2026-09-21,Propuesta provisional: no acredita concesión definitiva. El importe de lista de espera no es ayuda concedida.
AEI-010500-2026-155,G99507949,ASOCIACIÓN CLUSTER DE LA ENERGÍA DE ARAGÓN,Modelado y optimización de sistemas de trigeneración solar con paneles híbridos mediante herramientas digitales avanzadas (OPTRISOL),"220.072,00 €","167.024,00 €","220.072,00 €","167.024,00 €",Aragón,"65,49",220072.00,167024.00,220072.00,167024.00,AEI-2026-010500-2026-155,2026,propuesta_provisional_aprobada,65.49,,EUR,https://www.mintur.gob.es/PortalAyudas/AgrupacionesEmpresariales/Concesion/2026/Documents/Listado_PropResProvisionales_Concedidas.pdf,3,1,da9b09355aa3486e8c0d80dc441f668efa3e3b30dc7505d1a34e98076b850e3c,2026-09-21,Propuesta provisional: no acredita concesión definitiva. El importe de lista de espera no es ayuda concedida.
AEI-010500-2026-99,G43831338,"CENTRE DE DIFUSIO TECNOLOGICA DE LA FUSTA I EL MOBLE DE CATALUNYA, FUNDACIO PRIVADA",DATACIRC-HAB: Espacio de datos para la implementación escalable del Pasaporte Digital de Producto en el sector hábitat,"287.272,00 €","228.055,00 €","287.272,00 €","228.055,00 €",Cataluña,"65,43",287272.00,228055.00,287272.00,228055.00,AEI-2026-010500-2026-99,2026,propuesta_provisional_aprobada,65.43,,EUR,https://www.mintur.gob.es/PortalAyudas/AgrupacionesEmpresariales/Concesion/2026/Documents/Listado_PropResProvisionales_Concedidas.pdf,3,2,da9b09355aa3486e8c0d80dc441f668efa3e3b30dc7505d1a34e98076b850e3c,2026-09-21,Propuesta provisional: no acredita concesión definitiva. El importe de lista de espera no es ayuda concedida.
AEI-010500-2026-105,G99171951,ASOCIACIÓN AERONAÚTICA ARAGONESA,skAIrisk - Modelos inteligentes para la autoevaluación cuantitativa del riesgo en operaciones UAS bajo el marco SORA 2.5.,"292.335,00 €","228.419,00 €","292.335,00 €","228.419,00 €",Aragón,"65,31",292335.00,228419.00,292335.00,228419.00,AEI-2026-010500-2026-105,2026,propuesta_provisional_aprobada,65.31,,EUR,https://www.mintur.gob.es/PortalAyudas/AgrupacionesEmpresariales/Concesion/2026/Documents/Listado_PropResProvisionales_Concedidas.pdf,3,3,da9b09355aa3486e8c0d80dc441f668efa3e3b30dc7505d1a34e98076b850e3c,2026-09-21,Propuesta provisional: no acredita concesión definitiva. El importe de lista de espera no es ayuda concedida.
AEI-010300-2026-6,G98322084,ASOCIACION CLUSTER DE LA ENERGIA DE LA COMUNITAT VALENCIANA (CECV),"Estudio de viabilidad técnica para la implantación digital, logística y circular del sistema de depósito, devolución y retorno de envases en España. DIREVER- SDDR 2029","49.972,00 €","24.986,00 €","49.972,00 €","24.986,00 €",Comunitat Valenciana,"65,29",49972.00,24986.00,49972.00,24986.00,AEI-2026-010300-2026-6,2026,propuesta_provisional_aprobada,65.29,,EUR,https://www.mintur.gob.es/PortalAyudas/AgrupacionesEmpresariales/Concesion/2026/Documents/Listado_PropResProvisionales_Concedidas.pdf,3,4,da9b09355aa3486e8c0d80dc441f668efa3e3b30dc7505d1a34e98076b850e3c,2026-09-21,Propuesta provisional: no acredita concesión definitiva. El importe de lista de espera no es ayuda concedida.
AEI-010500-2026-108,G47702287,CLÚSTER DE HÁBITAT EFICIENTE (AEICE),PASSPORTBUILD. Investigación de modelos de espacios de datos sectoriales en construcción para definir un marco conceptual que permita el desarrollo futuro de comunidades de datos y servicios asociados al pasaporte digital de producto,"281.240,00 €","221.459,00 €","281.240,00 €","221.459,00 €",Castilla y León,"65,00",281240.00,221459.00,281240.00,221459.00,AEI-2026-010500-2026-108,2026,propuesta_provisional_aprobada,65,,EUR,https://www.mintur.gob.es/PortalAyudas/AgrupacionesEmpresariales/Concesion/2026/Documents/Listado_PropResProvisionales_Concedidas.pdf,3,5,da9b09355aa3486e8c0d80dc441f668efa3e3b30dc7505d1a34e98076b850e3c,2026-09-21,Propuesta provisional: no acredita concesión definitiva. El importe de lista de espera no es ayuda concedida.
AEI-010200-2026-6,G75608042,CLUSTER DE INNOVACION TECNOLOGICA DE LA AGROINDUSTRIA,Oficina de Servicios Especializados a PYMES - CONECTA- INNOVACAL,"70.131,00 €","35.065,00 €","70.131,00 €","35.065,00 €",Andalucía,"65,00",70131.00,35065.00,70131.00,35065.00,AEI-2026-010200-2026-6,2026,propuesta_provisional_aprobada,65,,EUR,https://www.mintur.gob.es/PortalAyudas/AgrupacionesEmpresariales/Concesion/2026/Documents/Listado_PropResProvisionales_Concedidas.pdf,3,6,da9b09355aa3486e8c0d80dc441f668efa3e3b30dc7505d1a34e98076b850e3c,2026-09-21,Propuesta provisional: no acredita concesión definitiva. El importe de lista de espera no es ayuda concedida.
AEI-010500-2026-37,G98322084,ASOCIACION CLUSTER DE LA ENERGIA DE LA COMUNITAT VALENCIANA (CECV),"ROBESSIA - ALGORITMO ROBUSTO BASADO EN INTELIGENCIA ARTIFICIAL PARA EL PREDISEÑO, GESTIÓN OPTIMIZADA Y ANÁLISIS DE VIABILIDAD DE SISTEMAS BESS EN ENTORNOS INDUSTRIALES","191.357,00 €","152.078,00 €","191.357,00 €","152.078,00 €",Comunitat Valenciana,"64,88",191357.00,152078.00,191357.00,152078.00,AEI-2026-010500-2026-37,2026,propuesta_provisional_aprobada,64.88,,EUR,https://www.mintur.gob.es/PortalAyudas/AgrupacionesEmpresariales/Concesion/2026/Documents/Listado_PropResProvisionales_Concedidas.pdf,3,7,da9b09355aa3486e8c0d80dc441f668efa3e3b30dc7505d1a34e98076b850e3c,2026-09-21,Propuesta provisional: no acredita concesión definitiva. El importe de lista de espera no es ayuda concedida.
AEI-010500-2026-73,G43831338,"CENTRE DE DIFUSIO TECNOLOGICA DE LA FUSTA I EL MOBLE DE CATALUNYA, FUNDACIO PRIVADA",CELDIA: Investigación en sistemas inteligentes para la optimización de la paletización caótica en entornos de fabricación flexible de mobiliario mediante Robótica Cognitiva e Inteligencia Artificial,"312.195,00 €","247.895,00 €","312.195,00 €","247.895,00 €",Cataluña,"64,80",312195.00,247895.00,312195.00,247895.00,AEI-2026-010500-2026-73,2026,propuesta_provisional_aprobada,64.8,,EUR,https://www.mintur.gob.es/PortalAyudas/AgrupacionesEmpresariales/Concesion/2026/Documents/Listado_PropResProvisionales_Concedidas.pdf,3,8,da9b09355aa3486e8c0d80dc441f668efa3e3b30dc7505d1a34e98076b850e3c,2026-09-21,Propuesta provisional: no acredita concesión definitiva. El importe de lista de espera no es ayuda concedida.
AEI-010500-2026-16,G64862717,ASOCIACIÓN CATALANA PARA LA INNOVACIÓN Y LA INTERNACIONALIZACIÓN DEL SECTOR DEL AGUA (CATALAN WATER PARTNERSHIP),"PREDIGMA: Plataforma inteligente de mantenimiento predictivo y reducción del riesgo ambiental en sistemas de saneamiento en alta mediante IA, gemelo digital e interoperabilidad GIS-GMAO","289.643,00 €","167.460,00 €","289.643,00 €","167.460,00 €",Cataluña,"64,59",289643.00,167460.00,289643.00,167460.00,AEI-2026-010500-2026-16,2026,propuesta_provisional_aprobada,64.59,,EUR,https://www.mintur.gob.es/PortalAyudas/AgrupacionesEmpresariales/Concesion/2026/Documents/Listado_PropResProvisionales_Concedidas.pdf,3,9,da9b09355aa3486e8c0d80dc441f668efa3e3b30dc7505d1a34e98076b850e3c,2026-09-21,Propuesta provisional: no acredita concesión definitiva. El importe de lista de espera no es ayuda concedida.
AEI-010500-2026-166,G07094410,ASOCIACIÓN CLÚSTER DE LA INDÚSTRIA QUÍMICA DE LES ILLES BALEARS,DIGIREU: Investigación industrial para la definición y validación de una metodología innovadora de gestión digital orientada a la reutilización de envases químicos,"265.984,00 €","202.057,00 €","265.984,00 €","198.468,00 €",Islas Baleares,"64,48",265984.00,202057.00,265984.00,198468.00,AEI-2026-010500-2026-166,2026,propuesta_provisional_aprobada,64.48,,EUR,https://www.mintur.gob.es/PortalAyudas/AgrupacionesEmpresariales/Concesion/2026/Documents/Listado_PropResProvisionales_Concedidas.pdf,3,10,da9b09355aa3486e8c0d80dc441f668efa3e3b30dc7505d1a34e98076b850e3c,2026-09-21,Propuesta provisional: no acredita concesión definitiva. El importe de lista de espera no es ayuda concedida.
AEI-010500-2026-32,G93341170,ASOCIACIÓN EMPRESARIAL MULTISECTORIAL INNOVADORA PARA LAS CIUDADES INTELIGENTES (CLUSTER ANDALUCÍA SMART CITY),ABARS-HUB - Arquitectura Basada en Agentes para la Resiliencia y Seguridad en Hubs Urbanos de movilidad eléctrica,"318.451,00 €","246.809,00 €","318.451,00 €","246.809,00 €",Andalucía,"64,28",318451.00,246809.00,318451.00,246809.00,AEI-2026-010500-2026-32,2026,propuesta_provisional_aprobada,64.28,,EUR,https://www.mintur.gob.es/PortalAyudas/AgrupacionesEmpresariales/Concesion/2026/Documents/Listado_PropResProvisionales_Concedidas.pdf,3,11,da9b09355aa3486e8c0d80dc441f668efa3e3b30dc7505d1a34e98076b850e3c,2026-09-21,Propuesta provisional: no acredita concesión definitiva. El importe de lista de espera no es ayuda concedida.
AEI-010500-2026-38,G09956111,ASOCIACIÓN CLÚSTER AUDIOVISUAL DE ARAGÓN,"ORBISET, Sistema interoperable de gemelos digitales patrimoniales para producción virtual y reutilización creativa","281.752,00 €","225.399,00 €","242.297,00 €","193.835,00 €",Aragón,"64,20",281752.00,225399.00,242297.00,193835.00,AEI-2026-010500-2026-38,2026,propuesta_provisional_aprobada,64.2,,EUR,https://www.mintur.gob.es/PortalAyudas/AgrupacionesEmpresariales/Concesion/2026/Documents/Listado_PropResProvisionales_Concedidas.pdf,3,12,da9b09355aa3486e8c0d80dc441f668efa3e3b30dc7505d1a34e98076b850e3c,2026-09-21,Propuesta provisional: no acredita concesión definitiva. El importe de lista de espera no es ayuda concedida.
AEI-010500-2026-13,G27407212,ASOCIACIÓN CLÚSTER ALIMENTARIO DE GALICIA,IFS-MONITOR. Herramienta de monitorización de operaciones para la gestión inteligente de procesos industriales basados en IFS Food,"269.855,00 €","120.976,00 €","269.855,00 €","120.976,00 €",Galicia,"64,11",269855.00,120976.00,269855.00,120976.00,AEI-2026-010500-2026-13,2026,propuesta_provisional_aprobada,64.11,,EUR,https://www.mintur.gob.es/PortalAyudas/AgrupacionesEmpresariales/Concesion/2026/Documents/Listado_PropResProvisionales_Concedidas.pdf,3,13,da9b09355aa3486e8c0d80dc441f668efa3e3b30dc7505d1a34e98076b850e3c,2026-09-21,Propuesta provisional: no acredita concesión definitiva. El importe de lista de espera no es ayuda concedida.
AEI-010500-2026-146,G65920035,ASSOCIACIÓ CLUSTER DEL PACKAGING,KAIROS. Integración de IA predictiva en el software de mantenimiento Q-PLANT MM para la anticipación de incidencias y la optimización del mantenimiento en plantas de producción.,"368.434,00 €","184.216,00 €","368.434,00 €","184.216,00 €",Cataluña,"64,09",368434.00,184216.00,368434.00,184216.00,AEI-2026-010500-2026-146,2026,propuesta_provisional_aprobada,64.09,,EUR,https://www.mintur.gob.es/PortalAyudas/AgrupacionesEmpresariales/Concesion/2026/Documents/Listado_PropResProvisionales_Concedidas.pdf,3,14,da9b09355aa3486e8c0d80dc441f668efa3e3b30dc7505d1a34e98076b850e3c,2026-09-21,Propuesta provisional: no acredita concesión definitiva. El importe de lista de espera no es ayuda concedida.
AEI-010500-2026-147,G33906462,ASOCIACION CLUSTER DE TECNOLOGIAS DE LA INFORMACION Y LA COMUNICACION DE ASTURIAS,TRUST-BRIDGE: Plataforma interoperable de gestión del ciclo de vida de credenciales y atestaciones organizacionales y agénticas compatibles con eIDAS/EUDI,"268.676,00 €","154.028,00 €","268.676,00 €","154.028,00 €","Asturias, Principado de","64,00",268676.00,154028.00,268676.00,154028.00,AEI-2026-010500-2026-147,2026,propuesta_provisional_aprobada,64,,EUR,https://www.mintur.gob.es/PortalAyudas/AgrupacionesEmpresariales/Concesion/2026/Documents/Listado_PropResProvisionales_Concedidas.pdf,3,15,da9b09355aa3486e8c0d80dc441f668efa3e3b30dc7505d1a34e98076b850e3c,2026-09-21,Propuesta provisional: no acredita concesión definitiva. El importe de lista de espera no es ayuda concedida.
AEI-010500-2026-74,G47708177,CLUSTER SOLUCIONES INNOVADORAS PARA LA VIDA INDEPENDIENTE (SIVI),AcompañIA SocioSalud: Adaptación y evaluación en entorno real de la efectividad de un avatar conversacional basado en IA para promover hábitos de vida saludable y reducir la soledad no deseada en personas mayores con deterioro cognitivo leve.,"327.609,00 €","249.057,00 €","327.609,00 €","249.057,00 €",Castilla y León,"63,86",327609.00,249057.00,327609.00,249057.00,AEI-2026-010500-2026-74,2026,lista_espera_sin_concesion,63.86,,EUR,https://www.mintur.gob.es/PortalAyudas/AgrupacionesEmpresariales/Concesion/2026/Documents/Listado_PropResProvisional_ListaEspera.pdf,1,1,eb28786ca8e848574a08f703be21ed8764975085d1f303a1add12628c686b066,2026-09-21,Propuesta provisional: no acredita concesión definitiva. El importe de lista de espera no es ayuda concedida.
AEI-010500-2026-18,G65103905,SOUTHERN EUROPEAN CLUSTER IN PHOTONICS & OPTICS (SECPHO),MOREWIND: Tecnologías fotónicas avanzadas para la Monitorización y Optimización de Recurso Eólico,"332.339,00 €","173.142,00 €","245.413,00 €","128.091,00 €",Cataluña,"63,78",332339.00,173142.00,245413.00,128091.00,AEI-2026-010500-2026-18,2026,lista_espera_sin_concesion,63.78,,EUR,https://www.mintur.gob.es/PortalAyudas/AgrupacionesEmpresariales/Concesion/2026/Documents/Listado_PropResProvisional_ListaEspera.pdf,1,2,eb28786ca8e848574a08f703be21ed8764975085d1f303a1add12628c686b066,2026-09-21,Propuesta provisional: no acredita concesión definitiva. El importe de lista de espera no es ayuda concedida.
AEI-010500-2026-98,G65270035,"CLÚSTER DE LAS TECNOLOGÍAS INTELIGENTES PARA LAS CIUDADES, LOS EDIFICIOS Y LA INDUSTRIA (SMARTECH CLUSTER)",ARCOS-IA: Arquitectura de Comunicaciones Autónomas y Resilientes para Sistemas No Tripulados en Entornos Hostiles,"320.916,00 €","244.409,00 €","249.844,00 €","194.891,00 €",Cataluña,"63,53",320916.00,244409.00,249844.00,194891.00,AEI-2026-010500-2026-98,2026,lista_espera_sin_concesion,63.53,,EUR,https://www.mintur.gob.es/PortalAyudas/AgrupacionesEmpresariales/Concesion/2026/Documents/Listado_PropResProvisional_ListaEspera.pdf,1,3,eb28786ca8e848574a08f703be21ed8764975085d1f303a1add12628c686b066,2026-09-21,Propuesta provisional: no acredita concesión definitiva. El importe de lista de espera no es ayuda concedida.
AEI-010500-2026-164,G27407212,ASOCIACIÓN CLÚSTER ALIMENTARIO DE GALICIA,CENTINELA-MODELIZACIÓN DEL RIESGO MICROBIOLÓGICO EN PRODUCTOS DEL MAR MEDIANTE IA Y TECNOLOGÍAS AVANZADAS,"288.057,00 €","217.227,00 €","259.028,00 €","198.359,00 €",Galicia,"63,44",288057.00,217227.00,259028.00,198359.00,AEI-2026-010500-2026-164,2026,lista_espera_sin_concesion,63.44,,EUR,https://www.mintur.gob.es/PortalAyudas/AgrupacionesEmpresariales/Concesion/2026/Documents/Listado_PropResProvisional_ListaEspera.pdf,1,4,eb28786ca8e848574a08f703be21ed8764975085d1f303a1add12628c686b066,2026-09-21,Propuesta provisional: no acredita concesión definitiva. El importe de lista de espera no es ayuda concedida.
AEI-010500-2026-96,G66505751,ASSOCIACIÓ CLÚSTER DIGITAL DE CATALUNYA,GAIA: Generative Artificial Intelligence for Industrial Assistance,"297.376,00 €","236.249,00 €","297.376,00 €","236.249,00 €",Cataluña,"63,40",297376.00,236249.00,297376.00,236249.00,AEI-2026-010500-2026-96,2026,lista_espera_sin_concesion,63.4,,EUR,https://www.mintur.gob.es/PortalAyudas/AgrupacionesEmpresariales/Concesion/2026/Documents/Listado_PropResProvisional_ListaEspera.pdf,1,5,eb28786ca8e848574a08f703be21ed8764975085d1f303a1add12628c686b066,2026-09-21,Propuesta provisional: no acredita concesión definitiva. El importe de lista de espera no es ayuda concedida.
AEI-010500-2026-117,G75061242,"ASOCIACION CLUSTER DEL SECTOR DEL HABITAT, MADERA, OFICINA Y CONTRACT (HABIC)",IREKITECH - Investigación industrial para el desarrollo de un sistema de herraje y cajonera inteligente batteryless para mobiliario,"337.925,00 €","168.357,00 €","337.925,00 €","168.357,00 €",País Vasco,"63,13",337925.00,168357.00,337925.00,168357.00,AEI-2026-010500-2026-117,2026,lista_espera_sin_concesion,63.13,,EUR,https://www.mintur.gob.es/PortalAyudas/AgrupacionesEmpresariales/Concesion/2026/Documents/Listado_PropResProvisional_ListaEspera.pdf,1,6,eb28786ca8e848574a08f703be21ed8764975085d1f303a1add12628c686b066,2026-09-21,Propuesta provisional: no acredita concesión definitiva. El importe de lista de espera no es ayuda concedida.
AEI-010500-2026-56,G65270035,"CLÚSTER DE LAS TECNOLOGÍAS INTELIGENTES PARA LAS CIUDADES, LOS EDIFICIOS Y LA INDUSTRIA (SMARTECH CLUSTER)",Graph-LCA,"290.062,00 €","145.029,00 €","290.062,00 €","145.029,00 €",Cataluña,"63,12",290062.00,145029.00,290062.00,145029.00,AEI-2026-010500-2026-56,2026,lista_espera_sin_concesion,63.12,,EUR,https://www.mintur.gob.es/PortalAyudas/AgrupacionesEmpresariales/Concesion/2026/Documents/Listado_PropResProvisional_ListaEspera.pdf,1,7,eb28786ca8e848574a08f703be21ed8764975085d1f303a1add12628c686b066,2026-09-21,Propuesta provisional: no acredita concesión definitiva. El importe de lista de espera no es ayuda concedida.
AEI-010500-2026-161,G27407212,ASOCIACIÓN CLÚSTER ALIMENTARIO DE GALICIA,"CARBON NEUTRAL Y EFFICIENT FIRMS MEDIANTE INTELIGENCIA ARTIFICIAL, GEMELOS DIGITALES Y AGENTES INTELIGENTES PARA OPERACIONES INDUSTRIALES SOSTENIBLES","283.614,00 €","150.035,00 €","283.614,00 €","150.035,00 €",Galicia,"63,12",283614.00,150035.00,283614.00,150035.00,AEI-2026-010500-2026-161,2026,lista_espera_sin_concesion,63.12,,EUR,https://www.mintur.gob.es/PortalAyudas/AgrupacionesEmpresariales/Concesion/2026/Documents/Listado_PropResProvisional_ListaEspera.pdf,1,8,eb28786ca8e848574a08f703be21ed8764975085d1f303a1add12628c686b066,2026-09-21,Propuesta provisional: no acredita concesión definitiva. El importe de lista de espera no es ayuda concedida.
AEI-010500-2026-135,G65103905,SOUTHERN EUROPEAN CLUSTER IN PHOTONICS & OPTICS (SECPHO),SYNCHROBOT: Desarrollo y validación de un prototipo de subsistema robótico sincronizado con percepción del entorno para inspección avanzada de infraestructuras civiles mediante auscultación neutrónica (NDT),"312.459,00 €","249.966,00 €","167.580,00 €","134.063,00 €",Cataluña,"62,85",312459.00,249966.00,167580.00,134063.00,AEI-2026-010500-2026-135,2026,lista_espera_sin_concesion,62.85,,EUR,https://www.mintur.gob.es/PortalAyudas/AgrupacionesEmpresariales/Concesion/2026/Documents/Listado_PropResProvisional_ListaEspera.pdf,1,9,eb28786ca8e848574a08f703be21ed8764975085d1f303a1add12628c686b066,2026-09-21,Propuesta provisional: no acredita concesión definitiva. El importe de lista de espera no es ayuda concedida.
AEI-010500-2026-20,G99279911,ASOCIACIÓN CLÚSTER PARA EL USO EFICIENTE DEL AGUA (ZINNAE),SmartCor-Sistema inteligente de detección de corrosión,"158.523,00 €","79.260,00 €","158.523,00 €","79.260,00 €",Aragón,"62,84",158523.00,79260.00,158523.00,79260.00,AEI-2026-010500-2026-20,2026,lista_espera_sin_concesion,62.84,,EUR,https://www.mintur.gob.es/PortalAyudas/AgrupacionesEmpresariales/Concesion/2026/Documents/Listado_PropResProvisional_ListaEspera.pdf,1,10,eb28786ca8e848574a08f703be21ed8764975085d1f303a1add12628c686b066,2026-09-21,Propuesta provisional: no acredita concesión definitiva. El importe de lista de espera no es ayuda concedida.
AEI-010500-2026-71,G99252918,ASOCIACIÓN CLUSTER DE AUTOMOCIÓN DE ARAGÓN (CAAR),MOBICYB - Marco de Gobernanza mediante Inteligencia Artificial para la Excelencia en Ciberseguridad y Cumplimiento Normativo en la Cadena de Suministro de Automoción y Movilidad,"296.745,00 €","231.278,00 €","296.745,00 €","231.278,00 €",Aragón,"62,84",296745.00,231278.00,296745.00,231278.00,AEI-2026-010500-2026-71,2026,lista_espera_sin_concesion,62.84,,EUR,https://www.mintur.gob.es/PortalAyudas/AgrupacionesEmpresariales/Concesion/2026/Documents/Listado_PropResProvisional_ListaEspera.pdf,1,11,eb28786ca8e848574a08f703be21ed8764975085d1f303a1add12628c686b066,2026-09-21,Propuesta provisional: no acredita concesión definitiva. El importe de lista de espera no es ayuda concedida.
AEI-010500-2026-41,G47702287,CLÚSTER DE HÁBITAT EFICIENTE (AEICE),ROBENVOL. Robótica y Modelos Virtuales de obra automatizados para la Inspección Cohesionada de Envolventes Térmicas,"313.672,00 €","244.822,00 €","313.672,00 €","244.822,00 €",Castilla y León,"62,66",313672.00,244822.00,313672.00,244822.00,AEI-2026-010500-2026-41,2026,lista_espera_sin_concesion,62.66,,EUR,https://www.mintur.gob.es/PortalAyudas/AgrupacionesEmpresariales/Concesion/2026/Documents/Listado_PropResProvisional_ListaEspera.pdf,1,12,eb28786ca8e848574a08f703be21ed8764975085d1f303a1add12628c686b066,2026-09-21,Propuesta provisional: no acredita concesión definitiva. El importe de lista de espera no es ayuda concedida.
AEI-010500-2026-144,G66505751,ASSOCIACIÓ CLÚSTER DIGITAL DE CATALUNYA,InOut FII: Gestión Inteligente de calidad del aire y mejora de la eficiencia energética,"244.374,00 €","195.497,00 €","244.374,00 €","195.497,00 €",Cataluña,"62,65",244374.00,195497.00,244374.00,195497.00,AEI-2026-010500-2026-144,2026,lista_espera_sin_concesion,62.65,,EUR,https://www.mintur.gob.es/PortalAyudas/AgrupacionesEmpresariales/Concesion/2026/Documents/Listado_PropResProvisional_ListaEspera.pdf,1,13,eb28786ca8e848574a08f703be21ed8764975085d1f303a1add12628c686b066,2026-09-21,Propuesta provisional: no acredita concesión definitiva. El importe de lista de espera no es ayuda concedida.
AEI-010500-2026-88,G75061242,"ASOCIACION CLUSTER DEL SECTOR DEL HABITAT, MADERA, OFICINA Y CONTRACT (HABIC)",HAIA: Habitat Artificial Intelligence Assistant. Chatbots inteligentes para la comercialización y asistencia personalizada en el sector del hábitat,"373.069,00 €","186.533,00 €","373.069,00 €","186.533,00 €",País Vasco,"62,63",373069.00,186533.00,373069.00,186533.00,AEI-2026-010500-2026-88,2026,lista_espera_sin_concesion,62.63,,EUR,https://www.mintur.gob.es/PortalAyudas/AgrupacionesEmpresariales/Concesion/2026/Documents/Listado_PropResProvisional_ListaEspera.pdf,1,14,eb28786ca8e848574a08f703be21ed8764975085d1f303a1add12628c686b066,2026-09-21,Propuesta provisional: no acredita concesión definitiva. El importe de lista de espera no es ayuda concedida.
AEI-010500-2026-4,G02865541,"FEELING INNOVATION BY STANPA, ASOCIACION PARA LA INNOVACION EN PERFUME,COSMETICA Y CUIDADO PERSONAL",Data4DPP Beauty - Infraestructura de datos y validación inteligente para el Pasaporte Digital de Producto en cosmética,"257.815,00 €","206.250,00 €","244.903,00 €","195.920,00 €",Comunidad de Madrid,"62,38",257815.00,206250.00,244903.00,195920.00,AEI-2026-010500-2026-4,2026,lista_espera_sin_concesion,62.38,,EUR,https://www.mintur.gob.es/PortalAyudas/AgrupacionesEmpresariales/Concesion/2026/Documents/Listado_PropResProvisional_ListaEspera.pdf,1,15,eb28786ca8e848574a08f703be21ed8764975085d1f303a1add12628c686b066,2026-09-21,Propuesta provisional: no acredita concesión definitiva. El importe de lista de espera no es ayuda concedida.
AEI-010500-2026-36,G99252918,ASOCIACIÓN CLUSTER DE AUTOMOCIÓN DE ARAGÓN (CAAR),RAILMIND - Investigación para la automatización avanzada de conocimiento experto y habilidades humanas en procesos industriales inteligentes para la fabricación ferroviaria,"324.653,00 €","249.966,00 €","282.653,00 €","216.366,00 €",Aragón,"62,37",324653.00,249966.00,282653.00,216366.00,AEI-2026-010500-2026-36,2026,lista_espera_sin_concesion,62.37,,EUR,https://www.mintur.gob.es/PortalAyudas/AgrupacionesEmpresariales/Concesion/2026/Documents/Listado_PropResProvisional_ListaEspera.pdf,1,16,eb28786ca8e848574a08f703be21ed8764975085d1f303a1add12628c686b066,2026-09-21,Propuesta provisional: no acredita concesión definitiva. El importe de lista de espera no es ayuda concedida.
AEI-010500-2026-65,G64862717,ASOCIACIÓN CATALANA PARA LA INNOVACIÓN Y LA INTERNACIONALIZACIÓN DEL SECTOR DEL AGUA (CATALAN WATER PARTNERSHIP),Desarrollo de un sistema de gestión de la Presión de red en Remoto y Modelización Inteligente de los flujos de Agua - PREMIA,"411.440,00 €","202.198,00 €","411.440,00 €","202.198,00 €",Cataluña,"62,24",411440.00,202198.00,411440.00,202198.00,AEI-2026-010500-2026-65,2026,lista_espera_sin_concesion,62.24,,EUR,https://www.mintur.gob.es/PortalAyudas/AgrupacionesEmpresariales/Concesion/2026/Documents/Listado_PropResProvisional_ListaEspera.pdf,1,17,eb28786ca8e848574a08f703be21ed8764975085d1f303a1add12628c686b066,2026-09-21,Propuesta provisional: no acredita concesión definitiva. El importe de lista de espera no es ayuda concedida.
AEI-010500-2026-44,G43831338,"CENTRE DE DIFUSIO TECNOLOGICA DE LA FUSTA I EL MOBLE DE CATALUNYA, FUNDACIO PRIVADA",IPEMHA: Investigación en modelos de IA agéntica para la generación automática del Presupuesto de Ejecución Material en proyectos contract hospitality,"317.503,00 €","246.968,00 €","317.503,00 €","246.968,00 €",Cataluña,"62,01",317503.00,246968.00,317503.00,246968.00,AEI-2026-010500-2026-44,2026,lista_espera_sin_concesion,62.01,,EUR,https://www.mintur.gob.es/PortalAyudas/AgrupacionesEmpresariales/Concesion/2026/Documents/Listado_PropResProvisional_ListaEspera.pdf,2,1,eb28786ca8e848574a08f703be21ed8764975085d1f303a1add12628c686b066,2026-09-21,Propuesta provisional: no acredita concesión definitiva. El importe de lista de espera no es ayuda concedida.
AEI-010500-2026-45,G47702287,CLÚSTER DE HÁBITAT EFICIENTE (AEICE),AERIA _Análisis de Edificabilidad y Remonta para la Intensificación del Hábitat,"297.553,00 €","238.039,00 €","297.553,00 €","238.039,00 €",Castilla y León,"61,96",297553.00,238039.00,297553.00,238039.00,AEI-2026-010500-2026-45,2026,lista_espera_sin_concesion,61.96,,EUR,https://www.mintur.gob.es/PortalAyudas/AgrupacionesEmpresariales/Concesion/2026/Documents/Listado_PropResProvisional_ListaEspera.pdf,2,2,eb28786ca8e848574a08f703be21ed8764975085d1f303a1add12628c686b066,2026-09-21,Propuesta provisional: no acredita concesión definitiva. El importe de lista de espera no es ayuda concedida.
AEI-010500-2026-109,G19532209,"CLUSTER DE EMPRESAS DIGITALES, SOSTENIBLES E INDUSTRIAS INNOVADORAS (ONTECH INNOVATION)","Plataforma integral para la gestión unificada de operaciones portuarias críticas, emergencias y simulacros, con trazabilidad completa, cumplimiento normativo y mejora?continua?basada en datos, ""PORT-RESCUE 360""","307.586,00 €","184.550,00 €","307.586,00 €","184.550,00 €",Andalucía,"61,83",307586.00,184550.00,307586.00,184550.00,AEI-2026-010500-2026-109,2026,lista_espera_sin_concesion,61.83,,EUR,https://www.mintur.gob.es/PortalAyudas/AgrupacionesEmpresariales/Concesion/2026/Documents/Listado_PropResProvisional_ListaEspera.pdf,2,3,eb28786ca8e848574a08f703be21ed8764975085d1f303a1add12628c686b066,2026-09-21,Propuesta provisional: no acredita concesión definitiva. El importe de lista de espera no es ayuda concedida.
AEI-010500-2026-137,G65920035,ASSOCIACIÓ CLUSTER DEL PACKAGING,ReACTIVA. Innovación en la Reutilización de Envases para el Futuro Circular del Retail,"332.870,00 €","249.801,00 €","332.870,00 €","249.801,00 €",Cataluña,"61,45",332870.00,249801.00,332870.00,249801.00,AEI-2026-010500-2026-137,2026,lista_espera_sin_concesion,61.45,,EUR,https://www.mintur.gob.es/PortalAyudas/AgrupacionesEmpresariales/Concesion/2026/Documents/Listado_PropResProvisional_ListaEspera.pdf,2,4,eb28786ca8e848574a08f703be21ed8764975085d1f303a1add12628c686b066,2026-09-21,Propuesta provisional: no acredita concesión definitiva. El importe de lista de espera no es ayuda concedida.
AEI-010500-2026-150,G99539363,CLUSTER ESPAÑOL DE PRODUCTORES DE GANADO PORCINO,Investigación industrial para detección temprana de caudofagia en porcino mediante integración multimodal de biomarcadores de estrés e IA comportamental (CAUDASENSE),"212.557,00 €","158.194,00 €","212.557,00 €","158.194,00 €",Aragón,"61,34",212557.00,158194.00,212557.00,158194.00,AEI-2026-010500-2026-150,2026,lista_espera_sin_concesion,61.34,,EUR,https://www.mintur.gob.es/PortalAyudas/AgrupacionesEmpresariales/Concesion/2026/Documents/Listado_PropResProvisional_ListaEspera.pdf,2,5,eb28786ca8e848574a08f703be21ed8764975085d1f303a1add12628c686b066,2026-09-21,Propuesta provisional: no acredita concesión definitiva. El importe de lista de espera no es ayuda concedida.
AEI-010500-2026-83,G47702287,CLÚSTER DE HÁBITAT EFICIENTE (AEICE),RECOP_ Sistema avanzado de apoyo a la decisión para la reducción de vulnerabilidades y recuperación operativa de infraestructuras viarias,"329.568,00 €","249.896,00 €","280.087,00 €","210.312,00 €",Castilla y León,"61,29",329568.00,249896.00,280087.00,210312.00,AEI-2026-010500-2026-83,2026,lista_espera_sin_concesion,61.29,,EUR,https://www.mintur.gob.es/PortalAyudas/AgrupacionesEmpresariales/Concesion/2026/Documents/Listado_PropResProvisional_ListaEspera.pdf,2,6,eb28786ca8e848574a08f703be21ed8764975085d1f303a1add12628c686b066,2026-09-21,Propuesta provisional: no acredita concesión definitiva. El importe de lista de espera no es ayuda concedida.
AEI-010500-2026-12,G93341170,ASOCIACIÓN EMPRESARIAL MULTISECTORIAL INNOVADORA PARA LAS CIUDADES INTELIGENTES (CLUSTER ANDALUCÍA SMART CITY),CAMPUS DIGITAL TWIN - Plataforma Inteligente de Gestión de Activos Complejos,"305.562,00 €","244.448,00 €","157.774,00 €","126.218,00 €",Andalucía,"61,09",305562.00,244448.00,157774.00,126218.00,AEI-2026-010500-2026-12,2026,lista_espera_sin_concesion,61.09,,EUR,https://www.mintur.gob.es/PortalAyudas/AgrupacionesEmpresariales/Concesion/2026/Documents/Listado_PropResProvisional_ListaEspera.pdf,2,7,eb28786ca8e848574a08f703be21ed8764975085d1f303a1add12628c686b066,2026-09-21,Propuesta provisional: no acredita concesión definitiva. El importe de lista de espera no es ayuda concedida.
AEI-010500-2026-1,G97857692,ASOC. CLUSTER DE ENVASE Y EMBALAJE COM. VALENCIANA,"VISIONPACK. Desarrollo de un sistema inteligente para la gestión en tiempo real de almacenes, basado en visión artificial e IA, que optimiza la trazabilidad y gestión de envases terciarios, la volumetría de la carga y la sostenibilidad en logística","222.489,00 €","176.375,00 €","222.489,00 €","176.375,00 €",Comunitat Valenciana,"61,02",222489.00,176375.00,222489.00,176375.00,AEI-2026-010500-2026-1,2026,lista_espera_sin_concesion,61.02,,EUR,https://www.mintur.gob.es/PortalAyudas/AgrupacionesEmpresariales/Concesion/2026/Documents/Listado_PropResProvisional_ListaEspera.pdf,2,8,eb28786ca8e848574a08f703be21ed8764975085d1f303a1add12628c686b066,2026-09-21,Propuesta provisional: no acredita concesión definitiva. El importe de lista de espera no es ayuda concedida.
AEI-010500-2026-63,G99299299,ASOCIACIÓN LOGÍSTICA INNOVADORA DE ARAGÓN (ALIA),AUTODELIVERY: Investigación de Nuevos Modelos Operativos y Tecnologías de Conducción Autónoma para la Transformación Integral y Sostenible de la Cadena de Suministro de Última Milla,"268.717,00 €","199.653,00 €","268.717,00 €","199.653,00 €",Aragón,"60,92",268717.00,199653.00,268717.00,199653.00,AEI-2026-010500-2026-63,2026,lista_espera_sin_concesion,60.92,,EUR,https://www.mintur.gob.es/PortalAyudas/AgrupacionesEmpresariales/Concesion/2026/Documents/Listado_PropResProvisional_ListaEspera.pdf,2,9,eb28786ca8e848574a08f703be21ed8764975085d1f303a1add12628c686b066,2026-09-21,Propuesta provisional: no acredita concesión definitiva. El importe de lista de espera no es ayuda concedida.
AEI-010500-2026-87,G22943468,ASOCIACIÓN CLUSTER EMPRESARIAL PARA LA INNOVACIÓN DE LAS EMPRESAS QUÍMICAS Y PLÁSTICOS DE ARAGÓN,Investigación de casos de uso de robótica automatizada para la manipulación en operaciones logísticas en la industria química,"310.768,00 €","222.444,00 €","310.768,00 €","222.444,00 €",Aragón,"60,59",310768.00,222444.00,310768.00,222444.00,AEI-2026-010500-2026-87,2026,lista_espera_sin_concesion,60.59,,EUR,https://www.mintur.gob.es/PortalAyudas/AgrupacionesEmpresariales/Concesion/2026/Documents/Listado_PropResProvisional_ListaEspera.pdf,2,10,eb28786ca8e848574a08f703be21ed8764975085d1f303a1add12628c686b066,2026-09-21,Propuesta provisional: no acredita concesión definitiva. El importe de lista de espera no es ayuda concedida.
AEI-010500-2026-9,G36983575,FUNDACIÓN CLUSTER DE AUTOMOCIÓN Y MOVILIDAD DE GALICIA (CEAGA),SmartDailyAI: Sistema inteligente para la gestión operativa y resolución de problemas mediante IA,"299.456,00 €","129.106,00 €","299.456,00 €","129.106,00 €",Galicia,"60,52",299456.00,129106.00,299456.00,129106.00,AEI-2026-010500-2026-9,2026,lista_espera_sin_concesion,60.52,,EUR,https://www.mintur.gob.es/PortalAyudas/AgrupacionesEmpresariales/Concesion/2026/Documents/Listado_PropResProvisional_ListaEspera.pdf,2,11,eb28786ca8e848574a08f703be21ed8764975085d1f303a1add12628c686b066,2026-09-21,Propuesta provisional: no acredita concesión definitiva. El importe de lista de espera no es ayuda concedida.
AEI-010500-2026-69,G64935851,ASSOCIACIO CLUSTER DE L'ENERGIA EFICIENT DE CATALUNYA,NEXODATA Plataforma de conexión inteligente entre datos industriales y servicios energéticos.,"298.742,00 €","238.991,00 €","298.742,00 €","238.991,00 €",Cataluña,"60,49",298742.00,238991.00,298742.00,238991.00,AEI-2026-010500-2026-69,2026,lista_espera_sin_concesion,60.49,,EUR,https://www.mintur.gob.es/PortalAyudas/AgrupacionesEmpresariales/Concesion/2026/Documents/Listado_PropResProvisional_ListaEspera.pdf,2,12,eb28786ca8e848574a08f703be21ed8764975085d1f303a1add12628c686b066,2026-09-21,Propuesta provisional: no acredita concesión definitiva. El importe de lista de espera no es ayuda concedida.
AEI-010500-2026-7,G66522269,ASSOCIACIÓ CLÚSTER DE MATERIALS AVANÇATS DE CATALUNYA,MIOWEAR: Plataforma digital wearable no invasiva para el seguimiento de la carga fisiológica del deportista,"330.614,00 €","244.749,00 €","318.254,00 €","234.933,00 €",Cataluña,"60,48",330614.00,244749.00,318254.00,234933.00,AEI-2026-010500-2026-7,2026,lista_espera_sin_concesion,60.48,,EUR,https://www.mintur.gob.es/PortalAyudas/AgrupacionesEmpresariales/Concesion/2026/Documents/Listado_PropResProvisional_ListaEspera.pdf,2,13,eb28786ca8e848574a08f703be21ed8764975085d1f303a1add12628c686b066,2026-09-21,Propuesta provisional: no acredita concesión definitiva. El importe de lista de espera no es ayuda concedida.
AEI-010500-2026-143,G99374050,ASOCIACIÓN CLUSTER DE LA SALUD DE ARAGÓN,DEEP SPACE: Vigilancia de la Salud Pública e investigación del impacto de resistencias antimicrobianas y patógenos emergentes en España mediante un espacio de datos de sanidad animal con perspectiva One Health,"231.643,00 €","173.244,00 €","186.081,00 €","143.629,00 €",Aragón,"60,46",231643.00,173244.00,186081.00,143629.00,AEI-2026-010500-2026-143,2026,lista_espera_sin_concesion,60.46,,EUR,https://www.mintur.gob.es/PortalAyudas/AgrupacionesEmpresariales/Concesion/2026/Documents/Listado_PropResProvisional_ListaEspera.pdf,2,14,eb28786ca8e848574a08f703be21ed8764975085d1f303a1add12628c686b066,2026-09-21,Propuesta provisional: no acredita concesión definitiva. El importe de lista de espera no es ayuda concedida.
AEI-010500-2026-22,G65103905,SOUTHERN EUROPEAN CLUSTER IN PHOTONICS & OPTICS (SECPHO),SISTDECARD: Sistema IoMT ergonómico para monitorización hemodinámica y respiratoria no invasiva en la detección temprana de pacientes con insuficiencia cardíaca congestiva bajo norma MDR,"273.985,00 €","219.187,00 €","163.054,00 €","130.442,00 €",Cataluña,"60,36",273985.00,219187.00,163054.00,130442.00,AEI-2026-010500-2026-22,2026,lista_espera_sin_concesion,60.36,,EUR,https://www.mintur.gob.es/PortalAyudas/AgrupacionesEmpresariales/Concesion/2026/Documents/Listado_PropResProvisional_ListaEspera.pdf,2,15,eb28786ca8e848574a08f703be21ed8764975085d1f303a1add12628c686b066,2026-09-21,Propuesta provisional: no acredita concesión definitiva. El importe de lista de espera no es ayuda concedida.
AEI-010500-2026-43,G99299299,ASOCIACIÓN LOGÍSTICA INNOVADORA DE ARAGÓN (ALIA),"PHARMASYNC: Sistema inteligente de validación, optimización y automatización de la logística farmacéutica mediante IA","308.148,00 €","224.626,00 €","308.148,00 €","224.626,00 €",Aragón,"60,31",308148.00,224626.00,308148.00,224626.00,AEI-2026-010500-2026-43,2026,lista_espera_sin_concesion,60.31,,EUR,https://www.mintur.gob.es/PortalAyudas/AgrupacionesEmpresariales/Concesion/2026/Documents/Listado_PropResProvisional_ListaEspera.pdf,2,16,eb28786ca8e848574a08f703be21ed8764975085d1f303a1add12628c686b066,2026-09-21,Propuesta provisional: no acredita concesión definitiva. El importe de lista de espera no es ayuda concedida.
AEI-010500-2026-61,G47702287,CLÚSTER DE HÁBITAT EFICIENTE (AEICE),ARCA. Activos en Red de Confianza y Autonomía,"315.751,00 €","249.949,00 €","315.751,00 €","249.949,00 €",Castilla y León,"60,21",315751.00,249949.00,315751.00,249949.00,AEI-2026-010500-2026-61,2026,lista_espera_sin_concesion,60.21,,EUR,https://www.mintur.gob.es/PortalAyudas/AgrupacionesEmpresariales/Concesion/2026/Documents/Listado_PropResProvisional_ListaEspera.pdf,2,17,eb28786ca8e848574a08f703be21ed8764975085d1f303a1add12628c686b066,2026-09-21,Propuesta provisional: no acredita concesión definitiva. El importe de lista de espera no es ayuda concedida.
AEI-010200-2026-1,G75968388,Asociación Clúster Industrial de la Construcción de Aragón,Puesta en marcha y desarrollo de las estructuras de coordinación y gestión de CICA - Clúster Industrial de la Construcción de Aragón.,"29.982,00 €","14.991,00 €","29.982,00 €","14.991,00 €",Aragón,"60,20",29982.00,14991.00,29982.00,14991.00,AEI-2026-010200-2026-1,2026,lista_espera_sin_concesion,60.2,,EUR,https://www.mintur.gob.es/PortalAyudas/AgrupacionesEmpresariales/Concesion/2026/Documents/Listado_PropResProvisional_ListaEspera.pdf,3,1,eb28786ca8e848574a08f703be21ed8764975085d1f303a1add12628c686b066,2026-09-21,Propuesta provisional: no acredita concesión definitiva. El importe de lista de espera no es ayuda concedida.
AEI-010500-2026-134,G66028978,ASSOCIACIO CLUSTER DE LA INDUSTRIA D'AUTOMOCIO DE CATALUNYA (CIAC),Robótica humanoide colaborativa para la autonomía estratégica de las operaciones logísticas en la industria,"359.051,00 €","209.920,00 €","204.368,00 €","111.603,00 €",Cataluña,"59,79",359051.00,209920.00,204368.00,111603.00,AEI-2026-010500-2026-134,2026,lista_espera_sin_concesion,59.79,,EUR,https://www.mintur.gob.es/PortalAyudas/AgrupacionesEmpresariales/Concesion/2026/Documents/Listado_PropResProvisional_ListaEspera.pdf,3,2,eb28786ca8e848574a08f703be21ed8764975085d1f303a1add12628c686b066,2026-09-21,Propuesta provisional: no acredita concesión definitiva. El importe de lista de espera no es ayuda concedida.
AEI-010500-2026-6,G39605605,ASOCIACIÓN FORO DE AUTOMOCIÓN DE CANTABRIA GRUPO DE INICIATIVAS REGIONALES DE AUTOMOCIÓN GIRA,"SMART-MOLD ""Plataforma flexible de detección adaptativa de anomalías en procesos de inyección plástica para tiradas cortas sin histórico de defectos""","154.782,00 €","77.390,00 €","154.782,00 €","77.390,00 €",Cantabria,"59,57",154782.00,77390.00,154782.00,77390.00,AEI-2026-010500-2026-6,2026,lista_espera_sin_concesion,59.57,,EUR,https://www.mintur.gob.es/PortalAyudas/AgrupacionesEmpresariales/Concesion/2026/Documents/Listado_PropResProvisional_ListaEspera.pdf,3,3,eb28786ca8e848574a08f703be21ed8764975085d1f303a1add12628c686b066,2026-09-21,Propuesta provisional: no acredita concesión definitiva. El importe de lista de espera no es ayuda concedida.
AEI-010500-2026-17,G93341170,ASOCIACIÓN EMPRESARIAL MULTISECTORIAL INNOVADORA PARA LAS CIUDADES INTELIGENTES (CLUSTER ANDALUCÍA SMART CITY),MANTRA - Investigación sobre MANtenimiento y Telemetría para la Resiliencia de Activos en flotas de servicio público,"235.217,00 €","177.379,00 €","235.217,00 €","177.379,00 €",Andalucía,"59,43",235217.00,177379.00,235217.00,177379.00,AEI-2026-010500-2026-17,2026,lista_espera_sin_concesion,59.43,,EUR,https://www.mintur.gob.es/PortalAyudas/AgrupacionesEmpresariales/Concesion/2026/Documents/Listado_PropResProvisional_ListaEspera.pdf,3,4,eb28786ca8e848574a08f703be21ed8764975085d1f303a1add12628c686b066,2026-09-21,Propuesta provisional: no acredita concesión definitiva. El importe de lista de espera no es ayuda concedida.
AEI-010500-2026-95,G64935851,ASSOCIACIO CLUSTER DE L'ENERGIA EFICIENT DE CATALUNYA,INERSIA+: INteligencia EneRgética para Sistemas y áreas Industriales de Autoconsumo colectivo con almacenamiento,"362.586,00 €","217.549,00 €","362.586,00 €","217.549,00 €",Cataluña,"59,43",362586.00,217549.00,362586.00,217549.00,AEI-2026-010500-2026-95,2026,lista_espera_sin_concesion,59.43,,EUR,https://www.mintur.gob.es/PortalAyudas/AgrupacionesEmpresariales/Concesion/2026/Documents/Listado_PropResProvisional_ListaEspera.pdf,3,5,eb28786ca8e848574a08f703be21ed8764975085d1f303a1add12628c686b066,2026-09-21,Propuesta provisional: no acredita concesión definitiva. El importe de lista de espera no es ayuda concedida.
AEI-010500-2026-154,G32290439,CLUSTER DE LA MADERA DE GALICIA,SAFEWOOD: Proyecto colaborativo de investigación y desarrollo orientado a mejorar la seguridad laboral en el entorno forestal mediante la aplicación de tecnologías habilitadoras de la industria 4.0,"232.145,00 €","182.706,00 €","232.145,00 €","133.268,00 €",Galicia,"59,32",232145.00,182706.00,232145.00,133268.00,AEI-2026-010500-2026-154,2026,lista_espera_sin_concesion,59.32,,EUR,https://www.mintur.gob.es/PortalAyudas/AgrupacionesEmpresariales/Concesion/2026/Documents/Listado_PropResProvisional_ListaEspera.pdf,3,6,eb28786ca8e848574a08f703be21ed8764975085d1f303a1add12628c686b066,2026-09-21,Propuesta provisional: no acredita concesión definitiva. El importe de lista de espera no es ayuda concedida.
AEI-010500-2026-129,G33906462,ASOCIACION CLUSTER DE TECNOLOGIAS DE LA INFORMACION Y LA COMUNICACION DE ASTURIAS,QUANTUM CHECK - Modelos cuánticos para la inspección automática de defectos industriales,"269.540,00 €","208.978,00 €","269.540,00 €","208.978,00 €","Asturias, Principado de","59,10",269540.00,208978.00,269540.00,208978.00,AEI-2026-010500-2026-129,2026,lista_espera_sin_concesion,59.1,,EUR,https://www.mintur.gob.es/PortalAyudas/AgrupacionesEmpresariales/Concesion/2026/Documents/Listado_PropResProvisional_ListaEspera.pdf,3,7,eb28786ca8e848574a08f703be21ed8764975085d1f303a1add12628c686b066,2026-09-21,Propuesta provisional: no acredita concesión definitiva. El importe de lista de espera no es ayuda concedida.
AEI-010500-2026-132,G48763858,ASOCIACIÓN CLUSTER DE INDUSTRIAS DE MEDIO AMBIENTE DE EUSKADI (ACLIMA),"FLOC-AIR PILOT -Desarrollo y validación de una planta piloto modular para la optimización físico- química de residuos líquidos y lodos mediante módulos de mezcla, aireación y agitación de alta eficiencia","249.220,00 €","124.610,00 €","249.220,00 €","124.610,00 €",País Vasco,"59,09",249220.00,124610.00,249220.00,124610.00,AEI-2026-010500-2026-132,2026,lista_espera_sin_concesion,59.09,,EUR,https://www.mintur.gob.es/PortalAyudas/AgrupacionesEmpresariales/Concesion/2026/Documents/Listado_PropResProvisional_ListaEspera.pdf,3,8,eb28786ca8e848574a08f703be21ed8764975085d1f303a1add12628c686b066,2026-09-21,Propuesta provisional: no acredita concesión definitiva. El importe de lista de espera no es ayuda concedida.
AEI-010500-2026-86,G65270035,"CLÚSTER DE LAS TECNOLOGÍAS INTELIGENTES PARA LAS CIUDADES, LOS EDIFICIOS Y LA INDUSTRIA (SMARTECH CLUSTER)","SHERLOCK-DT: Semantic Hybrid Engine for Robotic Line Observation, Comparison and Knowledge in Digital Twins","258.857,00 €","200.565,00 €","258.857,00 €","200.565,00 €",Cataluña,"58,83",258857.00,200565.00,258857.00,200565.00,AEI-2026-010500-2026-86,2026,lista_espera_sin_concesion,58.83,,EUR,https://www.mintur.gob.es/PortalAyudas/AgrupacionesEmpresariales/Concesion/2026/Documents/Listado_PropResProvisional_ListaEspera.pdf,3,9,eb28786ca8e848574a08f703be21ed8764975085d1f303a1add12628c686b066,2026-09-21,Propuesta provisional: no acredita concesión definitiva. El importe de lista de espera no es ayuda concedida.
AEI-010500-2026-46,G10712180,ASOCIACIÓN CLUSTER EPI'S SALUD,PARQUE INDUSTRIAL VIRTUAL PARA LA INDEPENDENCIA ESTRATÉGICA DEL SECTOR DE EQUIPOS DE PROTECCIÓN INDIVIDUAL Y PRODUCTOS SANITARIOS,"181.836,00 €","142.294,00 €","181.836,00 €","142.294,00 €","Asturias, Principado de","58,63",181836.00,142294.00,181836.00,142294.00,AEI-2026-010500-2026-46,2026,lista_espera_sin_concesion,58.63,,EUR,https://www.mintur.gob.es/PortalAyudas/AgrupacionesEmpresariales/Concesion/2026/Documents/Listado_PropResProvisional_ListaEspera.pdf,3,10,eb28786ca8e848574a08f703be21ed8764975085d1f303a1add12628c686b066,2026-09-21,Propuesta provisional: no acredita concesión definitiva. El importe de lista de espera no es ayuda concedida.
AEI-010500-2026-90,G47708177,CLUSTER SOLUCIONES INNOVADORAS PARA LA VIDA INDEPENDIENTE (SIVI),"BioTex: Investigación de soluciones textiles inteligentes, para monitorización biomecánica distribuida, aplicada a rehabilitación, actividad física, salud laboral y protección","228.985,00 €","169.120,00 €","198.816,00 €","144.986,00 €",Castilla y León,"58,43",228985.00,169120.00,198816.00,144986.00,AEI-2026-010500-2026-90,2026,lista_espera_sin_concesion,58.43,,EUR,https://www.mintur.gob.es/PortalAyudas/AgrupacionesEmpresariales/Concesion/2026/Documents/Listado_PropResProvisional_ListaEspera.pdf,3,11,eb28786ca8e848574a08f703be21ed8764975085d1f303a1add12628c686b066,2026-09-21,Propuesta provisional: no acredita concesión definitiva. El importe de lista de espera no es ayuda concedida.
AEI-010500-2026-15,G19532209,"CLUSTER DE EMPRESAS DIGITALES, SOSTENIBLES E INDUSTRIAS INNOVADORAS (ONTECH INNOVATION)","Plataforma inteligente basada en IA para la vigilancia y control autónomo de mosquitos en entornos urbanos, ""SMARTTRAP""","354.209,00 €","179.651,00 €","354.209,00 €","179.651,00 €",Andalucía,"58,18",354209.00,179651.00,354209.00,179651.00,AEI-2026-010500-2026-15,2026,lista_espera_sin_concesion,58.18,,EUR,https://www.mintur.gob.es/PortalAyudas/AgrupacionesEmpresariales/Concesion/2026/Documents/Listado_PropResProvisional_ListaEspera.pdf,3,12,eb28786ca8e848574a08f703be21ed8764975085d1f303a1add12628c686b066,2026-09-21,Propuesta provisional: no acredita concesión definitiva. El importe de lista de espera no es ayuda concedida.
AEI-010500-2026-40,G99299299,ASOCIACIÓN LOGÍSTICA INNOVADORA DE ARAGÓN (ALIA),URBANLOG: Estrategias Digitales y Tecnológicas para la Integración de Logística Aérea Sostenible en Última Milla,"318.498,00 €","247.589,00 €","318.498,00 €","247.589,00 €",Aragón,"58,13",318498.00,247589.00,318498.00,247589.00,AEI-2026-010500-2026-40,2026,lista_espera_sin_concesion,58.13,,EUR,https://www.mintur.gob.es/PortalAyudas/AgrupacionesEmpresariales/Concesion/2026/Documents/Listado_PropResProvisional_ListaEspera.pdf,3,13,eb28786ca8e848574a08f703be21ed8764975085d1f303a1add12628c686b066,2026-09-21,Propuesta provisional: no acredita concesión definitiva. El importe de lista de espera no es ayuda concedida.
AEI-010500-2026-25,G64862717,ASOCIACIÓN CATALANA PARA LA INNOVACIÓN Y LA INTERNACIONALIZACIÓN DEL SECTOR DEL AGUA (CATALAN WATER PARTNERSHIP),Desarrollo de una solución digital para la predicción temprana de inundaciones a partir de datos de precipitación - FLOODCAST AI,"310.637,00 €","155.317,00 €","310.637,00 €","155.317,00 €",Cataluña,"57,97",310637.00,155317.00,310637.00,155317.00,AEI-2026-010500-2026-25,2026,lista_espera_sin_concesion,57.97,,EUR,https://www.mintur.gob.es/PortalAyudas/AgrupacionesEmpresariales/Concesion/2026/Documents/Listado_PropResProvisional_ListaEspera.pdf,3,14,eb28786ca8e848574a08f703be21ed8764975085d1f303a1add12628c686b066,2026-09-21,Propuesta provisional: no acredita concesión definitiva. El importe de lista de espera no es ayuda concedida.
AEI-010500-2026-24,G66522269,ASSOCIACIÓ CLÚSTER DE MATERIALS AVANÇATS DE CATALUNYA,Building ReValue: Herramienta de cribado temprano del potencial circular en procesos de renovación de edificios orientada a la reducción del carbono embebido,"242.210,00 €","185.789,00 €","242.210,00 €","185.789,00 €",Cataluña,"57,96",242210.00,185789.00,242210.00,185789.00,AEI-2026-010500-2026-24,2026,lista_espera_sin_concesion,57.96,,EUR,https://www.mintur.gob.es/PortalAyudas/AgrupacionesEmpresariales/Concesion/2026/Documents/Listado_PropResProvisional_ListaEspera.pdf,3,15,eb28786ca8e848574a08f703be21ed8764975085d1f303a1add12628c686b066,2026-09-21,Propuesta provisional: no acredita concesión definitiva. El importe de lista de espera no es ayuda concedida.
AEI-010500-2026-23,G64862717,ASOCIACIÓN CATALANA PARA LA INNOVACIÓN Y LA INTERNACIONALIZACIÓN DEL SECTOR DEL AGUA (CATALAN WATER PARTNERSHIP),REHABSANEA: Herramienta Inteligente para la Predicción y Avaluación de Infraestructuras de Saneamiento,"311.972,00 €","162.557,00 €","311.972,00 €","162.557,00 €",Cataluña,"57,75",311972.00,162557.00,311972.00,162557.00,AEI-2026-010500-2026-23,2026,lista_espera_sin_concesion,57.75,,EUR,https://www.mintur.gob.es/PortalAyudas/AgrupacionesEmpresariales/Concesion/2026/Documents/Listado_PropResProvisional_ListaEspera.pdf,4,1,eb28786ca8e848574a08f703be21ed8764975085d1f303a1add12628c686b066,2026-09-21,Propuesta provisional: no acredita concesión definitiva. El importe de lista de espera no es ayuda concedida.
AEI-010500-2026-124,G19532209,"CLUSTER DE EMPRESAS DIGITALES, SOSTENIBLES E INDUSTRIAS INNOVADORAS (ONTECH INNOVATION)","Plataforma Inteligente para la Detección Temprana de Complicaciones en Aneurismas mediante IA y Espacios de Datos Sanitarios, ""AURORA""","317.304,00 €","249.995,00 €","317.304,00 €","249.995,00 €",Andalucía,"57,70",317304.00,249995.00,317304.00,249995.00,AEI-2026-010500-2026-124,2026,lista_espera_sin_concesion,57.7,,EUR,https://www.mintur.gob.es/PortalAyudas/AgrupacionesEmpresariales/Concesion/2026/Documents/Listado_PropResProvisional_ListaEspera.pdf,4,2,eb28786ca8e848574a08f703be21ed8764975085d1f303a1add12628c686b066,2026-09-21,Propuesta provisional: no acredita concesión definitiva. El importe de lista de espera no es ayuda concedida.
AEI-010500-2026-107,G99299299,ASOCIACIÓN LOGÍSTICA INNOVADORA DE ARAGÓN (ALIA),HYDRA: Investigación de una arquitectura híbrida de descarbonización y recuperación circular de CO2 en el transporte pesado,"332.321,00 €","248.055,00 €","332.321,00 €","248.055,00 €",Aragón,"57,56",332321.00,248055.00,332321.00,248055.00,AEI-2026-010500-2026-107,2026,lista_espera_sin_concesion,57.56,,EUR,https://www.mintur.gob.es/PortalAyudas/AgrupacionesEmpresariales/Concesion/2026/Documents/Listado_PropResProvisional_ListaEspera.pdf,4,3,eb28786ca8e848574a08f703be21ed8764975085d1f303a1add12628c686b066,2026-09-21,Propuesta provisional: no acredita concesión definitiva. El importe de lista de espera no es ayuda concedida.
AEI-010500-2026-5,G28073641,CONSORCIO NACIONAL DE INDUSTRIALES DEL CAUCHO,Investigación de nueva metodología para medir densidad en perfiles de aislamiento espumados para automoción en un entorno digital mediante visión artificial y software basado en redes neuronales- IA,"322.133,00 €","249.929,00 €","322.133,00 €","249.929,00 €",Comunidad de Madrid,"57,42",322133.00,249929.00,322133.00,249929.00,AEI-2026-010500-2026-5,2026,lista_espera_sin_concesion,57.42,,EUR,https://www.mintur.gob.es/PortalAyudas/AgrupacionesEmpresariales/Concesion/2026/Documents/Listado_PropResProvisional_ListaEspera.pdf,4,4,eb28786ca8e848574a08f703be21ed8764975085d1f303a1add12628c686b066,2026-09-21,Propuesta provisional: no acredita concesión definitiva. El importe de lista de espera no es ayuda concedida.
AEI-010600-2026-2,G36983575,FUNDACIÓN CLUSTER DE AUTOMOCIÓN Y MOVILIDAD DE GALICIA (CEAGA),MOVINDUSTRY: Modelo de movilidad industrial inteligente y sostenible,"60.255,00 €","30.127,00 €","60.255,00 €","30.127,00 €",Galicia,"57,40",60255.00,30127.00,60255.00,30127.00,AEI-2026-010600-2026-2,2026,lista_espera_sin_concesion,57.4,,EUR,https://www.mintur.gob.es/PortalAyudas/AgrupacionesEmpresariales/Concesion/2026/Documents/Listado_PropResProvisional_ListaEspera.pdf,4,5,eb28786ca8e848574a08f703be21ed8764975085d1f303a1add12628c686b066,2026-09-21,Propuesta provisional: no acredita concesión definitiva. El importe de lista de espera no es ayuda concedida.
AEI-010500-2026-59,G99299299,ASOCIACIÓN LOGÍSTICA INNOVADORA DE ARAGÓN (ALIA),MOBILE LOCKERS: Investigación y Desarrollo de un Sistema de Taquillas Inteligentes Itinerantes y Multi-Operador para la Optimización de la Última Milla en Entornos Rurales y de Alta Demanda,"287.159,00 €","223.536,00 €","287.159,00 €","219.666,00 €",Aragón,"57,20",287159.00,223536.00,287159.00,219666.00,AEI-2026-010500-2026-59,2026,lista_espera_sin_concesion,57.2,,EUR,https://www.mintur.gob.es/PortalAyudas/AgrupacionesEmpresariales/Concesion/2026/Documents/Listado_PropResProvisional_ListaEspera.pdf,4,6,eb28786ca8e848574a08f703be21ed8764975085d1f303a1add12628c686b066,2026-09-21,Propuesta provisional: no acredita concesión definitiva. El importe de lista de espera no es ayuda concedida.
AEI-010600-2026-9,G75061242,"ASOCIACION CLUSTER DEL SECTOR DEL HABITAT, MADERA, OFICINA Y CONTRACT (HABIC)",FURNEB - Estudio de viabilidad para una propuesta AEI de Tecnologías Digitales vinculada a la New European Bauhaus,"75.796,00 €","37.898,00 €","75.796,00 €","37.898,00 €",País Vasco,"57,08",75796.00,37898.00,75796.00,37898.00,AEI-2026-010600-2026-9,2026,lista_espera_sin_concesion,57.08,,EUR,https://www.mintur.gob.es/PortalAyudas/AgrupacionesEmpresariales/Concesion/2026/Documents/Listado_PropResProvisional_ListaEspera.pdf,4,7,eb28786ca8e848574a08f703be21ed8764975085d1f303a1add12628c686b066,2026-09-21,Propuesta provisional: no acredita concesión definitiva. El importe de lista de espera no es ayuda concedida.
AEI-010500-2026-136,G19532209,"CLUSTER DE EMPRESAS DIGITALES, SOSTENIBLES E INDUSTRIAS INNOVADORAS (ONTECH INNOVATION)","Advancing early detection and precision treatment of endometriosis through artificial intelligence and genomics, ""endoGEN""","326.848,00 €","249.393,00 €","326.848,00 €","249.393,00 €",Andalucía,"56,78",326848.00,249393.00,326848.00,249393.00,AEI-2026-010500-2026-136,2026,lista_espera_sin_concesion,56.78,,EUR,https://www.mintur.gob.es/PortalAyudas/AgrupacionesEmpresariales/Concesion/2026/Documents/Listado_PropResProvisional_ListaEspera.pdf,4,8,eb28786ca8e848574a08f703be21ed8764975085d1f303a1add12628c686b066,2026-09-21,Propuesta provisional: no acredita concesión definitiva. El importe de lista de espera no es ayuda concedida.
AEI-010500-2026-153,G99374050,ASOCIACIÓN CLUSTER DE LA SALUD DE ARAGÓN,SAFECHAIN24: Investigación de soluciones para la aceleración de procesos de control de Salmonella y refuerzo de la seguridad en la cadena alimentaria basadas en habilitadores biotecnológicos y digitales,"335.907,00 €","246.203,00 €","260.767,00 €","193.611,00 €",Aragón,"56,54",335907.00,246203.00,260767.00,193611.00,AEI-2026-010500-2026-153,2026,lista_espera_sin_concesion,56.54,,EUR,https://www.mintur.gob.es/PortalAyudas/AgrupacionesEmpresariales/Concesion/2026/Documents/Listado_PropResProvisional_ListaEspera.pdf,4,9,eb28786ca8e848574a08f703be21ed8764975085d1f303a1add12628c686b066,2026-09-21,Propuesta provisional: no acredita concesión definitiva. El importe de lista de espera no es ayuda concedida.
AEI-010500-2026-28,G64862717,ASOCIACIÓN CATALANA PARA LA INNOVACIÓN Y LA INTERNACIONALIZACIÓN DEL SECTOR DEL AGUA (CATALAN WATER PARTNERSHIP),"OptiPUMPs - Control inteligente para la optimización y operación integrada de estaciones de bombeo en el ciclo del agua para eficiencia energética y operativa, descarbonización y resiliencia","304.222,00 €","152.110,00 €","304.222,00 €","152.110,00 €",Cataluña,"55,90",304222.00,152110.00,304222.00,152110.00,AEI-2026-010500-2026-28,2026,lista_espera_sin_concesion,55.9,,EUR,https://www.mintur.gob.es/PortalAyudas/AgrupacionesEmpresariales/Concesion/2026/Documents/Listado_PropResProvisional_ListaEspera.pdf,4,10,eb28786ca8e848574a08f703be21ed8764975085d1f303a1add12628c686b066,2026-09-21,Propuesta provisional: no acredita concesión definitiva. El importe de lista de espera no es ayuda concedida.
AEI-010500-2026-80,G36983575,FUNDACIÓN CLUSTER DE AUTOMOCIÓN Y MOVILIDAD DE GALICIA (CEAGA),H-BOTS: Robots humanoides para operaciones inteligentes en automoción,"273.258,00 €","147.560,00 €","273.258,00 €","147.560,00 €",Galicia,"55,83",273258.00,147560.00,273258.00,147560.00,AEI-2026-010500-2026-80,2026,lista_espera_sin_concesion,55.83,,EUR,https://www.mintur.gob.es/PortalAyudas/AgrupacionesEmpresariales/Concesion/2026/Documents/Listado_PropResProvisional_ListaEspera.pdf,4,11,eb28786ca8e848574a08f703be21ed8764975085d1f303a1add12628c686b066,2026-09-21,Propuesta provisional: no acredita concesión definitiva. El importe de lista de espera no es ayuda concedida.
AEI-010600-2026-7,G99171951,ASOCIACIÓN AERONAÚTICA ARAGONESA,VITECNET: Vigilancia Tecnológica y Networking Dual para el Hub de Defensa de Aragón,"60.425,00 €","30.211,00 €","60.425,00 €","30.211,00 €",Aragón,"55,11",60425.00,30211.00,60425.00,30211.00,AEI-2026-010600-2026-7,2026,lista_espera_sin_concesion,55.11,,EUR,https://www.mintur.gob.es/PortalAyudas/AgrupacionesEmpresariales/Concesion/2026/Documents/Listado_PropResProvisional_ListaEspera.pdf,4,12,eb28786ca8e848574a08f703be21ed8764975085d1f303a1add12628c686b066,2026-09-21,Propuesta provisional: no acredita concesión definitiva. El importe de lista de espera no es ayuda concedida.
AEI-010500-2026-75,G64935851,ASSOCIACIO CLUSTER DE L'ENERGIA EFICIENT DE CATALUNYA,THERMOFLEX Plataforma digital para la caracterización y optimización de la flexibilidad térmica industrial,"318.248,00 €","249.657,00 €","222.728,00 €","173.241,00 €",Cataluña,"54,93",318248.00,249657.00,222728.00,173241.00,AEI-2026-010500-2026-75,2026,lista_espera_sin_concesion,54.93,,EUR,https://www.mintur.gob.es/PortalAyudas/AgrupacionesEmpresariales/Concesion/2026/Documents/Listado_PropResProvisional_ListaEspera.pdf,4,13,eb28786ca8e848574a08f703be21ed8764975085d1f303a1add12628c686b066,2026-09-21,Propuesta provisional: no acredita concesión definitiva. El importe de lista de espera no es ayuda concedida.
AEI-010500-2026-10,G24600124,AGRUPACION EMPRESARIAL INNOVADORA EN CIBERSEGURIDAD Y TECNOLOGIAS AVANZADAS,CIVOS - Cyber Intelligent Vulnerability Orchestration System,"280.158,00 €","218.383,00 €","280.158,00 €","218.383,00 €",Castilla y León,"54,88",280158.00,218383.00,280158.00,218383.00,AEI-2026-010500-2026-10,2026,lista_espera_sin_concesion,54.88,,EUR,https://www.mintur.gob.es/PortalAyudas/AgrupacionesEmpresariales/Concesion/2026/Documents/Listado_PropResProvisional_ListaEspera.pdf,4,14,eb28786ca8e848574a08f703be21ed8764975085d1f303a1add12628c686b066,2026-09-21,Propuesta provisional: no acredita concesión definitiva. El importe de lista de espera no es ayuda concedida.
AEI-010500-2026-57,G66028978,ASSOCIACIO CLUSTER DE LA INDUSTRIA D'AUTOMOCIO DE CATALUNYA (CIAC),Plataforma autónoma de robótica humanoide para incrementar la competitividad y resiliencia de la fabricación europea de automoción,"390.936,00 €","215.552,00 €","200.860,00 €","120.514,00 €",Cataluña,"54,84",390936.00,215552.00,200860.00,120514.00,AEI-2026-010500-2026-57,2026,lista_espera_sin_concesion,54.84,,EUR,https://www.mintur.gob.es/PortalAyudas/AgrupacionesEmpresariales/Concesion/2026/Documents/Listado_PropResProvisional_ListaEspera.pdf,4,15,eb28786ca8e848574a08f703be21ed8764975085d1f303a1add12628c686b066,2026-09-21,Propuesta provisional: no acredita concesión definitiva. El importe de lista de espera no es ayuda concedida.
AEI-010500-2026-102,G85321883,CENTRO DE INNOVACION TECNOLOGICA PARA LA LOGISTICA Y EL TRANSPORTE DE MERCANCIAS POR CARRETERA (CITET),Urbanpaq Metro,"350.047,00 €","247.136,00 €","311.538,00 €","224.031,00 €",Comunidad de Madrid,"54,81",350047.00,247136.00,311538.00,224031.00,AEI-2026-010500-2026-102,2026,lista_espera_sin_concesion,54.81,,EUR,https://www.mintur.gob.es/PortalAyudas/AgrupacionesEmpresariales/Concesion/2026/Documents/Listado_PropResProvisional_ListaEspera.pdf,5,1,eb28786ca8e848574a08f703be21ed8764975085d1f303a1add12628c686b066,2026-09-21,Propuesta provisional: no acredita concesión definitiva. El importe de lista de espera no es ayuda concedida.
AEI-010500-2026-84,G93341170,ASOCIACIÓN EMPRESARIAL MULTISECTORIAL INNOVADORA PARA LAS CIUDADES INTELIGENTES (CLUSTER ANDALUCÍA SMART CITY),URBO - Unidad Robótica de BarridO,"263.414,00 €","200.732,00 €","263.414,00 €","200.732,00 €",Andalucía,"54,78",263414.00,200732.00,263414.00,200732.00,AEI-2026-010500-2026-84,2026,lista_espera_sin_concesion,54.78,,EUR,https://www.mintur.gob.es/PortalAyudas/AgrupacionesEmpresariales/Concesion/2026/Documents/Listado_PropResProvisional_ListaEspera.pdf,5,2,eb28786ca8e848574a08f703be21ed8764975085d1f303a1add12628c686b066,2026-09-21,Propuesta provisional: no acredita concesión definitiva. El importe de lista de espera no es ayuda concedida.
AEI-010500-2026-120,G64935851,ASSOCIACIO CLUSTER DE L'ENERGIA EFICIENT DE CATALUNYA,CAEGENIUS - Plataforma agéntica de inteligencia artificial para la automatización y escalado del sistema de Certificados de Ahorro Energético en climatización e HVAC industrial y terciario,"310.739,00 €","248.590,00 €","310.739,00 €","248.590,00 €",Cataluña,"54,56",310739.00,248590.00,310739.00,248590.00,AEI-2026-010500-2026-120,2026,lista_espera_sin_concesion,54.56,,EUR,https://www.mintur.gob.es/PortalAyudas/AgrupacionesEmpresariales/Concesion/2026/Documents/Listado_PropResProvisional_ListaEspera.pdf,5,3,eb28786ca8e848574a08f703be21ed8764975085d1f303a1add12628c686b066,2026-09-21,Propuesta provisional: no acredita concesión definitiva. El importe de lista de espera no es ayuda concedida.
AEI-010600-2026-6,G99299299,ASOCIACIÓN LOGÍSTICA INNOVADORA DE ARAGÓN (ALIA),"UAS4LOGISTICS ""Estudio de viabilidad para la incorporación de sistemas aéreos no tripulados (UAS) en la logística avanzada""","60.043,00 €","30.021,00 €","60.043,00 €","30.021,00 €",Aragón,"54,54",60043.00,30021.00,60043.00,30021.00,AEI-2026-010600-2026-6,2026,lista_espera_sin_concesion,54.54,,EUR,https://www.mintur.gob.es/PortalAyudas/AgrupacionesEmpresariales/Concesion/2026/Documents/Listado_PropResProvisional_ListaEspera.pdf,5,4,eb28786ca8e848574a08f703be21ed8764975085d1f303a1add12628c686b066,2026-09-21,Propuesta provisional: no acredita concesión definitiva. El importe de lista de espera no es ayuda concedida.
AEI-010500-2026-3,G65083834,ASOCIACIÓN ESPAÑOLA PARA LA INTERNACIONALIZACIÓN Y LA INNOVACIÓN DE LAS EMPRESAS SOLARES (SOLARTYS),COMUNITIA - Plataforma digital para la gestión avanzada de comunidades energéticas,"301.925,00 €","163.913,00 €","301.925,00 €","163.913,00 €",Cataluña,"54,51",301925.00,163913.00,301925.00,163913.00,AEI-2026-010500-2026-3,2026,lista_espera_sin_concesion,54.51,,EUR,https://www.mintur.gob.es/PortalAyudas/AgrupacionesEmpresariales/Concesion/2026/Documents/Listado_PropResProvisional_ListaEspera.pdf,5,5,eb28786ca8e848574a08f703be21ed8764975085d1f303a1add12628c686b066,2026-09-21,Propuesta provisional: no acredita concesión definitiva. El importe de lista de espera no es ayuda concedida.
AEI-010500-2026-94,G99510026,CLUSTER DE LA MAQUINARIA AGRICOLA DE ARAGON,HEAVY-XR SERVICE,"174.839,00 €","132.149,00 €","149.307,00 €","80.408,00 €",Aragón,"54,31",174839.00,132149.00,149307.00,80408.00,AEI-2026-010500-2026-94,2026,lista_espera_sin_concesion,54.31,,EUR,https://www.mintur.gob.es/PortalAyudas/AgrupacionesEmpresariales/Concesion/2026/Documents/Listado_PropResProvisional_ListaEspera.pdf,5,6,eb28786ca8e848574a08f703be21ed8764975085d1f303a1add12628c686b066,2026-09-21,Propuesta provisional: no acredita concesión definitiva. El importe de lista de espera no es ayuda concedida.
AEI-010500-2026-112,G99299299,ASOCIACIÓN LOGÍSTICA INNOVADORA DE ARAGÓN (ALIA),"MERCACIRCULAR: Investigación para el diseño del modelo funcional de gestión selectiva, trazabilidad y valorización de los residuos no peligrosos de envases terciarios generados en plataformas alimentarias","275.905,00 €","213.986,00 €","231.003,00 €","184.800,00 €",Aragón,"54,24",275905.00,213986.00,231003.00,184800.00,AEI-2026-010500-2026-112,2026,lista_espera_sin_concesion,54.24,,EUR,https://www.mintur.gob.es/PortalAyudas/AgrupacionesEmpresariales/Concesion/2026/Documents/Listado_PropResProvisional_ListaEspera.pdf,5,7,eb28786ca8e848574a08f703be21ed8764975085d1f303a1add12628c686b066,2026-09-21,Propuesta provisional: no acredita concesión definitiva. El importe de lista de espera no es ayuda concedida.
AEI-010500-2026-142,G66505751,ASSOCIACIÓ CLÚSTER DIGITAL DE CATALUNYA,Videoknow - Industry,"249.340,00 €","149.602,00 €","249.340,00 €","149.602,00 €",Cataluña,"54,20",249340.00,149602.00,249340.00,149602.00,AEI-2026-010500-2026-142,2026,lista_espera_sin_concesion,54.2,,EUR,https://www.mintur.gob.es/PortalAyudas/AgrupacionesEmpresariales/Concesion/2026/Documents/Listado_PropResProvisional_ListaEspera.pdf,5,8,eb28786ca8e848574a08f703be21ed8764975085d1f303a1add12628c686b066,2026-09-21,Propuesta provisional: no acredita concesión definitiva. El importe de lista de espera no es ayuda concedida.
AEI-010500-2026-126,G99252918,ASOCIACIÓN CLUSTER DE AUTOMOCIÓN DE ARAGÓN (CAAR),LOGIHUMAN - Cognitive AI Investigación en automatización cognitiva y trazabilidad inteligente mediante agentes colaborativos en entornos industriales,"341.902,00 €","249.829,00 €","341.902,00 €","249.829,00 €",Aragón,"54,18",341902.00,249829.00,341902.00,249829.00,AEI-2026-010500-2026-126,2026,lista_espera_sin_concesion,54.18,,EUR,https://www.mintur.gob.es/PortalAyudas/AgrupacionesEmpresariales/Concesion/2026/Documents/Listado_PropResProvisional_ListaEspera.pdf,5,9,eb28786ca8e848574a08f703be21ed8764975085d1f303a1add12628c686b066,2026-09-21,Propuesta provisional: no acredita concesión definitiva. El importe de lista de espera no es ayuda concedida.
AEI-010500-2026-125,G99299299,ASOCIACIÓN LOGÍSTICA INNOVADORA DE ARAGÓN (ALIA),"HYPERION: Red de Optimización Operativa en Tiempo Real mediante IA Predictiva, Biometría y Simulación Avanzada","333.241,00 €","248.259,00 €","333.241,00 €","248.259,00 €",Aragón,"54,08",333241.00,248259.00,333241.00,248259.00,AEI-2026-010500-2026-125,2026,lista_espera_sin_concesion,54.08,,EUR,https://www.mintur.gob.es/PortalAyudas/AgrupacionesEmpresariales/Concesion/2026/Documents/Listado_PropResProvisional_ListaEspera.pdf,5,10,eb28786ca8e848574a08f703be21ed8764975085d1f303a1add12628c686b066,2026-09-21,Propuesta provisional: no acredita concesión definitiva. El importe de lista de espera no es ayuda concedida.
AEI-010500-2026-89,G64935851,ASSOCIACIO CLUSTER DE L'ENERGIA EFICIENT DE CATALUNYA,BIOTRUST,"315.505,00 €","244.137,00 €","315.505,00 €","244.137,00 €",Cataluña,"53,99",315505.00,244137.00,315505.00,244137.00,AEI-2026-010500-2026-89,2026,lista_espera_sin_concesion,53.99,,EUR,https://www.mintur.gob.es/PortalAyudas/AgrupacionesEmpresariales/Concesion/2026/Documents/Listado_PropResProvisional_ListaEspera.pdf,5,11,eb28786ca8e848574a08f703be21ed8764975085d1f303a1add12628c686b066,2026-09-21,Propuesta provisional: no acredita concesión definitiva. El importe de lista de espera no es ayuda concedida.
AEI-010500-2026-160,G66028978,ASSOCIACIO CLUSTER DE LA INDUSTRIA D'AUTOMOCIO DE CATALUNYA (CIAC),Desarrollo de una plataforma basada en Gemelo Digital e Inteligencia Artificial para la automatización inteligente de procesos de desmoldeo y clasificación de piezas metálicas,"447.450,00 €","246.826,00 €","447.450,00 €","240.822,00 €",Cataluña,"53,91",447450.00,246826.00,447450.00,240822.00,AEI-2026-010500-2026-160,2026,lista_espera_sin_concesion,53.91,,EUR,https://www.mintur.gob.es/PortalAyudas/AgrupacionesEmpresariales/Concesion/2026/Documents/Listado_PropResProvisional_ListaEspera.pdf,5,12,eb28786ca8e848574a08f703be21ed8764975085d1f303a1add12628c686b066,2026-09-21,Propuesta provisional: no acredita concesión definitiva. El importe de lista de espera no es ayuda concedida.
AEI-010500-2026-26,G99252918,ASOCIACIÓN CLUSTER DE AUTOMOCIÓN DE ARAGÓN (CAAR),F.A.R.M.A.I - Fabricación Aditiva Robótica de Materiales Avanzados para Aplicaciones Industriales,"311.970,00 €","249.575,00 €","311.970,00 €","249.575,00 €",Aragón,"53,76",311970.00,249575.00,311970.00,249575.00,AEI-2026-010500-2026-26,2026,lista_espera_sin_concesion,53.76,,EUR,https://www.mintur.gob.es/PortalAyudas/AgrupacionesEmpresariales/Concesion/2026/Documents/Listado_PropResProvisional_ListaEspera.pdf,5,13,eb28786ca8e848574a08f703be21ed8764975085d1f303a1add12628c686b066,2026-09-21,Propuesta provisional: no acredita concesión definitiva. El importe de lista de espera no es ayuda concedida.
AEI-010500-2026-19,G36983575,FUNDACIÓN CLUSTER DE AUTOMOCIÓN Y MOVILIDAD DE GALICIA (CEAGA),SIM4DECARB: Simulación inteligente de escenarios de descarbonización y resiliencia industrial,"210.526,00 €","112.957,00 €","210.526,00 €","112.957,00 €",Galicia,"52,52",210526.00,112957.00,210526.00,112957.00,AEI-2026-010500-2026-19,2026,lista_espera_sin_concesion,52.52,,EUR,https://www.mintur.gob.es/PortalAyudas/AgrupacionesEmpresariales/Concesion/2026/Documents/Listado_PropResProvisional_ListaEspera.pdf,5,14,eb28786ca8e848574a08f703be21ed8764975085d1f303a1add12628c686b066,2026-09-21,Propuesta provisional: no acredita concesión definitiva. El importe de lista de espera no es ayuda concedida.
AEI-010600-2026-5,G85321883,CENTRO DE INNOVACION TECNOLOGICA PARA LA LOGISTICA Y EL TRANSPORTE DE MERCANCIAS POR CARRETERA (CITET),Estudio de viabilidad para la aplicación de vehículos autónomos en operaciones logísticas internas y externas,"50.042,00 €","25.021,00 €","50.042,00 €","25.021,00 €",Comunidad de Madrid,"52,34",50042.00,25021.00,50042.00,25021.00,AEI-2026-010600-2026-5,2026,lista_espera_sin_concesion,52.34,,EUR,https://www.mintur.gob.es/PortalAyudas/AgrupacionesEmpresariales/Concesion/2026/Documents/Listado_PropResProvisional_ListaEspera.pdf,5,15,eb28786ca8e848574a08f703be21ed8764975085d1f303a1add12628c686b066,2026-09-21,Propuesta provisional: no acredita concesión definitiva. El importe de lista de espera no es ayuda concedida.
AEI-010500-2026-70,G64935851,ASSOCIACIO CLUSTER DE L'ENERGIA EFICIENT DE CATALUNYA,MEDES,"213.323,00 €","170.657,00 €","213.323,00 €","170.657,00 €",Cataluña,"52,31",213323.00,170657.00,213323.00,170657.00,AEI-2026-010500-2026-70,2026,lista_espera_sin_concesion,52.31,,EUR,https://www.mintur.gob.es/PortalAyudas/AgrupacionesEmpresariales/Concesion/2026/Documents/Listado_PropResProvisional_ListaEspera.pdf,5,16,eb28786ca8e848574a08f703be21ed8764975085d1f303a1add12628c686b066,2026-09-21,Propuesta provisional: no acredita concesión definitiva. El importe de lista de espera no es ayuda concedida.
AEI-010500-2026-138,G99299299,ASOCIACIÓN LOGÍSTICA INNOVADORA DE ARAGÓN (ALIA),"SMARTSHIFT: Investigación industrial de una plataforma inteligente basada en IA predictiva, optimización y estándares seguros de interoperabilidad de datos para la gestión del absentismo y la movilidad sostenible en entornos industriales.","323.877,00 €","169.150,00 €","323.877,00 €","169.150,00 €",Aragón,"52,23",323877.00,169150.00,323877.00,169150.00,AEI-2026-010500-2026-138,2026,lista_espera_sin_concesion,52.23,,EUR,https://www.mintur.gob.es/PortalAyudas/AgrupacionesEmpresariales/Concesion/2026/Documents/Listado_PropResProvisional_ListaEspera.pdf,6,1,eb28786ca8e848574a08f703be21ed8764975085d1f303a1add12628c686b066,2026-09-21,Propuesta provisional: no acredita concesión definitiva. El importe de lista de espera no es ayuda concedida.
AEI-010500-2026-122,G47708177,CLUSTER SOLUCIONES INNOVADORAS PARA LA VIDA INDEPENDIENTE (SIVI),BRAIS: Brazo Robótico Asistivo Inteligente y Sostenible,"312.445,00 €","248.202,00 €","278.489,00 €","217.538,00 €",Castilla y León,"51,67",312445.00,248202.00,278489.00,217538.00,AEI-2026-010500-2026-122,2026,lista_espera_sin_concesion,51.67,,EUR,https://www.mintur.gob.es/PortalAyudas/AgrupacionesEmpresariales/Concesion/2026/Documents/Listado_PropResProvisional_ListaEspera.pdf,6,2,eb28786ca8e848574a08f703be21ed8764975085d1f303a1add12628c686b066,2026-09-21,Propuesta provisional: no acredita concesión definitiva. El importe de lista de espera no es ayuda concedida.
AEI-010500-2026-127,G19532209,"CLUSTER DE EMPRESAS DIGITALES, SOSTENIBLES E INDUSTRIAS INNOVADORAS (ONTECH INNOVATION)","Sistema distribuido de detección y localización pasiva de UAV no autorizados mediante una red de nodos SDR de bajo coste para la protección de infraestructuras y activos críticas, ""DroneFence""","323.400,00 €","166.038,00 €","308.898,00 €","157.337,00 €",Andalucía,"51,40",323400.00,166038.00,308898.00,157337.00,AEI-2026-010500-2026-127,2026,lista_espera_sin_concesion,51.4,,EUR,https://www.mintur.gob.es/PortalAyudas/AgrupacionesEmpresariales/Concesion/2026/Documents/Listado_PropResProvisional_ListaEspera.pdf,6,3,eb28786ca8e848574a08f703be21ed8764975085d1f303a1add12628c686b066,2026-09-21,Propuesta provisional: no acredita concesión definitiva. El importe de lista de espera no es ayuda concedida.
AEI-010500-2026-145,G99311086,CLUSTER DE EMPRESAS DE TECNOLOGIAS DE LA INFORMACION ELECTRONICA Y TELECOMUNICACIONES DE ARAGON,GLIP: Grant Lefecycle Intelligence Platform,"330.843,00 €","198.505,00 €","326.526,00 €","195.914,00 €",Aragón,"51,39",330843.00,198505.00,326526.00,195914.00,AEI-2026-010500-2026-145,2026,lista_espera_sin_concesion,51.39,,EUR,https://www.mintur.gob.es/PortalAyudas/AgrupacionesEmpresariales/Concesion/2026/Documents/Listado_PropResProvisional_ListaEspera.pdf,6,4,eb28786ca8e848574a08f703be21ed8764975085d1f303a1add12628c686b066,2026-09-21,Propuesta provisional: no acredita concesión definitiva. El importe de lista de espera no es ayuda concedida.
AEI-010500-2026-27,G33849118,CLUB ASTURIANO DE LA INNOVACIÓN,Investigación en modelos logísticos aplicados a la distribución farmacéutica (TECH TRACK),"159.990,00 €","80.017,00 €","159.990,00 €","80.017,00 €","Asturias, Principado de","51,35",159990.00,80017.00,159990.00,80017.00,AEI-2026-010500-2026-27,2026,lista_espera_sin_concesion,51.35,,EUR,https://www.mintur.gob.es/PortalAyudas/AgrupacionesEmpresariales/Concesion/2026/Documents/Listado_PropResProvisional_ListaEspera.pdf,6,5,eb28786ca8e848574a08f703be21ed8764975085d1f303a1add12628c686b066,2026-09-21,Propuesta provisional: no acredita concesión definitiva. El importe de lista de espera no es ayuda concedida.
AEI-010500-2026-30,G65324691,ASSOCIACIÓ CATALANA CLÚSTER DE LA INDÚSTRIA DE LŽESPORT,GLUCOSED - Sistema digital integrado para la monitorización y modificación del comportamiento sedentario en DM2 mediante datos continuos de glucosa,"281.720,00 €","153.537,00 €","270.670,00 €","146.907,00 €",Cataluña,"51,29",281720.00,153537.00,270670.00,146907.00,AEI-2026-010500-2026-30,2026,lista_espera_sin_concesion,51.29,,EUR,https://www.mintur.gob.es/PortalAyudas/AgrupacionesEmpresariales/Concesion/2026/Documents/Listado_PropResProvisional_ListaEspera.pdf,6,6,eb28786ca8e848574a08f703be21ed8764975085d1f303a1add12628c686b066,2026-09-21,Propuesta provisional: no acredita concesión definitiva. El importe de lista de espera no es ayuda concedida.
AEI-010500-2026-100,G19532209,"CLUSTER DE EMPRESAS DIGITALES, SOSTENIBLES E INDUSTRIAS INNOVADORAS (ONTECH INNOVATION)","Plataforma de innovación en la Cadena de Valor Agroalimentaria Rural a través de Inteligencia de Datos y Logística Sostenible, ""TierraConecta""","330.501,00 €","164.527,00 €","330.501,00 €","164.527,00 €",Andalucía,"50,97",330501.00,164527.00,330501.00,164527.00,AEI-2026-010500-2026-100,2026,lista_espera_sin_concesion,50.97,,EUR,https://www.mintur.gob.es/PortalAyudas/AgrupacionesEmpresariales/Concesion/2026/Documents/Listado_PropResProvisional_ListaEspera.pdf,6,7,eb28786ca8e848574a08f703be21ed8764975085d1f303a1add12628c686b066,2026-09-21,Propuesta provisional: no acredita concesión definitiva. El importe de lista de espera no es ayuda concedida.
AEI-010500-2026-162,G66028978,ASSOCIACIO CLUSTER DE LA INDUSTRIA D'AUTOMOCIO DE CATALUNYA (CIAC),Sistema Autónomo de Vigilancia e Inspección de Infraestructuras Críticas mediante Robot Cuadrúpedo Inteligente,"393.820,00 €","196.909,00 €","273.326,00 €","136.662,00 €",Cataluña,"50,94",393820.00,196909.00,273326.00,136662.00,AEI-2026-010500-2026-162,2026,lista_espera_sin_concesion,50.94,,EUR,https://www.mintur.gob.es/PortalAyudas/AgrupacionesEmpresariales/Concesion/2026/Documents/Listado_PropResProvisional_ListaEspera.pdf,6,8,eb28786ca8e848574a08f703be21ed8764975085d1f303a1add12628c686b066,2026-09-21,Propuesta provisional: no acredita concesión definitiva. El importe de lista de espera no es ayuda concedida.
AEI-010500-2026-128,G19532209,"CLUSTER DE EMPRESAS DIGITALES, SOSTENIBLES E INDUSTRIAS INNOVADORAS (ONTECH INNOVATION)","EVE Intelligence 2.0: Plataforma multivector de simulación de ingeniería social con IA cognitiva para reforzar la resiliencia humana en ciberseguridad, ""EVE 2.0""","312.068,00 €","249.653,00 €","312.068,00 €","249.653,00 €",Andalucía,"50,57",312068.00,249653.00,312068.00,249653.00,AEI-2026-010500-2026-128,2026,lista_espera_sin_concesion,50.57,,EUR,https://www.mintur.gob.es/PortalAyudas/AgrupacionesEmpresariales/Concesion/2026/Documents/Listado_PropResProvisional_ListaEspera.pdf,6,9,eb28786ca8e848574a08f703be21ed8764975085d1f303a1add12628c686b066,2026-09-21,Propuesta provisional: no acredita concesión definitiva. El importe de lista de espera no es ayuda concedida.
AEI-010500-2026-81,G20082509,ASOCIACIÓN DE INDUSTRIAS DE CONOCIMIENTO Y TECNOLOGÍA - GAIA EUSKAL-HERRIKO EZAGUTZA ETA TEKNOLOGIA INDUSTRIEN ELKARTEA,ORCIBER- MODELO ORGANIZATIVO INNOVADOR PARA FORTALECER LA RESILIENCIA HUMANA ANTE CIBERINCIDENTES EN ENTORNOS INDUSTRIALES,"121.980,00 €","60.989,00 €","121.980,00 €","60.989,00 €",País Vasco,"50,54",121980.00,60989.00,121980.00,60989.00,AEI-2026-010500-2026-81,2026,lista_espera_sin_concesion,50.54,,EUR,https://www.mintur.gob.es/PortalAyudas/AgrupacionesEmpresariales/Concesion/2026/Documents/Listado_PropResProvisional_ListaEspera.pdf,6,10,eb28786ca8e848574a08f703be21ed8764975085d1f303a1add12628c686b066,2026-09-21,Propuesta provisional: no acredita concesión definitiva. El importe de lista de espera no es ayuda concedida.
AEI-010500-2026-53,G36983575,FUNDACIÓN CLUSTER DE AUTOMOCIÓN Y MOVILIDAD DE GALICIA (CEAGA),AI-PLAN: Arquitecturas Inteligentes para la Planificación Industrial Adaptativa y Auto-correctiva,"313.787,00 €","231.958,00 €","313.787,00 €","231.958,00 €",Galicia,"50,44",313787.00,231958.00,313787.00,231958.00,AEI-2026-010500-2026-53,2026,lista_espera_sin_concesion,50.44,,EUR,https://www.mintur.gob.es/PortalAyudas/AgrupacionesEmpresariales/Concesion/2026/Documents/Listado_PropResProvisional_ListaEspera.pdf,6,11,eb28786ca8e848574a08f703be21ed8764975085d1f303a1add12628c686b066,2026-09-21,Propuesta provisional: no acredita concesión definitiva. El importe de lista de espera no es ayuda concedida.
AEI-010500-2026-76,G50098508,"ASOCIACIÓN ESPAÑOLA DE FABRICANTES EXPORTADORES DE MAQUINARIA PARA CONSTRUCCIÓN, OBRAS PÚBLICAS Y MINERÍA (ANMOPYC)",DURIAM - Arquitecturas digitales resilientes e interoperables para la digitalización de maquinaria industrial de uso dual,"283.013,00 €","156.192,00 €","0,00 €","0,00 €",Aragón,"48,85",283013.00,156192.00,0.00,0.00,AEI-2026-010500-2026-76,2026,propuesta_desestimada_puntuacion,48.85,,EUR,https://www.mintur.gob.es/PortalAyudas/AgrupacionesEmpresariales/Concesion/2026/Documents/Listado_PropResProvisional_Desestimada_Puntuacion.pdf,1,1,558f7da7f283924261b337f9fdadad5709debbacff2220d579845192c97a092d,2026-09-21,Estado publicado en los anexos de la propuesta provisional.
AEI-010500-2026-151,G06943112,ASOCIACION RE THINK TOURISM,Sistema Digital para la aceleración de procesos de certificación de sostenibilidad turística.,"398.474,00 €","199.237,00 €","0,00 €","0,00 €",Cataluña,"48,54",398474.00,199237.00,0.00,0.00,AEI-2026-010500-2026-151,2026,propuesta_desestimada_puntuacion,48.54,,EUR,https://www.mintur.gob.es/PortalAyudas/AgrupacionesEmpresariales/Concesion/2026/Documents/Listado_PropResProvisional_Desestimada_Puntuacion.pdf,1,2,558f7da7f283924261b337f9fdadad5709debbacff2220d579845192c97a092d,2026-09-21,Estado publicado en los anexos de la propuesta provisional.
AEI-010500-2026-121,G19532209,"CLUSTER DE EMPRESAS DIGITALES, SOSTENIBLES E INDUSTRIAS INNOVADORAS (ONTECH INNOVATION)","Herramienta de Escucha, durante la actividad asistencial en Reproducción Asistida, como acompañamiento inteligente y continuo en el proceso reproductivo, ""HERA""","325.250,00 €","181.541,00 €","0,00 €","0,00 €",Andalucía,"48,12",325250.00,181541.00,0.00,0.00,AEI-2026-010500-2026-121,2026,propuesta_desestimada_puntuacion,48.12,,EUR,https://www.mintur.gob.es/PortalAyudas/AgrupacionesEmpresariales/Concesion/2026/Documents/Listado_PropResProvisional_Desestimada_Puntuacion.pdf,1,3,558f7da7f283924261b337f9fdadad5709debbacff2220d579845192c97a092d,2026-09-21,Estado publicado en los anexos de la propuesta provisional.
AEI-010500-2026-104,G46261590,"INSTITUTO TECNOLÓGICO METALMECÁNICO, MADERA, MUEBLE, EMBALAJE Y AFINES-AIDIMME",IDISE DATA HUB _ Infraestructura digital inteligente sectorial,"83.585,00 €","41.792,00 €","0,00 €","0,00 €",Comunitat Valenciana,"47,87",83585.00,41792.00,0.00,0.00,AEI-2026-010500-2026-104,2026,propuesta_desestimada_puntuacion,47.87,,EUR,https://www.mintur.gob.es/PortalAyudas/AgrupacionesEmpresariales/Concesion/2026/Documents/Listado_PropResProvisional_Desestimada_Puntuacion.pdf,1,4,558f7da7f283924261b337f9fdadad5709debbacff2220d579845192c97a092d,2026-09-21,Estado publicado en los anexos de la propuesta provisional.
AEI-010500-2026-119,G19532209,"CLUSTER DE EMPRESAS DIGITALES, SOSTENIBLES E INDUSTRIAS INNOVADORAS (ONTECH INNOVATION)","Investigación y validación de posicionamiento INdoor para la LOcalización y trazabilidad de activos en entornos industriales Complejos, ""INLOC""","248.296,00 €","142.524,00 €","0,00 €","0,00 €",Andalucía,"47,76",248296.00,142524.00,0.00,0.00,AEI-2026-010500-2026-119,2026,propuesta_desestimada_puntuacion,47.76,,EUR,https://www.mintur.gob.es/PortalAyudas/AgrupacionesEmpresariales/Concesion/2026/Documents/Listado_PropResProvisional_Desestimada_Puntuacion.pdf,1,5,558f7da7f283924261b337f9fdadad5709debbacff2220d579845192c97a092d,2026-09-21,Estado publicado en los anexos de la propuesta provisional.
AEI-010500-2026-60,G85321883,CENTRO DE INNOVACION TECNOLOGICA PARA LA LOGISTICA Y EL TRANSPORTE DE MERCANCIAS POR CARRETERA (CITET),CARBURAX,"229.205,00 €","183.362,00 €","0,00 €","0,00 €",Comunidad de Madrid,"47,52",229205.00,183362.00,0.00,0.00,AEI-2026-010500-2026-60,2026,propuesta_desestimada_puntuacion,47.52,,EUR,https://www.mintur.gob.es/PortalAyudas/AgrupacionesEmpresariales/Concesion/2026/Documents/Listado_PropResProvisional_Desestimada_Puntuacion.pdf,1,6,558f7da7f283924261b337f9fdadad5709debbacff2220d579845192c97a092d,2026-09-21,Estado publicado en los anexos de la propuesta provisional.
AEI-010500-2026-21,G85321883,CENTRO DE INNOVACION TECNOLOGICA PARA LA LOGISTICA Y EL TRANSPORTE DE MERCANCIAS POR CARRETERA (CITET),Beluga Scan,"257.115,00 €","195.965,00 €","0,00 €","0,00 €",Comunidad de Madrid,"46,21",257115.00,195965.00,0.00,0.00,AEI-2026-010500-2026-21,2026,propuesta_desestimada_puntuacion,46.21,,EUR,https://www.mintur.gob.es/PortalAyudas/AgrupacionesEmpresariales/Concesion/2026/Documents/Listado_PropResProvisional_Desestimada_Puntuacion.pdf,1,7,558f7da7f283924261b337f9fdadad5709debbacff2220d579845192c97a092d,2026-09-21,Estado publicado en los anexos de la propuesta provisional.
AEI-010600-2026-4,G36983575,FUNDACIÓN CLUSTER DE AUTOMOCIÓN Y MOVILIDAD DE GALICIA (CEAGA),DATAMARK: Estudio de viabilidad para la explotación colaborativa y segura de datos industriales,"100.216,00 €","50.107,00 €","0,00 €","0,00 €",Galicia,"45,63",100216.00,50107.00,0.00,0.00,AEI-2026-010600-2026-4,2026,propuesta_desestimada_puntuacion,45.63,,EUR,https://www.mintur.gob.es/PortalAyudas/AgrupacionesEmpresariales/Concesion/2026/Documents/Listado_PropResProvisional_Desestimada_Puntuacion.pdf,1,8,558f7da7f283924261b337f9fdadad5709debbacff2220d579845192c97a092d,2026-09-21,Estado publicado en los anexos de la propuesta provisional.
AEI-010500-2026-77,G50098508,"ASOCIACIÓN ESPAÑOLA DE FABRICANTES EXPORTADORES DE MAQUINARIA PARA CONSTRUCCIÓN, OBRAS PÚBLICAS Y MINERÍA (ANMOPYC)",SMARTPLANT - Investigación de arquitecturas interoperables OT/IT para la captura y gestión avanzada del dato industrial en plantas de áridos y RCD,"205.099,00 €","123.056,00 €","0,00 €","0,00 €",Aragón,"45,48",205099.00,123056.00,0.00,0.00,AEI-2026-010500-2026-77,2026,propuesta_desestimada_puntuacion,45.48,,EUR,https://www.mintur.gob.es/PortalAyudas/AgrupacionesEmpresariales/Concesion/2026/Documents/Listado_PropResProvisional_Desestimada_Puntuacion.pdf,1,9,558f7da7f283924261b337f9fdadad5709debbacff2220d579845192c97a092d,2026-09-21,Estado publicado en los anexos de la propuesta provisional.
AEI-010500-2026-139,G65373912,ASSOCIACIÓ CLUSTER DE PRODUCTES INFANTILS DE CATALUNYA,SÍNTESIS,"156.060,00 €","78.030,00 €","0,00 €","0,00 €",Cataluña,"45,02",156060.00,78030.00,0.00,0.00,AEI-2026-010500-2026-139,2026,propuesta_desestimada_puntuacion,45.02,,EUR,https://www.mintur.gob.es/PortalAyudas/AgrupacionesEmpresariales/Concesion/2026/Documents/Listado_PropResProvisional_Desestimada_Puntuacion.pdf,1,10,558f7da7f283924261b337f9fdadad5709debbacff2220d579845192c97a092d,2026-09-21,Estado publicado en los anexos de la propuesta provisional.
AEI-010500-2026-163,G76024645,ASOC CLUSTER MARÍTIMO DE CANARIAS,"NEREIDA, Nodo Estratégico para Redes ópticas Inteligentes Distribuidas aire y agua","312.126,00 €","240.798,00 €","0,00 €","0,00 €",Canarias,"44,66",312126.00,240798.00,0.00,0.00,AEI-2026-010500-2026-163,2026,propuesta_desestimada_puntuacion,44.66,,EUR,https://www.mintur.gob.es/PortalAyudas/AgrupacionesEmpresariales/Concesion/2026/Documents/Listado_PropResProvisional_Desestimada_Puntuacion.pdf,1,11,558f7da7f283924261b337f9fdadad5709debbacff2220d579845192c97a092d,2026-09-21,Estado publicado en los anexos de la propuesta provisional.
AEI-010200-2026-2,G75638783,AEROS-ECOSISTEMA AERONÁUTICO Y DEL ESPACIO,AEROS-EIP - AEROS Ecosystem Intelligent Platform,"68.585,00 €","34.292,00 €","0,00 €","0,00 €",Cataluña,"43,08",68585.00,34292.00,0.00,0.00,AEI-2026-010200-2026-2,2026,propuesta_desestimada_puntuacion,43.08,,EUR,https://www.mintur.gob.es/PortalAyudas/AgrupacionesEmpresariales/Concesion/2026/Documents/Listado_PropResProvisional_Desestimada_Puntuacion.pdf,1,12,558f7da7f283924261b337f9fdadad5709debbacff2220d579845192c97a092d,2026-09-21,Estado publicado en los anexos de la propuesta provisional.
AEI-010500-2026-2,G93594380,THE RAILWAY INNOVATION HUB SPAIN,RAILFLOW BIM - Plugin BIM/IFC para el diseño funcional y chequeo de capacidad peatonal en estaciones ferroviarias,"270.673,00 €","135.336,00 €","0,00 €","0,00 €",Andalucía,"42,51",270673.00,135336.00,0.00,0.00,AEI-2026-010500-2026-2,2026,propuesta_desestimada_puntuacion,42.51,,EUR,https://www.mintur.gob.es/PortalAyudas/AgrupacionesEmpresariales/Concesion/2026/Documents/Listado_PropResProvisional_Desestimada_Puntuacion.pdf,1,13,558f7da7f283924261b337f9fdadad5709debbacff2220d579845192c97a092d,2026-09-21,Estado publicado en los anexos de la propuesta provisional.
AEI-010500-2026-116,G65652232,AGRUPACIO CATALANA DEL TEXTIL I LA MODA (MODACC),"DATERIA: Solución sectorial asistida por IA para la generación de Pasaportes Digitales de Producto, el Análisis de Ciclo de Vida y el reporte ambiental y económico de los datos en pymes del sector textil- moda.","167.791,00 €","83.895,00 €","0,00 €","0,00 €",Cataluña,"38,52",167791.00,83895.00,0.00,0.00,AEI-2026-010500-2026-116,2026,propuesta_desestimada_puntuacion,38.52,,EUR,https://www.mintur.gob.es/PortalAyudas/AgrupacionesEmpresariales/Concesion/2026/Documents/Listado_PropResProvisional_Desestimada_Puntuacion.pdf,1,14,558f7da7f283924261b337f9fdadad5709debbacff2220d579845192c97a092d,2026-09-21,Estado publicado en los anexos de la propuesta provisional.
AEI-010600-2026-12,G50098508,"ASOCIACIÓN ESPAÑOLA DE FABRICANTES EXPORTADORES DE MAQUINARIA PARA CONSTRUCCIÓN, OBRAS PÚBLICAS Y MINERÍA (ANMOPYC)",TAMIC - Estudio de viabilidad para la transformación de equipos convencionales hacia la construcción industrializada,"68.796,00 €","34.397,00 €","0,00 €","0,00 €",Aragón,"37,51",68796.00,34397.00,0.00,0.00,AEI-2026-010600-2026-12,2026,propuesta_desestimada_puntuacion,37.51,,EUR,https://www.mintur.gob.es/PortalAyudas/AgrupacionesEmpresariales/Concesion/2026/Documents/Listado_PropResProvisional_Desestimada_Puntuacion.pdf,1,15,558f7da7f283924261b337f9fdadad5709debbacff2220d579845192c97a092d,2026-09-21,Estado publicado en los anexos de la propuesta provisional.
AEI-010200-2026-3,G22943468,ASOCIACIÓN CLUSTER EMPRESARIAL PARA LA INNOVACIÓN DE LAS EMPRESAS QUÍMICAS Y PLÁSTICOS DE ARAGÓN,Plan de fortalecimiento y dinamización de la estructura de gestión de la AEI ARAQUIP para la generación de proyectos colaborativos de innovación en el sector químico y del plástico de Aragón (INNQUIP),"45.009,00 €","22.504,00 €","0,00 €","0,00 €",Aragón,"36,92",45009.00,22504.00,0.00,0.00,AEI-2026-010200-2026-3,2026,propuesta_desestimada_puntuacion,36.92,,EUR,https://www.mintur.gob.es/PortalAyudas/AgrupacionesEmpresariales/Concesion/2026/Documents/Listado_PropResProvisional_Desestimada_Puntuacion.pdf,1,16,558f7da7f283924261b337f9fdadad5709debbacff2220d579845192c97a092d,2026-09-21,Estado publicado en los anexos de la propuesta provisional.
AEI-010600-2026-3,G65652232,AGRUPACIO CATALANA DEL TEXTIL I LA MODA (MODACC),PHYGITAL FLOW. Estudio de viabilidad técnica y económica para la creación de flujos de trabajo phygital basados en tecnologías inmersivas y activos digitales aplicados a la industria textil-moda.,"103.136,00 €","51.568,00 €","0,00 €","0,00 €",Cataluña,"34,24",103136.00,51568.00,0.00,0.00,AEI-2026-010600-2026-3,2026,propuesta_desestimada_puntuacion,34.24,,EUR,https://www.mintur.gob.es/PortalAyudas/AgrupacionesEmpresariales/Concesion/2026/Documents/Listado_PropResProvisional_Desestimada_Puntuacion.pdf,2,1,558f7da7f283924261b337f9fdadad5709debbacff2220d579845192c97a092d,2026-09-21,Estado publicado en los anexos de la propuesta provisional.
AEI-010500-2026-35,G87936159,Consorcio Red Alastria,Desarrollo de Infraestructura Digital para la Trazabilidad y representación digital de Activos Reales en el Sector Agroalimentario (AGROVIA CAP),"403.471,00 €","230.845,00 €","0,00 €","0,00 €",Comunidad de Madrid,"31,16",403471.00,230845.00,0.00,0.00,AEI-2026-010500-2026-35,2026,propuesta_desestimada_puntuacion,31.16,,EUR,https://www.mintur.gob.es/PortalAyudas/AgrupacionesEmpresariales/Concesion/2026/Documents/Listado_PropResProvisional_Desestimada_Puntuacion.pdf,2,2,558f7da7f283924261b337f9fdadad5709debbacff2220d579845192c97a092d,2026-09-21,Estado publicado en los anexos de la propuesta provisional.
AEI-010500-2026-33,G65652232,AGRUPACIO CATALANA DEL TEXTIL I LA MODA (MODACC),"NORA. Normativa, Orientación y Regulación para Apparel: Chatbot inteligente para la interpretación y aplicación de la normativa ambiental en el sector textil y moda","145.857,00 €","72.927,00 €","0,00 €","0,00 €",Cataluña,"30,52",145857.00,72927.00,0.00,0.00,AEI-2026-010500-2026-33,2026,propuesta_desestimada_puntuacion,30.52,,EUR,https://www.mintur.gob.es/PortalAyudas/AgrupacionesEmpresariales/Concesion/2026/Documents/Listado_PropResProvisional_Desestimada_Puntuacion.pdf,2,3,558f7da7f283924261b337f9fdadad5709debbacff2220d579845192c97a092d,2026-09-21,Estado publicado en los anexos de la propuesta provisional.
AEI-010300-2026-5,G87936159,Consorcio Red Alastria,MODERACIÓN VERIFICABLE PARA LUCHAR CONTRA LA DESINFORMACIÓN (TRACED),"75.992,00 €","37.988,00 €","0,00 €","0,00 €",Comunidad de Madrid,"29,50",75992.00,37988.00,0.00,0.00,AEI-2026-010300-2026-5,2026,propuesta_desestimada_puntuacion,29.5,,EUR,https://www.mintur.gob.es/PortalAyudas/AgrupacionesEmpresariales/Concesion/2026/Documents/Listado_PropResProvisional_Desestimada_Puntuacion.pdf,2,4,558f7da7f283924261b337f9fdadad5709debbacff2220d579845192c97a092d,2026-09-21,Estado publicado en los anexos de la propuesta provisional.
AEI-010300-2026-7,G08487878,GREMI D'INDÚSTRIES GRÀFIQUES DE CATALUNYA,Estudio de viabilidad y diálogo sectorial para explorar fórmulas de modelos organizativos que hagan posible la transformación competitiva del sector gráfico,"106.550,00 €","50.000,00 €","0,00 €","0,00 €",Cataluña,"26,50",106550.00,50000.00,0.00,0.00,AEI-2026-010300-2026-7,2026,propuesta_desestimada_puntuacion,26.5,,EUR,https://www.mintur.gob.es/PortalAyudas/AgrupacionesEmpresariales/Concesion/2026/Documents/Listado_PropResProvisional_Desestimada_Puntuacion.pdf,2,5,558f7da7f283924261b337f9fdadad5709debbacff2220d579845192c97a092d,2026-09-21,Estado publicado en los anexos de la propuesta provisional.
AEI-010300-2026-1,G01605781,"MADRID CAPITAL MUNDIAL DE LA CONSTRUCCIÓN, INGENIERÍA Y ARQUITECTURA",VALORIZACIÓN INTELIGENTE y SOSTENIBLE DEL FRESADO ASFÁLTICO (VISRAP),"43.780,00 €","21.890,00 €","0,00 €","0,00 €",Comunidad de Madrid,"21,60",43780.00,21890.00,0.00,0.00,AEI-2026-010300-2026-1,2026,propuesta_desestimada_puntuacion,21.6,,EUR,https://www.mintur.gob.es/PortalAyudas/AgrupacionesEmpresariales/Concesion/2026/Documents/Listado_PropResProvisional_Desestimada_Puntuacion.pdf,2,6,558f7da7f283924261b337f9fdadad5709debbacff2220d579845192c97a092d,2026-09-21,Estado publicado en los anexos de la propuesta provisional.
AEI-010500-2026-51,G19532209,"CLUSTER DE EMPRESAS DIGITALES, SOSTENIBLES E INDUSTRIAS INNOVADORAS (ONTECH INNOVATION)","Quantum-enhanced digital health for PRECISION oncology, ""Q- PRECISION""","330.935,00 €","249.698,00 €","0,00 €","0,00 €",Andalucía,"15,19",330935.00,249698.00,0.00,0.00,AEI-2026-010500-2026-51,2026,propuesta_desestimada_puntuacion,15.19,,EUR,https://www.mintur.gob.es/PortalAyudas/AgrupacionesEmpresariales/Concesion/2026/Documents/Listado_PropResProvisional_Desestimada_Puntuacion.pdf,2,7,558f7da7f283924261b337f9fdadad5709debbacff2220d579845192c97a092d,2026-09-21,Estado publicado en los anexos de la propuesta provisional.
AEI-010600-2026-1,G25405937,CLUSTER DE LA MAQUINARIA I DELS MEDIS DE PRODUCCIÓ AGRICOLA DE CATALUNYA (FEMAC),DualTech AgroMach,"51.424,00 €","25.712,00 €","0,00 €","0,00 €",Cataluña,"Incumple el artículo 6.4.c de la Orden ITU/868/2025, de 6 de agosto, según el cual la contribución de cualquiera de las AEI participantes en el estudio no podrá ser inferior al 10% del presupuesto subvencionable.",51424.00,25712.00,0.00,0.00,AEI-2026-010600-2026-1,2026,propuesta_desestimada_motivos,,"Incumple el artículo 6.4.c de la Orden ITU/868/2025, de 6 de agosto, según el cual la contribución de cualquiera de las AEI participantes en el estudio no podrá ser inferior al 10% del presupuesto subvencionable.",EUR,https://www.mintur.gob.es/PortalAyudas/AgrupacionesEmpresariales/Concesion/2026/Documents/Listado_PropResProvisional_Desestimadas_Motivos.pdf,1,1,ef7cb524b1112b2afb69b9726d26cc93873325eebe6950bd58f6e865a7401c85,2026-09-21,Estado publicado en los anexos de la propuesta provisional.
AEI-010500-2026-48,G23624422,ASOCIACIÓN AGRUPACIÓN EMPRESARIAL INNOVADORA DEL SECTOR PROVEEDOR DE BIENES Y SERVICIOS DEL SECTOR OLEÍCOLA (INOLEO),AGROREGEN-DSS Plataforma digital inteligente para la integración de datos de finca y la recomendación de soluciones nutricionales en cultivos leñosos.,"294.184,00 €","228.895,00 €","0,00 €","0,00 €",Andalucía,"Incumple el artículo 7.3.d de la Orden ITU/868/2025, de 6 de agosto, según el cual las AEI participantes tendrán una contribución mínima del 4% del presupuesto subvencionable.",294184.00,228895.00,0.00,0.00,AEI-2026-010500-2026-48,2026,propuesta_desestimada_motivos,,"Incumple el artículo 7.3.d de la Orden ITU/868/2025, de 6 de agosto, según el cual las AEI participantes tendrán una contribución mínima del 4% del presupuesto subvencionable.",EUR,https://www.mintur.gob.es/PortalAyudas/AgrupacionesEmpresariales/Concesion/2026/Documents/Listado_PropResProvisional_Desestimadas_Motivos.pdf,1,2,ef7cb524b1112b2afb69b9726d26cc93873325eebe6950bd58f6e865a7401c85,2026-09-21,Estado publicado en los anexos de la propuesta provisional.
AEI-010500-2026-58,G20065637,ASOC ESPAÑOLA DE FABRICANTES DE MAQUINAS HERRAMIENTA ACCESORIOS COMPONENTES HERRAMIENTAS DE CORTE Y OTROS,ARIES - Análisis y Representación Inteligente para Entornos de Simulación.,"269.815,00 €","194.153,00 €","0,00 €","0,00 €",País Vasco,"Incumple el artículo 7.3.c de la Orden ITU/868/2025, de 6 de agosto, según el cual en todas las actuaciones se exigirá la participación de un mínimo de dos pymes además de la AEI solicitante de la ayuda.",269815.00,194153.00,0.00,0.00,AEI-2026-010500-2026-58,2026,propuesta_desestimada_motivos,,"Incumple el artículo 7.3.c de la Orden ITU/868/2025, de 6 de agosto, según el cual en todas las actuaciones se exigirá la participación de un mínimo de dos pymes además de la AEI solicitante de la ayuda.",EUR,https://www.mintur.gob.es/PortalAyudas/AgrupacionesEmpresariales/Concesion/2026/Documents/Listado_PropResProvisional_Desestimadas_Motivos.pdf,1,3,ef7cb524b1112b2afb69b9726d26cc93873325eebe6950bd58f6e865a7401c85,2026-09-21,Estado publicado en los anexos de la propuesta provisional.
AEI-010500-2026-66,G36983575,FUNDACIÓN CLUSTER DE AUTOMOCIÓN Y MOVILIDAD DE GALICIA (CEAGA),"THERMAL-FLEX: Optimización y descarbonización industrial mediante electrificación, almacenamiento térmico y flexibilidad","338.322,00 €","247.713,00 €","0,00 €","0,00 €",Galicia,"Incumple el artículo 7.3.c de la Orden ITU/868/2025, de 6 de agosto, según el cual en todas las actuaciones se exigirá la participación de un mínimo de dos pymes además de la AEI solicitante de la ayuda.",338322.00,247713.00,0.00,0.00,AEI-2026-010500-2026-66,2026,propuesta_desestimada_motivos,,"Incumple el artículo 7.3.c de la Orden ITU/868/2025, de 6 de agosto, según el cual en todas las actuaciones se exigirá la participación de un mínimo de dos pymes además de la AEI solicitante de la ayuda.",EUR,https://www.mintur.gob.es/PortalAyudas/AgrupacionesEmpresariales/Concesion/2026/Documents/Listado_PropResProvisional_Desestimadas_Motivos.pdf,1,4,ef7cb524b1112b2afb69b9726d26cc93873325eebe6950bd58f6e865a7401c85,2026-09-21,Estado publicado en los anexos de la propuesta provisional.
AEI-010500-2026-93,G75638783,AEROS-ECOSISTEMA AERONÁUTICO Y DEL ESPACIO,"AEROSMOVE - Innovación en procesos aeroportuarios mediante movilidad autónoma, robótica colaborativa y monitorización inteligente de operaciones en tierra.","256.206,00 €","101.614,00 €","0,00 €","0,00 €",Cataluña,"Incumple el artículo 13 de la Orden ITU/868/2025, de 6 de agosto, al no quedar acreditado el efecto incentivador, dado que el inicio del proyecto o actividad debe ser posterior a la presentación de la solicitud de ayuda.",256206.00,101614.00,0.00,0.00,AEI-2026-010500-2026-93,2026,propuesta_desestimada_motivos,,"Incumple el artículo 13 de la Orden ITU/868/2025, de 6 de agosto, al no quedar acreditado el efecto incentivador, dado que el inicio del proyecto o actividad debe ser posterior a la presentación de la solicitud de ayuda.",EUR,https://www.mintur.gob.es/PortalAyudas/AgrupacionesEmpresariales/Concesion/2026/Documents/Listado_PropResProvisional_Desestimadas_Motivos.pdf,1,5,ef7cb524b1112b2afb69b9726d26cc93873325eebe6950bd58f6e865a7401c85,2026-09-21,Estado publicado en los anexos de la propuesta provisional.
AEI-010500-2026-110,G99510026,CLUSTER DE LA MAQUINARIA AGRICOLA DE ARAGON,GREENSENSE,"181.748,00 €","137.007,00 €","0,00 €","0,00 €",Aragón,"Incumple el artículo 7.3.c de la Orden ITU/868/2025, de 6 de agosto, según el cual en todas las actuaciones se exigirá la participación de un mínimo de dos pymes además de la AEI solicitante de la ayuda.",181748.00,137007.00,0.00,0.00,AEI-2026-010500-2026-110,2026,propuesta_desestimada_motivos,,"Incumple el artículo 7.3.c de la Orden ITU/868/2025, de 6 de agosto, según el cual en todas las actuaciones se exigirá la participación de un mínimo de dos pymes además de la AEI solicitante de la ayuda.",EUR,https://www.mintur.gob.es/PortalAyudas/AgrupacionesEmpresariales/Concesion/2026/Documents/Listado_PropResProvisional_Desestimadas_Motivos.pdf,1,6,ef7cb524b1112b2afb69b9726d26cc93873325eebe6950bd58f6e865a7401c85,2026-09-21,Estado publicado en los anexos de la propuesta provisional.
AEI-010500-2026-113,G48763858,ASOCIACIÓN CLUSTER DE INDUSTRIAS DE MEDIO AMBIENTE DE EUSKADI (ACLIMA),HANDIA 4.0 Desarrollo de metodologías 4.0 para establecer soluciones localmente eficientes para la consecución de ciudades ambientalmente saludables,"406.750,00 €","199.975,00 €","0,00 €","0,00 €",País Vasco,"Incumple el artículo 7.3.d de la Orden ITU/868/2025, de 6 de agosto, según el cual las AEI participantes tendrán una contribución mínima del 4% del presupuesto subvencionable.",406750.00,199975.00,0.00,0.00,AEI-2026-010500-2026-113,2026,propuesta_desestimada_motivos,,"Incumple el artículo 7.3.d de la Orden ITU/868/2025, de 6 de agosto, según el cual las AEI participantes tendrán una contribución mínima del 4% del presupuesto subvencionable.",EUR,https://www.mintur.gob.es/PortalAyudas/AgrupacionesEmpresariales/Concesion/2026/Documents/Listado_PropResProvisional_Desestimadas_Motivos.pdf,1,7,ef7cb524b1112b2afb69b9726d26cc93873325eebe6950bd58f6e865a7401c85,2026-09-21,Estado publicado en los anexos de la propuesta provisional.
AEI-010500-2026-130,G99311086,CLUSTER DE EMPRESAS DE TECNOLOGIAS DE LA INFORMACION ELECTRONICA Y TELECOMUNICACIONES DE ARAGON,PROMETHEO: Plataforma agéntica en cloud para aprendizaje por competencias y formación reglada automatizada,"308.853,00 €","235.988,00 €","0,00 €","0,00 €",Aragón,"Incumple el artículo 7.3.c de la Orden ITU/868/2025, de 6 de agosto, según el cual en todas las actuaciones se exigirá la participación de un mínimo de dos pymes además de la AEI solicitante de la ayuda.",308853.00,235988.00,0.00,0.00,AEI-2026-010500-2026-130,2026,propuesta_desestimada_motivos,,"Incumple el artículo 7.3.c de la Orden ITU/868/2025, de 6 de agosto, según el cual en todas las actuaciones se exigirá la participación de un mínimo de dos pymes además de la AEI solicitante de la ayuda.",EUR,https://www.mintur.gob.es/PortalAyudas/AgrupacionesEmpresariales/Concesion/2026/Documents/Listado_PropResProvisional_Desestimadas_Motivos.pdf,1,8,ef7cb524b1112b2afb69b9726d26cc93873325eebe6950bd58f6e865a7401c85,2026-09-21,Estado publicado en los anexos de la propuesta provisional.
AEI-010500-2026-131,G19532209,"CLUSTER DE EMPRESAS DIGITALES, SOSTENIBLES E INDUSTRIAS INNOVADORAS (ONTECH INNOVATION)","Investigación y validación de arquitecturas híbridas de Inteligencia Artificial y Computación Cuántica basadas en grafos de conocimiento para la predicción y análisis prospectivo en redes eléctricas inteligentes, ""Q-GRID AI""","349.834,00 €","249.818,00 €","0,00 €","0,00 €",Andalucía,"Incumple el artículo 7.3.c de la Orden ITU/868/2025, de 6 de agosto, según el cual en todas las actuaciones se exigirá la participación de un mínimo de dos pymes además de la AEI solicitante de la ayuda.",349834.00,249818.00,0.00,0.00,AEI-2026-010500-2026-131,2026,propuesta_desestimada_motivos,,"Incumple el artículo 7.3.c de la Orden ITU/868/2025, de 6 de agosto, según el cual en todas las actuaciones se exigirá la participación de un mínimo de dos pymes además de la AEI solicitante de la ayuda.",EUR,https://www.mintur.gob.es/PortalAyudas/AgrupacionesEmpresariales/Concesion/2026/Documents/Listado_PropResProvisional_Desestimadas_Motivos.pdf,1,9,ef7cb524b1112b2afb69b9726d26cc93873325eebe6950bd58f6e865a7401c85,2026-09-21,Estado publicado en los anexos de la propuesta provisional.
AEI-010500-2026-140,G23624422,ASOCIACIÓN AGRUPACIÓN EMPRESARIAL INNOVADORA DEL SECTOR PROVEEDOR DE BIENES Y SERVICIOS DEL SECTOR OLEÍCOLA (INOLEO),"SINGULAR-IoT Sistema inteligente IoT para la monitorización, conservación y valorización nacional de árboles monumentales","287.574,00 €","223.673,00 €","0,00 €","0,00 €",Andalucía,"Incumple el artículo 7.3.d de la Orden ITU/868/2025, de 6 de agosto, según el cual las AEI participantes tendrán una contribución mínima del 4% del presupuesto subvencionable.",287574.00,223673.00,0.00,0.00,AEI-2026-010500-2026-140,2026,propuesta_desestimada_motivos,,"Incumple el artículo 7.3.d de la Orden ITU/868/2025, de 6 de agosto, según el cual las AEI participantes tendrán una contribución mínima del 4% del presupuesto subvencionable.",EUR,https://www.mintur.gob.es/PortalAyudas/AgrupacionesEmpresariales/Concesion/2026/Documents/Listado_PropResProvisional_Desestimadas_Motivos.pdf,1,10,ef7cb524b1112b2afb69b9726d26cc93873325eebe6950bd58f6e865a7401c85,2026-09-21,Estado publicado en los anexos de la propuesta provisional.
AEI-010500-2026-141,G65103905,SOUTHERN EUROPEAN CLUSTER IN PHOTONICS & OPTICS (SECPHO),PROGRAF: Diseño y prototipado de una plataforma de diagnóstico molecular de precisión basada en transistores de grafeno,"297.574,00 €","238.057,00 €","0,00 €","0,00 €",Cataluña,"Incumple el artículo 7.3.c de la Orden ITU/868/2025, de 6 de agosto, según el cual en todas las actuaciones se exigirá la participación de un mínimo de dos pymes además de la AEI solicitante de la ayuda.",297574.00,238057.00,0.00,0.00,AEI-2026-010500-2026-141,2026,propuesta_desestimada_motivos,,"Incumple el artículo 7.3.c de la Orden ITU/868/2025, de 6 de agosto, según el cual en todas las actuaciones se exigirá la participación de un mínimo de dos pymes además de la AEI solicitante de la ayuda.",EUR,https://www.mintur.gob.es/PortalAyudas/AgrupacionesEmpresariales/Concesion/2026/Documents/Listado_PropResProvisional_Desestimadas_Motivos.pdf,1,11,ef7cb524b1112b2afb69b9726d26cc93873325eebe6950bd58f6e865a7401c85,2026-09-21,Estado publicado en los anexos de la propuesta provisional.
AEI-010500-2026-152,G99311086,CLUSTER DE EMPRESAS DE TECNOLOGIAS DE LA INFORMACION ELECTRONICA Y TELECOMUNICACIONES DE ARAGON,PROYECTOS DE INVESTIGACIÓN INDUSTRIAL EN CONSTRUCCIÓN CON INTELIGENCIA ARTIFICIAL - PROCONIA,"303.828,00 €","151.913,00 €","0,00 €","0,00 €",Aragón,"Incumple el artículo 7.3.e de la Orden ITU/868/2025, de 6 de agosto, según el cual la contribución de las entidades que no cumplan la definición de pyme del artículo 2.3 no podrá ser superior al 50% del presupuesto total subvencionable.",303828.00,151913.00,0.00,0.00,AEI-2026-010500-2026-152,2026,propuesta_desestimada_motivos,,"Incumple el artículo 7.3.e de la Orden ITU/868/2025, de 6 de agosto, según el cual la contribución de las entidades que no cumplan la definición de pyme del artículo 2.3 no podrá ser superior al 50% del presupuesto total subvencionable.",EUR,https://www.mintur.gob.es/PortalAyudas/AgrupacionesEmpresariales/Concesion/2026/Documents/Listado_PropResProvisional_Desestimadas_Motivos.pdf,1,12,ef7cb524b1112b2afb69b9726d26cc93873325eebe6950bd58f6e865a7401c85,2026-09-21,Estado publicado en los anexos de la propuesta provisional.
AEI-010500-2026-157,G13936778,CLÚSTER SMART CITY ASTURIAS,MICRO-PUMAR: Investigación de la microbiota autóctona con potencial biofertilizante en pumaradas ecológicas asturianas mediante teledetección multiespectral con dron e inteligencia artificial,"90.517,00 €","72.411,00 €","0,00 €","0,00 €","Asturias, Principado de","No identificar una persona física única en calidad de Directora Técnica del proyecto, incumpliendo lo establecido en el artículo 7.3.f) de la Orden ITU/868/2025, de 6 de agosto, según el cual en los proyectos en cooperación se deberá nombrar a una sola persona física como Directora Técnica del proyecto.",90517.00,72411.00,0.00,0.00,AEI-2026-010500-2026-157,2026,propuesta_desestimada_motivos,,"No identificar una persona física única en calidad de Directora Técnica del proyecto, incumpliendo lo establecido en el artículo 7.3.f) de la Orden ITU/868/2025, de 6 de agosto, según el cual en los proyectos en cooperación se deberá nombrar a una sola persona física como Directora Técnica del proyecto.",EUR,https://www.mintur.gob.es/PortalAyudas/AgrupacionesEmpresariales/Concesion/2026/Documents/Listado_PropResProvisional_Desestimadas_Motivos.pdf,1,13,ef7cb524b1112b2afb69b9726d26cc93873325eebe6950bd58f6e865a7401c85,2026-09-21,Estado publicado en los anexos de la propuesta provisional.
AEI-010500-2026-159,G19532209,"CLUSTER DE EMPRESAS DIGITALES, SOSTENIBLES E INDUSTRIAS INNOVADORAS (ONTECH INNOVATION)","Plataforma de inteligencia artificial para la gestión normativa continua de pymes tecnológicas, industriales y de servicios avanzados, ""NORMIA""","274.969,00 €","199.643,00 €","0,00 €","0,00 €",Andalucía,"Incumple el artículo 7.3.c de la Orden ITU/868/2025, de 6 de agosto, según el cual en todas las actuaciones se exigirá la participación de un mínimo de dos pymes además de la AEI solicitante de la ayuda.",274969.00,199643.00,0.00,0.00,AEI-2026-010500-2026-159,2026,propuesta_desestimada_motivos,,"Incumple el artículo 7.3.c de la Orden ITU/868/2025, de 6 de agosto, según el cual en todas las actuaciones se exigirá la participación de un mínimo de dos pymes además de la AEI solicitante de la ayuda.",EUR,https://www.mintur.gob.es/PortalAyudas/AgrupacionesEmpresariales/Concesion/2026/Documents/Listado_PropResProvisional_Desestimadas_Motivos.pdf,1,14,ef7cb524b1112b2afb69b9726d26cc93873325eebe6950bd58f6e865a7401c85,2026-09-21,Estado publicado en los anexos de la propuesta provisional.
AEI-010500-2026-165,G26474023,AGRUPACION EMPRESARIAL INNOVADORA DEL SECTOR DE LAS TECNOLOGIAS DE LA INFORMACION Y DE LAS COMUNICACIONES DE LA RIOJA,Inteligencia en el Comercio Electrónico del sector Calzado: INCAL,"166.129,00 €","83.063,00 €","0,00 €","0,00 €",La Rioja,"Incumple el artículo 7.3.c de la Orden ITU/868/2025, de 6 de agosto, según el cual en todas las actuaciones se exigirá la participación de un mínimo de dos pymes además de la AEI solicitante de la ayuda.",166129.00,83063.00,0.00,0.00,AEI-2026-010500-2026-165,2026,propuesta_desestimada_motivos,,"Incumple el artículo 7.3.c de la Orden ITU/868/2025, de 6 de agosto, según el cual en todas las actuaciones se exigirá la participación de un mínimo de dos pymes además de la AEI solicitante de la ayuda.",EUR,https://www.mintur.gob.es/PortalAyudas/AgrupacionesEmpresariales/Concesion/2026/Documents/Listado_PropResProvisional_Desestimadas_Motivos.pdf,1,15,ef7cb524b1112b2afb69b9726d26cc93873325eebe6950bd58f6e865a7401c85,2026-09-21,Estado publicado en los anexos de la propuesta provisional.
AEI-010500-2026-168,G08487878,GREMI D'INDÚSTRIES GRÀFIQUES DE CATALUNYA,«Transformación y Reindustrialización del Sector de la Industria y la Comunicación Gráfica»,"250.000,00 €","125.000,00 €","0,00 €","0,00 €",Cataluña,"Incumple el artículo 7.3.c de la Orden ITU/868/2025, de 6 de agosto, según el cual en todas las actuaciones se exigirá la participación de un mínimo de dos pymes además de la AEI solicitante de la ayuda.",250000.00,125000.00,0.00,0.00,AEI-2026-010500-2026-168,2026,propuesta_desestimada_motivos,,"Incumple el artículo 7.3.c de la Orden ITU/868/2025, de 6 de agosto, según el cual en todas las actuaciones se exigirá la participación de un mínimo de dos pymes además de la AEI solicitante de la ayuda.",EUR,https://www.mintur.gob.es/PortalAyudas/AgrupacionesEmpresariales/Concesion/2026/Documents/Listado_PropResProvisional_Desestimadas_Motivos.pdf,1,16,ef7cb524b1112b2afb69b9726d26cc93873325eebe6950bd58f6e865a7401c85,2026-09-21,Estado publicado en los anexos de la propuesta provisional.
AEI-010200-2026-5,G71464051,Asociación Navarra Clúster para la Industrialización de la Construcción,"Fase específica de consolidación operativa de iCONS como AEI incipiente para el impulso de la construcción industrializada, digital, sostenible e innovadora","50.003,00 €","25.001,00 €","0,00 €","0,00 €","Navarra, Comunidad Foral","No estar inscrito algún participante en el Registro de Agrupaciones Empresariales Innovadoras con inscripción vigente en la fecha de publicación de la convocatoria, conforme al artículo 9 de la Orden ITU/868/2025, de 6 de agosto.",50003.00,25001.00,0.00,0.00,AEI-2026-010200-2026-5,2026,propuesta_desestimada_motivos,,"No estar inscrito algún participante en el Registro de Agrupaciones Empresariales Innovadoras con inscripción vigente en la fecha de publicación de la convocatoria, conforme al artículo 9 de la Orden ITU/868/2025, de 6 de agosto.",EUR,https://www.mintur.gob.es/PortalAyudas/AgrupacionesEmpresariales/Concesion/2026/Documents/Listado_PropResProvisional_Desestimadas_Motivos.pdf,1,17,ef7cb524b1112b2afb69b9726d26cc93873325eebe6950bd58f6e865a7401c85,2026-09-21,Estado publicado en los anexos de la propuesta provisional.
AEI-010300-2026-3,G13791793,ASOCIACIÓN CLUSTER AUDIOVISUAL DE MADRID,"PLATÓ Plataforma Logística del Audiovisual: Test Operativo ""Estudio de viabilidad de un sandbox de logística para el audiovisual""","68.144,00 €","34.072,00 €","0,00 €","0,00 €",Comunidad de Madrid,Desistimiento expreso del interesado.,68144.00,34072.00,0.00,0.00,AEI-2026-010300-2026-3,2026,desistida,,Desistimiento expreso del interesado.,EUR,https://www.mintur.gob.es/PortalAyudas/AgrupacionesEmpresariales/Concesion/2026/Documents/Listado_AyudasDesistidas.pdf,1,1,5d28c1579d003245da5c65c73eb9b77dd46323160b778540bc96652875b8a299,2026-09-21,Estado publicado en los anexos de la propuesta provisional.
AEI-010500-2026-34,G65270035,"CLÚSTER DE LAS TECNOLOGÍAS INTELIGENTES PARA LAS CIUDADES, LOS EDIFICIOS Y LA INDUSTRIA (SMARTECH CLUSTER)",Graph-LCA,"290.062,00 €","145.029,00 €","0,00 €","0,00 €",Cataluña,Desistimiento expreso del interesado.,290062.00,145029.00,0.00,0.00,AEI-2026-010500-2026-34,2026,desistida,,Desistimiento expreso del interesado.,EUR,https://www.mintur.gob.es/PortalAyudas/AgrupacionesEmpresariales/Concesion/2026/Documents/Listado_AyudasDesistidas.pdf,1,2,5d28c1579d003245da5c65c73eb9b77dd46323160b778540bc96652875b8a299,2026-09-21,Estado publicado en los anexos de la propuesta provisional.
AEI-010500-2026-55,G66522269,ASSOCIACIÓ CLÚSTER DE MATERIALS AVANÇATS DE CATALUNYA,TRACE4ACOUSTICS: Investigación industrial de materiales acústicos biobasados y tecnologías de trazabilidad digital para la construcción sostenible,"319.193,00 €","239.208,00 €","0,00 €","0,00 €",Cataluña,Desistimiento expreso del interesado.,319193.00,239208.00,0.00,0.00,AEI-2026-010500-2026-55,2026,desistida,,Desistimiento expreso del interesado.,EUR,https://www.mintur.gob.es/PortalAyudas/AgrupacionesEmpresariales/Concesion/2026/Documents/Listado_AyudasDesistidas.pdf,1,3,5d28c1579d003245da5c65c73eb9b77dd46323160b778540bc96652875b8a299,2026-09-21,Estado publicado en los anexos de la propuesta provisional.
AEI-010500-2026-67,G99299299,ASOCIACIÓN LOGÍSTICA INNOVADORA DE ARAGÓN (ALIA),"SMARTSHIFT: Investigación industrial de una plataforma inteligente basada en IA predictiva, optimización y estándares seguros de interoperabilidad de datos para la gestión del absentismo y la movilidad sostenible en entornos industriales.","323.877,00 €","169.150,00 €","0,00 €","0,00 €",Aragón,Desistimiento expreso del interesado.,323877.00,169150.00,0.00,0.00,AEI-2026-010500-2026-67,2026,desistida,,Desistimiento expreso del interesado.,EUR,https://www.mintur.gob.es/PortalAyudas/AgrupacionesEmpresariales/Concesion/2026/Documents/Listado_AyudasDesistidas.pdf,1,4,5d28c1579d003245da5c65c73eb9b77dd46323160b778540bc96652875b8a299,2026-09-21,Estado publicado en los anexos de la propuesta provisional.
AEI-010500-2026-68,G99299299,ASOCIACIÓN LOGÍSTICA INNOVADORA DE ARAGÓN (ALIA),"HYPERION: Red de Optimización Operativa en Tiempo Real mediante IA Predictiva, Biometría y Simulación Avanzada","333.241,00 €","248.259,00 €","0,00 €","0,00 €",Aragón,Desistimiento expreso del interesado.,333241.00,248259.00,0.00,0.00,AEI-2026-010500-2026-68,2026,desistida,,Desistimiento expreso del interesado.,EUR,https://www.mintur.gob.es/PortalAyudas/AgrupacionesEmpresariales/Concesion/2026/Documents/Listado_AyudasDesistidas.pdf,1,5,5d28c1579d003245da5c65c73eb9b77dd46323160b778540bc96652875b8a299,2026-09-21,Estado publicado en los anexos de la propuesta provisional.
AEI-010500-2026-91,G85321883,CENTRO DE INNOVACION TECNOLOGICA PARA LA LOGISTICA Y EL TRANSPORTE DE MERCANCIAS POR CARRETERA (CITET),TRUSTCHAIN LOGISTICS 4.0,"321.981,00 €","249.886,00 €","0,00 €","0,00 €",Comunidad de Madrid,No presentar la documentación requerida para la subsanación de la solicitud conforme a lo establecido en el artículo 18.4 de la Orden de bases.,321981.00,249886.00,0.00,0.00,AEI-2026-010500-2026-91,2026,desistida,,No presentar la documentación requerida para la subsanación de la solicitud conforme a lo establecido en el artículo 18.4 de la Orden de bases.,EUR,https://www.mintur.gob.es/PortalAyudas/AgrupacionesEmpresariales/Concesion/2026/Documents/Listado_AyudasDesistidas.pdf,1,6,5d28c1579d003245da5c65c73eb9b77dd46323160b778540bc96652875b8a299,2026-09-21,Estado publicado en los anexos de la propuesta provisional.
AEI-010500-2026-106,G19532209,"CLUSTER DE EMPRESAS DIGITALES, SOSTENIBLES E INDUSTRIAS INNOVADORAS (ONTECH INNOVATION)","WaaS-Mateo - Fiabilidad y verificación de agentes sobre legacy administrativo español, ""WaaS-Mateo""","304.013,00 €","232.460,00 €","0,00 €","0,00 €",Andalucía,No presentar la documentación requerida para la subsanación de la solicitud conforme a lo establecido en el artículo 18.4 de la Orden de bases.,304013.00,232460.00,0.00,0.00,AEI-2026-010500-2026-106,2026,desistida,,No presentar la documentación requerida para la subsanación de la solicitud conforme a lo establecido en el artículo 18.4 de la Orden de bases.,EUR,https://www.mintur.gob.es/PortalAyudas/AgrupacionesEmpresariales/Concesion/2026/Documents/Listado_AyudasDesistidas.pdf,1,7,5d28c1579d003245da5c65c73eb9b77dd46323160b778540bc96652875b8a299,2026-09-21,Estado publicado en los anexos de la propuesta provisional.
AEI-010500-2026-115,G48562698,ACICAE - CLUSTER DE AUTOMOCIÓN DEL PAÍS VASCO - EUSKADI,"DPP4QA - Transformación digital de la soldadura industrial mediante Pasaporte de Producto Digital, inspección dimensional avanzada y modelos de IA para calidad y trazabilidad","268.673,00 €","214.936,00 €","0,00 €","0,00 €",País Vasco,No presentar la documentación requerida para la subsanación de la solicitud conforme a lo establecido en el artículo 18.4 de la Orden de bases.,268673.00,214936.00,0.00,0.00,AEI-2026-010500-2026-115,2026,desistida,,No presentar la documentación requerida para la subsanación de la solicitud conforme a lo establecido en el artículo 18.4 de la Orden de bases.,EUR,https://www.mintur.gob.es/PortalAyudas/AgrupacionesEmpresariales/Concesion/2026/Documents/Listado_AyudasDesistidas.pdf,1,8,5d28c1579d003245da5c65c73eb9b77dd46323160b778540bc96652875b8a299,2026-09-21,Estado publicado en los anexos de la propuesta provisional.
AEI-010500-2026-118,G75608042,CLUSTER DE INNOVACION TECNOLOGICA DE LA AGROINDUSTRIA,VALHORA. Valorización inteligente y colaborativa de subproductos hortofrutícolas mediante herramientas digitales y su aplicación en modelos de economía circular,"308.598,00 €","245.317,00 €","0,00 €","0,00 €",Andalucía,No presentar la documentación requerida para la subsanación de la solicitud conforme a lo establecido en el artículo 18.4 de la Orden de bases.,308598.00,245317.00,0.00,0.00,AEI-2026-010500-2026-118,2026,desistida,,No presentar la documentación requerida para la subsanación de la solicitud conforme a lo establecido en el artículo 18.4 de la Orden de bases.,EUR,https://www.mintur.gob.es/PortalAyudas/AgrupacionesEmpresariales/Concesion/2026/Documents/Listado_AyudasDesistidas.pdf,1,9,5d28c1579d003245da5c65c73eb9b77dd46323160b778540bc96652875b8a299,2026-09-21,Estado publicado en los anexos de la propuesta provisional.
AEI-010500-2026-123,G22280010,FUNDACION PARA EL DESARROLLO DE LA NUEVAS TECNOLOGIAS DEL HIDROGENO EN ARAGON,ControlCool - Optimización del control de un sistema de refrigeración de hidrógeno para estaciones de dispensación de hidrógeno,"106.864,00 €","82.696,00 €","0,00 €","0,00 €",Aragón,No presentar la documentación requerida para la subsanación de la solicitud conforme a lo establecido en el artículo 18.4 de la Orden de bases.,106864.00,82696.00,0.00,0.00,AEI-2026-010500-2026-123,2026,desistida,,No presentar la documentación requerida para la subsanación de la solicitud conforme a lo establecido en el artículo 18.4 de la Orden de bases.,EUR,https://www.mintur.gob.es/PortalAyudas/AgrupacionesEmpresariales/Concesion/2026/Documents/Listado_AyudasDesistidas.pdf,1,10,5d28c1579d003245da5c65c73eb9b77dd46323160b778540bc96652875b8a299,2026-09-21,Estado publicado en los anexos de la propuesta provisional.
AEI-010500-2026-148,G13936778,CLÚSTER SMART CITY ASTURIAS,Sistema inteligente de integración parking domótica para activación automática de espacios de trabajo (PARKDOM- LORA+),"121.050,00 €","60.566,00 €","0,00 €","0,00 €","Asturias, Principado de",No presentar la documentación requerida para la subsanación de la solicitud conforme a lo establecido en el artículo 18.4 de la Orden de bases.,121050.00,60566.00,0.00,0.00,AEI-2026-010500-2026-148,2026,desistida,,No presentar la documentación requerida para la subsanación de la solicitud conforme a lo establecido en el artículo 18.4 de la Orden de bases.,EUR,https://www.mintur.gob.es/PortalAyudas/AgrupacionesEmpresariales/Concesion/2026/Documents/Listado_AyudasDesistidas.pdf,1,11,5d28c1579d003245da5c65c73eb9b77dd46323160b778540bc96652875b8a299,2026-09-21,Estado publicado en los anexos de la propuesta provisional.
AEI-010500-2026-167,G06943112,ASOCIACION RE THINK TOURISM,Simulador Digital de Soluciones Integrales de Sostenibilidad,"484.947,00 €","249.903,00 €","0,00 €","0,00 €",Cataluña,No presentar la documentación requerida para la subsanación de la solicitud conforme a lo establecido en el artículo 18.4 de la Orden de bases.,484947.00,249903.00,0.00,0.00,AEI-2026-010500-2026-167,2026,desistida,,No presentar la documentación requerida para la subsanación de la solicitud conforme a lo establecido en el artículo 18.4 de la Orden de bases.,EUR,https://www.mintur.gob.es/PortalAyudas/AgrupacionesEmpresariales/Concesion/2026/Documents/Listado_AyudasDesistidas.pdf,1,12,5d28c1579d003245da5c65c73eb9b77dd46323160b778540bc96652875b8a299,2026-09-21,Estado publicado en los anexos de la propuesta provisional.
