id_registro,convocatoria,expediente,ambito,razon_social,nif,titulo_proyecto,puntuacion,estado_en_fuente,subvencion_eur,solicitado_eur,relacion,motivo_sector,nota_revision,fuentes
sector:2011:AEI-010400-2011-63,2011,AEI-010400-2011-63,Frío,ASOCIACION MURCIANA DE LOGISTICA (AML),G73517492,INNOVACIÓN EN SISTEMAS DE TRANSPORTE Y ALMACENAJE EN LA CADENA DE FRÍO,51,concedida_segun_listado,22681.00,,directa,Transporte y almacenamiento en cadena de frío.,"Título vinculado por coincidencia única de año, NIF e importe. Cruce de expediente pendiente de confirmación documental.","[{""url"": ""https://clusters.ipyme.org/es-es/Identificar/Paginas/DatosAbiertos.aspx"", ""label"": ""Catálogo oficial de proyectos (exportación local)"", ""pagina"": """"}, {""url"": ""https://www.boe.es/diario_boe/txt.php?id=BOE-A-2011-18282"", ""label"": ""Fuente del estado e importe en la base"", ""pagina"": """"}]"
sector:2012:AEI-010300-2012-145,2012,AEI-010300-2012-145,Frío,ASOCIACION MURCIANA DE LOGISTICA (AML),G73517492,VALORIZACIÓN DEL CO2 OBTENIDO DE LA BIOMETANIZACIÓN DE DESHECHOS PARA SU UTILIZACIÓN EN LA LOGÍSTICA DE FRÍO,,concedida_segun_listado,34746.00,,directa,Uso de CO2 en logística de frío.,"Título vinculado por coincidencia única de año, NIF e importe. Cruce de expediente pendiente de confirmación documental.","[{""url"": ""https://clusters.ipyme.org/es-es/Identificar/Paginas/DatosAbiertos.aspx"", ""label"": ""Catálogo oficial de proyectos (exportación local)"", ""pagina"": """"}, {""url"": ""https://www.boe.es/diario_boe/txt.php?id=BOE-A-2013-1009"", ""label"": ""Fuente del estado e importe en la base"", ""pagina"": """"}]"
sector:2013:AEI-010300-2013-187,2013,AEI-010300-2013-187,Frío,ASOC. PARA LA MEJORA COMPETITIVA DEL CLUSTER AGROINDUSTRIAL,G04679650,Estudio comparativo de sistemas de desinfección aplicados en cámaras frigoríficas de almacenamiento de productos hortícolas,,propuesta_desestimada_puntuacion,,,directa,Desinfección de cámaras frigoríficas de almacenamiento hortícola.,,"[{""url"": ""https://www.mintur.gob.es/PortalAyudas/AgrupacionesEmpresariales/Concesion/2013/Documents/2-%20Listado_provisional_ayudas_denegadas.pdf"", ""label"": ""Anexo de propuesta provisional"", ""pagina"": ""2""}]"
sector:2013:AEI-010300-2013-116,2013,AEI-010300-2013-116,Frío,ASOCIACION CLUSTER DEL ENVASE TRANSPORTE LOGISTICA Y MERCANCIAS EXTREMADURA,G06421929,"CERES, De La Tierra a la Mesa - Análisis de Posibilidades y Viabilidad para el Transporte Ferroviario de Fruta y Vegetales Perecederos de Extremadura",,propuesta_desestimada_puntuacion,,,directa,Transporte ferroviario de frutas y vegetales perecederos; conservación durante la distribución.,,"[{""url"": ""https://www.mintur.gob.es/PortalAyudas/AgrupacionesEmpresariales/Concesion/2013/Documents/2-%20Listado_provisional_ayudas_denegadas.pdf"", ""label"": ""Anexo de propuesta provisional"", ""pagina"": ""3""}]"
sector:2013:AEI-010300-2013-172,2013,AEI-010300-2013-172,Frío,ASOCIACIÓN SOSTENIBILIDAD Y ENERGIAS RENOVABLES,G85676997,"ACTIVIDADES ESPECÍFICAS DIRIGIDAS A FORTALECER EL POTENCIAL INNOVADOR Y LA COMPETITIVIDAD DE LAS EMPRESAS DE LA A.E.I.:ESTUDIO DE VIABILIDAD DE RBT, ZERO EMISSIONS THROUGH REFRIGERATION OPTIMIZATION",60,concedida_segun_listado,10194.00,,relacionada,Optimización de refrigeración; el título no permite confirmar aplicación logística.,,"[{""url"": ""https://www.mintur.gob.es/PortalAyudas/AgrupacionesEmpresariales/Concesion/2013/Documents/1-%20Listado_provisional_ayudas_concedidas.pdf"", ""label"": ""Anexo de propuesta provisional"", ""pagina"": ""21""}, {""url"": ""https://www.mintur.gob.es/PortalAyudas/AgrupacionesEmpresariales/Concesion/2013/Documents/Listado_definitivo_ayudas_concedidas.pdf"", ""label"": ""Fuente del estado e importe en la base"", ""pagina"": ""11""}]"
sector:2014:AEI-010500-2014-366,2014,AEI-010500-2014-366,Frío,ASSOCIACIÓ AEI INNOVI,G65041345,Proyecto de innovación como alternativa ecológica al monopropilenglicol (MPG) en el sistema de congelación de vinos espumosos en el proceso de degüello,50,concedida_segun_listado,29642.00,,relacionada,"Congelación en elaboración de vino; proceso industrial alimentario, no transporte ni almacenaje.",,"[{""url"": ""https://www.mintur.gob.es/PortalAyudas/AgrupacionesEmpresariales/Concesion/2014/Documents/Listado_provisional_ayudas_concedidas.pdf"", ""label"": ""Anexo de propuesta provisional"", ""pagina"": ""22""}, {""url"": ""https://www.mintur.gob.es/PortalAyudas/AgrupacionesEmpresariales/Concesion/2014/Documents/Listado_definitivo_ayudas_concedidas.pdf"", ""label"": ""Fuente del estado e importe en la base"", ""pagina"": ""20""}]"
sector:2015:AEI-010300-2015-293,2015,AEI-010300-2015-293,Frío,CLUSTER DE IMPRESION FUNCIONAL DE NAVARRA,G71199533,ESTUDIO DE VIABILIDAD TÉCNICA : FABRICACION DE ETIQUETAS INDICADORAS DE DESCONGELACIÓN: CONTROL DE LA CADENA DE FRIO.,71,concedida_segun_listado,27065.00,,directa,Etiquetas que indican descongelación y permiten controlar la cadena de frío.,,"[{""url"": ""https://www.mintur.gob.es/PortalAyudas/AgrupacionesEmpresariales/Concesion/2015/Documents/3-%20Listado_provisional_ayudas_concedidas_AEI_2015.pdf"", ""label"": ""Anexo de propuesta provisional"", ""pagina"": ""2""}, {""url"": ""https://www.boe.es/diario_boe/txt.php?id=BOE-A-2016-856"", ""label"": ""Fuente del estado e importe en la base"", ""pagina"": """"}]"
sector:2017:AEI-010600-2017-178,2017,AEI-010600-2017-178,Frío,ASSOCIACIÓN CLUSTER DIGITAL DE CATALUNYA,G66505751,Estudio de viabilidad para el mantenimiento de la temperatura controlada en los aeropuertos para los sectores químico-farmacéutico y alimentario a través del análisis de datos de temperatura en puntos críticos de distribución y carga.,52.5,concedida_segun_listado,45628.00,,directa,Control de temperatura en distribución y carga aeroportuaria de alimentos y productos farmacéuticos.,,"[{""url"": ""https://www.mintur.gob.es/PortalAyudas/AgrupacionesEmpresariales/Concesion/2017/Documents/Listado_provisional_%20ayudas_concedidas.pdf"", ""label"": ""Anexo de propuesta provisional"", ""pagina"": ""12""}, {""url"": ""https://www.mintur.gob.es/PortalAyudas/AgrupacionesEmpresariales/Concesion/2017/Documents/2-%20Listado_definitivo_ayudas_concedidas_AEI_2017.pdf"", ""label"": ""Fuente del estado e importe en la base"", ""pagina"": ""9""}]"
sector:2018:AEI-010500-2018-133,2018,AEI-010500-2018-133,Frío,PACKAGING CLUSTER,G65920035,"Cool Packaging, desarrollo de un contenedor modular que mantenga la temperatura controlada durante un mínimo de 5 días de forma pasiva y dotado de inteligencia y control remoto",64.21,concedida_segun_listado,70431.00,,directa,Contenedor modular con temperatura controlada y seguimiento remoto.,,"[{""url"": ""https://www.mintur.gob.es/PortalAyudas/AgrupacionesEmpresariales/Concesion/2018/Documents/Listado_provisional_%20ayudas_concedidas.pdf"", ""label"": ""Anexo de propuesta provisional"", ""pagina"": 3}, {""url"": ""https://www.mintur.gob.es/PortalAyudas/AgrupacionesEmpresariales/Concesion/2018/Documents/Listado_definitivo_ayudas_concedidas_AEI_2018.pdf"", ""label"": ""Fuente del estado e importe en la base"", ""pagina"": ""2""}]"
sector:2018:AEI-010500-2018-64,2018,AEI-010500-2018-64,Frío,PACKAGING CLUSTER,,"Cool Packaging, desarrollo de un contenedor modular que mantenga la temperatura controlada durante un mínimo de 5 días de forma pasiva y dotado de inteligencia y control remoto",,desistida,,,directa,"Contenedor modular con temperatura controlada; solicitud con renuncia, distinta del expediente 133.",El anexo especifica Renuncia. Se conserva como expediente independiente del 133 aunque comparten título.,"[{""url"": ""https://www.mintur.gob.es/PortalAyudas/AgrupacionesEmpresariales/Concesion/2018/Documents/Listado_provisional_ayudas_desestimadas.pdf"", ""label"": ""Anexo de propuesta provisional"", ""pagina"": ""6""}, {""url"": ""https://www.mintur.gob.es/PortalAyudas/AgrupacionesEmpresariales/Concesion/2018/Documents/Listado_provisional_ayudas_desestimadas.pdf"", ""label"": ""Fuente del estado e importe en la base"", ""pagina"": ""6""}]"
sector:2018:AEI-010500-2018-120,2018,AEI-010500-2018-120,Frío,CITET,G85321883,GETRA: GEstión de la TRAzabilidad de temperatura en el transporte,51.49,concedida_segun_listado,59339.00,,directa,Trazabilidad de la temperatura durante el transporte.,,"[{""url"": ""https://www.mintur.gob.es/PortalAyudas/AgrupacionesEmpresariales/Concesion/2018/Documents/Listado_provisional_%20ayudas_concedidas.pdf"", ""label"": ""Anexo de propuesta provisional"", ""pagina"": 15}, {""url"": ""https://www.mintur.gob.es/PortalAyudas/AgrupacionesEmpresariales/Concesion/2018/Documents/Listado_definitivo_ayudas_concedidas_AEI_2018.pdf"", ""label"": ""Fuente del estado e importe en la base"", ""pagina"": ""8""}]"
sector:2018:AEI-010500-2018-233,2018,AEI-010500-2018-233,Frío,FUNDACION PARA EL DESARROLLO DE LAS NUEVAS TECNOLOGÍAS DEL HIDRÓGENO EN ARAGÓN,,PLATAFORMA DE GSTIÓN INTELIGENTE 4.0. EN CÁMARAS DE REFRIGERACIÓN DE LA INDUSTRIA ALIMENTARIA (GESINFRIO 4.0),,propuesta_desestimada_motivos,,,directa,Gestión inteligente de cámaras de refrigeración alimentaria.,,"[{""url"": ""https://www.mintur.gob.es/PortalAyudas/AgrupacionesEmpresariales/Concesion/2018/Documents/Listado_provisional_ayudas_desestimadas.pdf"", ""label"": ""Anexo de propuesta provisional"", ""pagina"": ""10""}, {""url"": ""https://www.mintur.gob.es/PortalAyudas/AgrupacionesEmpresariales/Concesion/2018/Documents/Listado_provisional_ayudas_desestimadas.pdf"", ""label"": ""Fuente del estado e importe en la base"", ""pagina"": ""10""}]"
sector:2021:AEI-010500-2021-192,2021,AEI-010500-2021-192,Frío,ASOCIACIÓN CLÚSTER ALIMENTARIO DE GALICIA,G27407212,FOODTECHINK Investigación sobre la aplicabilidad industrial de nuevos indicadores colorimétricos para monitorizar calidad y cadena de frío en alimentos frescos envasados,63.17,concedida_segun_listado,122092.00,,directa,Indicadores colorimétricos para controlar la cadena de frío de alimentos envasados.,,"[{""url"": ""https://www.mintur.gob.es/PortalAyudas/AgrupacionesEmpresariales/Concesion/2021/Documents/AEI_2021_Listado_provisional_ayudas_concedidas.pdf"", ""label"": ""Anexo de propuesta provisional"", ""pagina"": ""2""}, {""url"": ""https://www.mintur.gob.es/PortalAyudas/AgrupacionesEmpresariales/Concesion/2021/Documents/Listado_definitivo_ayudas_concedidas_AEI_2021.pdf"", ""label"": ""Fuente del estado e importe en la base"", ""pagina"": ""1""}, {""url"": ""https://ceteca.net/es/servizos/idi/proxectos/proyecto-foodtechink/"", ""label"": ""Centro participante: descripción y consorcio""}]"
sector:2021:AEI-010600-2021-82,2021,AEI-010600-2021-82,Frío,ASSOCIACIÓ CATALANA D'INNOVACIÓ DEL SECTOR CARNI PORCÍ (INNOVACC),,DESEMBOXMEAT - Viabilidad de un prototipo para desmoldear la carne congelada en cajas,,propuesta_desestimada_puntuacion,,,relacionada,Desmoldeo automatizado de carne congelada; manipulación industrial previa a la distribución.,,"[{""url"": ""https://www.mintur.gob.es/PortalAyudas/AgrupacionesEmpresariales/Concesion/2021/Documents/AEI_2021_Listado_provisional_ayudas_denegadas.pdf"", ""label"": ""Anexo de propuesta provisional"", ""pagina"": ""3""}]"
sector:2021b:AEI-010500-2021b-60,2021b,AEI-010500-2021b-60,Frío,ASSOCIACIÓ CATALANA D'INNOVACIÓ DEL SECTOR CARNI PORCÍ (INNOVACC),,DESEMBOXMEAT - Desarrollo de un prototipo automático para desmoldear la carne congelada en la industria cárnica,,propuesta_desestimada_puntuacion,,,relacionada,Desmoldeo de carne congelada; continuación temática en otra convocatoria.,,"[{""url"": ""https://www.mintur.gob.es/PortalAyudas/AgrupacionesEmpresariales/Concesion/2021-b/Documents/AEI_2021b_Listado_provisional_ayudas_denegadas.pdf"", ""label"": ""Anexo de propuesta provisional"", ""pagina"": ""4""}]"
sector:2022b:AEI-010500-2022b-164,2022b,AEI-010500-2022b-164,Frío,ASOCIACIÓN CLUSTER FOOD+I,G26460576,Investigación de Automatización del almacenaje en cámaras de congelación con la integración de AGVs y Visión Artificial_COOLBOT,52.26,concedida_segun_listado,162146.00,,directa,Automatización del almacenaje en cámaras de congelación con AGV y visión artificial.,,"[{""url"": ""https://www.mintur.gob.es/PortalAyudas/AgrupacionesEmpresariales/Concesion/2022b/Documents/AEI_2022b_Listado_provisional_ayudas_concedidas.pdf"", ""label"": ""Anexo de propuesta provisional"", ""pagina"": 27}, {""url"": ""https://www.mintur.gob.es/PortalAyudas/AgrupacionesEmpresariales/Concesion/2022b/Documents/AEI_2022b_Listado_definitivo_ayudas_concedidas.pdf"", ""label"": ""Fuente del estado e importe en la base"", ""pagina"": ""4""}]"
sector:2024:AEI-010500-2024-311,2024,AEI-010500-2024-311,Frío,ASSOCIACIÓ CLUSTER DEL PACKAGING,G65920035,COOLPACK. Envase sostenible y trazable para productos congelados,51.96,lista_espera_sin_concesion,,199921,directa,Envase sostenible y trazable para productos congelados.,,"[{""url"": ""https://www.mintur.gob.es/PortalAyudas/AgrupacionesEmpresariales/Concesion/2024/Documents/Propuesta de solicitudes aprobadas en lista de espera.pdf"", ""label"": ""Propuesta de solicitudes aprobadas en lista de espera"", ""pagina"": 4}]"
sector:2025:AEI-010500-2025-94,2025,AEI-010500-2025-94,Frío,ASOCIACIÓN CLÚSTER ALIMENTARIO DE GALICIA,G27407212,"GEMIAL, Gemelo Digital Integral para la Optimización de la Producción y Almacenamiento en frío en la Industria Alimentaria",60.8,concedida_segun_listado,236033.0,236033,directa,Gemelo digital para producción y almacenamiento en frío en la industria alimentaria.,,"[{""url"": ""https://www.mintur.gob.es/PortalAyudas/AgrupacionesEmpresariales/Concesion/2025/Documents/Listado Propuesta Resolución Definitiva.pdf"", ""label"": ""Propuesta de resolución definitiva"", ""pagina"": 3}, {""url"": ""https://www.mintur.gob.es/PortalAyudas/AgrupacionesEmpresariales/Concesion/2025/Documents/Listado_AyudasConcedidas.pdf"", ""label"": ""Fuente del estado e importe en la base"", ""pagina"": ""5""}]"
sector:2013:AEI-010200-2013-50,2013,AEI-010200-2013-50,Transporte y distribución,ASOCIACIÓN CLUSTER DE MOVILIDAD Y LOGISTICA DE EUSKADI,G01387414,Memoria de la solicitud de ayuda para el apoyo al funcionamiento de las estructuras de coordinación y gestión del Clúster de Movilidad y Logística de Euskadi 2013,55,concedida_segun_listado,74626.00,,general,"Transporte, distribución, almacenaje o servicios logísticos identificados en el título del proyecto.",,"[{""url"": ""https://www.mintur.gob.es/PortalAyudas/AgrupacionesEmpresariales/Concesion/2013/Documents/1-%20Listado_provisional_ayudas_concedidas.pdf"", ""label"": ""Anexo provisional: título y entidad"", ""pagina"": ""1""}, {""url"": ""https://www.mintur.gob.es/PortalAyudas/AgrupacionesEmpresariales/Concesion/2013/Documents/Listado_definitivo_ayudas_concedidas.pdf"", ""label"": ""Fuente del estado e importe"", ""pagina"": ""8""}]"
sector:2013:AEI-010300-2013-129,2013,AEI-010300-2013-129,Transporte y distribución,ASOCIACION CLUSTER DEL ENVASE TRANSPORTE LOGISTICA Y MERCANCIAS EXTREMADURA,G06421929,OPTIMIZACION DE LAS ENTRADAS Y SALIDAS DE MERCANCÍAS EN EXTREMADURA MEDIANTE EL FOMENTO DEL TRANSPORTE POR FERROCARRIL,50,concedida_segun_listado,32168.00,,general,"Transporte, distribución, almacenaje o servicios logísticos identificados en el título del proyecto.",,"[{""url"": ""https://www.mintur.gob.es/PortalAyudas/AgrupacionesEmpresariales/Concesion/2013/Documents/1-%20Listado_provisional_ayudas_concedidas.pdf"", ""label"": ""Anexo provisional: título y entidad"", ""pagina"": ""2""}, {""url"": ""https://www.mintur.gob.es/PortalAyudas/AgrupacionesEmpresariales/Concesion/2013/Documents/Listado_definitivo_ayudas_concedidas.pdf"", ""label"": ""Fuente del estado e importe"", ""pagina"": ""8""}]"
sector:2013:AEI-020300-2013-174,2013,AEI-020300-2013-174,Transporte y distribución,AEI CLUSTER DE TURISMO DE EXTREMADURA,G10391613,INTERCONECTA EXTREMADURA: Red de radiales de transporte turístico conectadas y adaptadas a los nuevos modelos de comercialización online,68,concedida_segun_listado,29100.00,,general,"Transporte, distribución, almacenaje o servicios logísticos identificados en el título del proyecto.",,"[{""url"": ""https://www.mintur.gob.es/PortalAyudas/AgrupacionesEmpresariales/Concesion/2013/Documents/1-%20Listado_provisional_ayudas_concedidas.pdf"", ""label"": ""Anexo provisional: título y entidad"", ""pagina"": ""3""}, {""url"": ""https://www.mintur.gob.es/PortalAyudas/AgrupacionesEmpresariales/Concesion/2013/Documents/Listado_definitivo_ayudas_concedidas.pdf"", ""label"": ""Fuente del estado e importe"", ""pagina"": ""1""}]"
sector:2013:AEI-010200-2013-57,2013,AEI-010200-2013-57,Transporte y distribución,AGRUPACIÓN EMPRESARIAL INNOVADORA DEL TRANSPORTE Y LA LOGÍSTICA DE LA RIOJA,G26505651,PUESTA EN MARCHA Y DESARROLLO DE LAS ESTRUCTURAS DE COORDINACIÓN Y GESTIÓN DE LA AGRUPACIÓN EMPRESARIAL INNOVADORA DEL TRANSPORTE Y LA LOGÍSTICA DE LA RIOJA,58,concedida_segun_listado,53625.00,,general,"Transporte, distribución, almacenaje o servicios logísticos identificados en el título del proyecto.",,"[{""url"": ""https://www.mintur.gob.es/PortalAyudas/AgrupacionesEmpresariales/Concesion/2013/Documents/1-%20Listado_provisional_ayudas_concedidas.pdf"", ""label"": ""Anexo provisional: título y entidad"", ""pagina"": ""6""}, {""url"": ""https://www.mintur.gob.es/PortalAyudas/AgrupacionesEmpresariales/Concesion/2013/Documents/Listado_definitivo_ayudas_concedidas.pdf"", ""label"": ""Fuente del estado e importe"", ""pagina"": ""4""}]"
sector:2013:AEI-010300-2013-406,2013,AEI-010300-2013-406,Transporte y distribución,ASOCIACIÓN AGRUPACION EMPRESARIAL INNOVADORA DEL SECTOR DE LA AUTOMOCIÓN DE LA PROVINCIA DE JAÉN,G23624497,Plataformas logísticas portuarias e intermodales: Optimización del transporte internacional,,propuesta_desestimada_puntuacion,,,general,"Transporte, distribución, almacenaje o servicios logísticos identificados en el título del proyecto.",,"[{""url"": ""https://www.mintur.gob.es/PortalAyudas/AgrupacionesEmpresariales/Concesion/2013/Documents/2-%20Listado_provisional_ayudas_denegadas.pdf"", ""label"": ""Anexo provisional: título y entidad"", ""pagina"": ""7""}]"
sector:2013:AEI-010300-2013-351,2013,AEI-010300-2013-351,Transporte y distribución,ASOCIACIÓN MURCIANA DE LOGÍSTICA (AML),G73517492,Plan de Fortalecimiento de la Cooperación Empresarial y el Potencial Innovador de las Empresas de la Logística de la Región de Murcia,,lista_espera_sin_concesion,,,general,"Transporte, distribución, almacenaje o servicios logísticos identificados en el título del proyecto.",,"[{""url"": ""https://www.mintur.gob.es/PortalAyudas/AgrupacionesEmpresariales/Concesion/2013/Documents/2-%20Listado_provisional_ayudas_denegadas.pdf"", ""label"": ""Anexo provisional: título y entidad"", ""pagina"": ""19""}]"
sector:2013:AEI-010300-2013-356,2013,AEI-010300-2013-356,Transporte y distribución,ASOCIACIÓN MURCIANA DE LOGÍSTICA (AML),G73517492,Buenas Prácticas en la Distribución Urbana de Mercancías para la Mejora de Competitividad de las Empresas de Logística,,lista_espera_sin_concesion,,,general,"Transporte, distribución, almacenaje o servicios logísticos identificados en el título del proyecto.",,"[{""url"": ""https://www.mintur.gob.es/PortalAyudas/AgrupacionesEmpresariales/Concesion/2013/Documents/2-%20Listado_provisional_ayudas_denegadas.pdf"", ""label"": ""Anexo provisional: título y entidad"", ""pagina"": ""19""}]"
sector:2013:AEI-010300-2013-360,2013,AEI-010300-2013-360,Transporte y distribución,ASOCIACIÓN MURCIANA DE LOGÍSTICA (AML),G73517492,Plan de Apoyo a la Innovación para Empresas de Transporte y Logística de la Región de Murcia,,lista_espera_sin_concesion,,,general,"Transporte, distribución, almacenaje o servicios logísticos identificados en el título del proyecto.",,"[{""url"": ""https://www.mintur.gob.es/PortalAyudas/AgrupacionesEmpresariales/Concesion/2013/Documents/2-%20Listado_provisional_ayudas_denegadas.pdf"", ""label"": ""Anexo provisional: título y entidad"", ""pagina"": ""20""}]"
sector:2013:AEI-010300-2013-364,2013,AEI-010300-2013-364,Transporte y distribución,ASOCIACIÓN MURCIANA DE LOGÍSTICA (AML),G73517492,Nuevos Servicios para Empresas de Transporte y Logística de la Región de Murcia,,lista_espera_sin_concesion,,,general,"Transporte, distribución, almacenaje o servicios logísticos identificados en el título del proyecto.",,"[{""url"": ""https://www.mintur.gob.es/PortalAyudas/AgrupacionesEmpresariales/Concesion/2013/Documents/2-%20Listado_provisional_ayudas_denegadas.pdf"", ""label"": ""Anexo provisional: título y entidad"", ""pagina"": ""20""}]"
sector:2013:AEI-010300-2013-366,2013,AEI-010300-2013-366,Transporte y distribución,ASOCIACIÓN MURCIANA DE LOGÍSTICA (AML),G73517492,Innovación para la Eliminación de los Robos de Combustible en las Empresas de Transporte y Logística,,lista_espera_sin_concesion,,,general,"Transporte, distribución, almacenaje o servicios logísticos identificados en el título del proyecto.",,"[{""url"": ""https://www.mintur.gob.es/PortalAyudas/AgrupacionesEmpresariales/Concesion/2013/Documents/2-%20Listado_provisional_ayudas_denegadas.pdf"", ""label"": ""Anexo provisional: título y entidad"", ""pagina"": ""20""}]"
sector:2013:AEI-010300-2013-313,2013,AEI-010300-2013-313,Transporte y distribución,ASOC. CLUSTER CANARIO DEL TRANSPORTE Y LA LOGÍSTICA,G76031038,Organización y Gestión del Salón Atlántico de Logística y Transporte 2013,,propuesta_desestimada_puntuacion,,,general,"Transporte, distribución, almacenaje o servicios logísticos identificados en el título del proyecto.",,"[{""url"": ""https://www.mintur.gob.es/PortalAyudas/AgrupacionesEmpresariales/Concesion/2013/Documents/2-%20Listado_provisional_ayudas_denegadas.pdf"", ""label"": ""Anexo provisional: título y entidad"", ""pagina"": ""21""}]"
sector:2013:AEI-010200-2013-2,2013,AEI-010200-2013-2,Transporte y distribución,ASOCIACIÓN LOGÍSTICA INNOVADORA DE ARAGÓN,G99299299,Apoyo a las estructuras de coordinación y gestión de la Asociación Logística Innovadora de Aragón (ALIA),,lista_espera_sin_concesion,,,general,"Transporte, distribución, almacenaje o servicios logísticos identificados en el título del proyecto.",,"[{""url"": ""https://www.mintur.gob.es/PortalAyudas/AgrupacionesEmpresariales/Concesion/2013/Documents/2-%20Listado_provisional_ayudas_denegadas.pdf"", ""label"": ""Anexo provisional: título y entidad"", ""pagina"": ""28""}]"
sector:2013:AEI-010300-2013-192,2013,AEI-010300-2013-192,Transporte y distribución,ASOCIACIÓN LOGÍSTICA INNOVADORA DE ARAGÓN,G99299299,Implantación pilotos FASE 3 en Distribución Urbana de Mercancías de Zaragoza,,lista_espera_sin_concesion,,,general,"Transporte, distribución, almacenaje o servicios logísticos identificados en el título del proyecto.",,"[{""url"": ""https://www.mintur.gob.es/PortalAyudas/AgrupacionesEmpresariales/Concesion/2013/Documents/2-%20Listado_provisional_ayudas_denegadas.pdf"", ""label"": ""Anexo provisional: título y entidad"", ""pagina"": ""28""}]"
sector:2013:AEI-010300-2013-226,2013,AEI-010300-2013-226,Transporte y distribución,ASOCIACIÓN LOGÍSTICA INNOVADORA DE ARAGÓN,G99299299,Estudio de viabilidad para el diseño de una plataforma de soluciones tecnológicas que integren la explotación de sistemas TIC en el sector del Transporte y la Logística.,,lista_espera_sin_concesion,,,general,"Transporte, distribución, almacenaje o servicios logísticos identificados en el título del proyecto.",,"[{""url"": ""https://www.mintur.gob.es/PortalAyudas/AgrupacionesEmpresariales/Concesion/2013/Documents/2-%20Listado_provisional_ayudas_denegadas.pdf"", ""label"": ""Anexo provisional: título y entidad"", ""pagina"": ""28""}]"
sector:2013:AEI-010300-2013-244,2013,AEI-010300-2013-244,Transporte y distribución,ASOCIACIÓN LOGÍSTICA INNOVADORA DE ARAGÓN,G99299299,Desarrollo de la gestión de la cadena de suministro de diferentes unidades de negocio en un BSC integral.,,lista_espera_sin_concesion,,,general,"Transporte, distribución, almacenaje o servicios logísticos identificados en el título del proyecto.",,"[{""url"": ""https://www.mintur.gob.es/PortalAyudas/AgrupacionesEmpresariales/Concesion/2013/Documents/2-%20Listado_provisional_ayudas_denegadas.pdf"", ""label"": ""Anexo provisional: título y entidad"", ""pagina"": ""28""}]"
sector:2014:AEI-010500-2014-157,2014,AEI-010500-2014-157,Transporte y distribución,ASOC. CLUSTER DE LA SALUD DE ARAGON,G99374050,Desarrollo de un nuevo canal de distribución para la aplicación de Medicina Personalizada,51,propuesta_provisional_aprobada,,,general,"Transporte, distribución, almacenaje o servicios logísticos identificados en el título del proyecto.",,"[{""url"": ""https://www.mintur.gob.es/PortalAyudas/AgrupacionesEmpresariales/Concesion/2014/Documents/Listado_provisional_ayudas_concedidas.pdf"", ""label"": ""Anexo provisional: título y entidad"", ""pagina"": ""1""}]"
sector:2014:AEI-010300-2014-111,2014,AEI-010300-2014-111,Transporte y distribución,ASOCIACION LOGISTICA INNOVADORA DE ARAGON,G99299299,PROYECTO CLYMA: IMPLANTACION DE TREN MULTICLIENTE DE MERCANCIAS Y TERMINAL PARA TRANSPORTE COMBINADO,58,concedida_segun_listado,11728.00,,general,"Transporte, distribución, almacenaje o servicios logísticos identificados en el título del proyecto.",,"[{""url"": ""https://www.mintur.gob.es/PortalAyudas/AgrupacionesEmpresariales/Concesion/2014/Documents/Listado_provisional_ayudas_concedidas.pdf"", ""label"": ""Anexo provisional: título y entidad"", ""pagina"": ""1""}, {""url"": ""https://www.mintur.gob.es/PortalAyudas/AgrupacionesEmpresariales/Concesion/2014/Documents/Listado_definitivo_ayudas_concedidas.pdf"", ""label"": ""Fuente del estado e importe"", ""pagina"": ""18""}]"
sector:2014:AEI-010500-2014-221,2014,AEI-010500-2014-221,Transporte y distribución,AGRUPACION EMPRESARIAL PARA LA INNOVACION DE LOS PROCESOS PRODUCTIVOS DEL METAL,G98438773,DESARROLLO DE UN SISTEMA DE ASEGURAMIENTO DE CARGA EN TRANSPORTE TERRESTRE,66,concedida_segun_listado,32503.00,,general,"Transporte, distribución, almacenaje o servicios logísticos identificados en el título del proyecto.",,"[{""url"": ""https://www.mintur.gob.es/PortalAyudas/AgrupacionesEmpresariales/Concesion/2014/Documents/Listado_provisional_ayudas_concedidas.pdf"", ""label"": ""Anexo provisional: título y entidad"", ""pagina"": ""2""}, {""url"": ""https://www.mintur.gob.es/PortalAyudas/AgrupacionesEmpresariales/Concesion/2014/Documents/Listado_definitivo_ayudas_concedidas.pdf"", ""label"": ""Fuente del estado e importe"", ""pagina"": ""7""}]"
sector:2014:AEI-010500-2014-326,2014,AEI-010500-2014-326,Transporte y distribución,ASOC. CLUSTER CANARIO DEL TRANSPORTE Y LA LOGÍSTICA,G76031038,Solución vertical de gestión de flotas para empresas de logística,50,concedida_segun_listado,56939.00,,general,"Transporte, distribución, almacenaje o servicios logísticos identificados en el título del proyecto.",,"[{""url"": ""https://www.mintur.gob.es/PortalAyudas/AgrupacionesEmpresariales/Concesion/2014/Documents/Listado_provisional_ayudas_concedidas.pdf"", ""label"": ""Anexo provisional: título y entidad"", ""pagina"": ""4""}, {""url"": ""https://www.mintur.gob.es/PortalAyudas/AgrupacionesEmpresariales/Concesion/2014/Documents/Listado_definitivo_ayudas_concedidas.pdf"", ""label"": ""Fuente del estado e importe"", ""pagina"": ""10""}]"
sector:2014:AEI-010400-2014-185,2014,AEI-010400-2014-185,Transporte y distribución,ASOC NYM AEI NAVAL Y DEL MAR,G30841019,CADENA DE SUMINISTRO,54,concedida_segun_listado,25811.00,,general,"Transporte, distribución, almacenaje o servicios logísticos identificados en el título del proyecto.",,"[{""url"": ""https://www.mintur.gob.es/PortalAyudas/AgrupacionesEmpresariales/Concesion/2014/Documents/Listado_provisional_ayudas_concedidas.pdf"", ""label"": ""Anexo provisional: título y entidad"", ""pagina"": ""8""}, {""url"": ""https://www.mintur.gob.es/PortalAyudas/AgrupacionesEmpresariales/Concesion/2014/Documents/Listado_definitivo_ayudas_concedidas.pdf"", ""label"": ""Fuente del estado e importe"", ""pagina"": ""10""}]"
sector:2014:AEI-010300-2014-243,2014,AEI-010300-2014-243,Transporte y distribución,ASOCIACIÓN CLÚSTER DE MOVILIDAD Y LOGÍSTICA DE EUSKADI,G01387414,"ESTUDIO DE VIABILIDAD LOGISKAN, DIAGNÓSTICO DE LA CADENA DE SUMINISTRO COMPETITIVA Y SOSTENIBLE",51,concedida_segun_listado,7637.00,,general,"Transporte, distribución, almacenaje o servicios logísticos identificados en el título del proyecto.",,"[{""url"": ""https://www.mintur.gob.es/PortalAyudas/AgrupacionesEmpresariales/Concesion/2014/Documents/Listado_provisional_ayudas_concedidas.pdf"", ""label"": ""Anexo provisional: título y entidad"", ""pagina"": ""9""}, {""url"": ""https://www.mintur.gob.es/PortalAyudas/AgrupacionesEmpresariales/Concesion/2014/Documents/Listado_definitivo_ayudas_concedidas.pdf"", ""label"": ""Fuente del estado e importe"", ""pagina"": ""15""}]"
sector:2014:AEI-010200-2014-275,2014,AEI-010200-2014-275,Transporte y distribución,ASOCIACIÓN LOGÍSTICA INNOVADORA DE ARAGÓN,G99299299,APOYO A LAS ESTRUCTURAS DE COORDINACION Y GESTION DE LA ASOCIACION LOGISTICA INNOVADORA DE ARAGON (ALIA),50,concedida_segun_listado,14959.00,,general,"Transporte, distribución, almacenaje o servicios logísticos identificados en el título del proyecto.",,"[{""url"": ""https://www.mintur.gob.es/PortalAyudas/AgrupacionesEmpresariales/Concesion/2014/Documents/Listado_provisional_ayudas_concedidas.pdf"", ""label"": ""Anexo provisional: título y entidad"", ""pagina"": ""24""}, {""url"": ""https://www.mintur.gob.es/PortalAyudas/AgrupacionesEmpresariales/Concesion/2014/Documents/Listado_definitivo_ayudas_concedidas.pdf"", ""label"": ""Fuente del estado e importe"", ""pagina"": ""18""}]"
sector:2014:AEI-010200-2014-345,2014,AEI-010200-2014-345,Transporte y distribución,"CLUSTER DE LOGÍSTICA, MOVILIDAD Y TRANSPORTE DE GALICIA",G70314109,"Proyecto de apoyo al desarrollo de las estructuras de coordinacion y gestion del Cluster de Logistica, Movilidad y Transporte de Galicia.",56,concedida_segun_listado,54534.00,,general,"Transporte, distribución, almacenaje o servicios logísticos identificados en el título del proyecto.",,"[{""url"": ""https://www.mintur.gob.es/PortalAyudas/AgrupacionesEmpresariales/Concesion/2014/Documents/Listado_provisional_ayudas_concedidas.pdf"", ""label"": ""Anexo provisional: título y entidad"", ""pagina"": ""28""}, {""url"": ""https://www.mintur.gob.es/PortalAyudas/AgrupacionesEmpresariales/Concesion/2014/Documents/Listado_definitivo_ayudas_concedidas.pdf"", ""label"": ""Fuente del estado e importe"", ""pagina"": ""26""}]"
sector:2014:AEI-010200-2014-108,2014,AEI-010200-2014-108,Transporte y distribución,ASOCIACIÓN LOGÍSTICA INNOVADORA DE ARAGÓN,G99299299,APOYO A LAS ESTRUCTURAS DE COORDINACION Y GESTION DE LA ASOCIACION LOGISTICA INNOVADORA DE ARAGON (ALIA),,lista_espera_sin_concesion,,,general,"Transporte, distribución, almacenaje o servicios logísticos identificados en el título del proyecto.",,"[{""url"": ""https://www.mintur.gob.es/PortalAyudas/AgrupacionesEmpresariales/Concesion/2014/Documents/Listado_provisional_ayudas_denegadas.pdf"", ""label"": ""Anexo provisional: título y entidad"", ""pagina"": ""1""}]"
sector:2014:AEI-010200-2014-323,2014,AEI-010200-2014-323,Transporte y distribución,FUNDACIÓN PARA LA EXCELENCIA EN LOGÍSTICA Y TRANSPORTE,G86953353,Proyecto de Puesta en Marcha y Desarrollo de las Estructuras de Coordinación y Gestión Fundación para la Excelencia en Logística y Transporte (Sello-E),,propuesta_desestimada_motivos,,,general,"Transporte, distribución, almacenaje o servicios logísticos identificados en el título del proyecto.",,"[{""url"": ""https://www.mintur.gob.es/PortalAyudas/AgrupacionesEmpresariales/Concesion/2014/Documents/Listado_provisional_ayudas_denegadas.pdf"", ""label"": ""Anexo provisional: título y entidad"", ""pagina"": ""2""}]"
sector:2014:AEI-010200-2014-387,2014,AEI-010200-2014-387,Transporte y distribución,AGRUPACION EMPRESARIAL INNOVADORA DEL TRANSPORTE LIMPIO Y VEHICULO ELECTRICO DE SEVILLA,G90126699,IMPLANTACIÓN CLUSTER TRANSPORTE LIMPIO Y VEHÍCULO ELÉCTRICO DE SEVILLA,,propuesta_desestimada_motivos,,,general,"Transporte, distribución, almacenaje o servicios logísticos identificados en el título del proyecto.",,"[{""url"": ""https://www.mintur.gob.es/PortalAyudas/AgrupacionesEmpresariales/Concesion/2014/Documents/Listado_provisional_ayudas_denegadas.pdf"", ""label"": ""Anexo provisional: título y entidad"", ""pagina"": ""3""}]"
sector:2014:AEI-010400-2014-189,2014,AEI-010400-2014-189,Transporte y distribución,ASOCIACIÓN DE EMPRESAS PARA EL DESARROLLO E IMPULSO DEL VEHÍCULO ELÉCTRICO,G85955482,Desarrollo de una HUB de Logística para el Vehículo Eléctrico,,lista_espera_sin_concesion,,,general,"Transporte, distribución, almacenaje o servicios logísticos identificados en el título del proyecto.",,"[{""url"": ""https://www.mintur.gob.es/PortalAyudas/AgrupacionesEmpresariales/Concesion/2014/Documents/Listado_provisional_ayudas_denegadas.pdf"", ""label"": ""Anexo provisional: título y entidad"", ""pagina"": ""5""}]"
sector:2014:AEI-010400-2014-313,2014,AEI-010400-2014-313,Transporte y distribución,"BUY STREET, SCA",F04775474,"plataforma de venta online para todos los comercios y profesionales de la provincia de Almería, cuyo fin es apoyar al pequeño comercio, mediante nuevos canales de distribución y sistemas de cooperación, generando riqueza para la provincia",,propuesta_desestimada_motivos,,,general,"Transporte, distribución, almacenaje o servicios logísticos identificados en el título del proyecto.",,"[{""url"": ""https://www.mintur.gob.es/PortalAyudas/AgrupacionesEmpresariales/Concesion/2014/Documents/Listado_provisional_ayudas_denegadas.pdf"", ""label"": ""Anexo provisional: título y entidad"", ""pagina"": ""6""}]"
sector:2014:AEI-010400-2014-317,2014,AEI-010400-2014-317,Transporte y distribución,FUNDACION PARA LA EXCELENCIA EN LOGISTICA Y TRANSPORTE,G86953353,Identificación de las Mejores Prácticas en el Sector de la Logística enfocadas al Incremento de la Eficiencia en el Coste y Tiempo de Entrega,,propuesta_desestimada_motivos,,,general,"Transporte, distribución, almacenaje o servicios logísticos identificados en el título del proyecto.",,"[{""url"": ""https://www.mintur.gob.es/PortalAyudas/AgrupacionesEmpresariales/Concesion/2014/Documents/Listado_provisional_ayudas_denegadas.pdf"", ""label"": ""Anexo provisional: título y entidad"", ""pagina"": ""6""}]"
sector:2014:AEI-010400-2014-320,2014,AEI-010400-2014-320,Transporte y distribución,FUNDACIÓN PARA LA EXCELENCIA EN LOGÍSTICA Y TRANSPORTE,G86953353,Estudio e Implantación de un Nuevo Sello-E de Excelencia Empresarial para el Sector de la Logística en la Entrega al Consumidor Final (B2C),,propuesta_desestimada_motivos,,,general,"Transporte, distribución, almacenaje o servicios logísticos identificados en el título del proyecto.",,"[{""url"": ""https://www.mintur.gob.es/PortalAyudas/AgrupacionesEmpresariales/Concesion/2014/Documents/Listado_provisional_ayudas_denegadas.pdf"", ""label"": ""Anexo provisional: título y entidad"", ""pagina"": ""7""}]"
sector:2014:AEI-010400-2014-179,2014,AEI-010400-2014-179,Transporte y distribución,ACENVEX - CLUSTER ENVASE TRANSPORTE LOGISTICA Y MERCANCÍAS DE EXTREMADURA,G06421929,"REDES: DISEÑO, CREACION, IMPLANTACIÓN Y PUESTA EN MARCHA DE UNA HERRAMIENTA INNOVADORA EN PROCESOS DE GESTIÓN Y DISTRIBUCIÓN DE MERCANCIAS Y CONTENEDORES DE LAS EMPRESAS EXPORTADORAS- IMPORTADORAS EXTREMEÑAS. TRANSFORMANDO LA UNIDAD MÍNIMA COMERCI",,propuesta_desestimada_puntuacion,,,general,"Transporte, distribución, almacenaje o servicios logísticos identificados en el título del proyecto.",,"[{""url"": ""https://www.mintur.gob.es/PortalAyudas/AgrupacionesEmpresariales/Concesion/2014/Documents/Listado_provisional_ayudas_denegadas.pdf"", ""label"": ""Anexo provisional: título y entidad"", ""pagina"": ""12""}]"
sector:2014:AEI-010400-2014-272,2014,AEI-010400-2014-272,Transporte y distribución,ASOCIACIÓN CLÚSTER DE MOVILIDAD Y LOGÍSTICA DE EUSKADI,G01387414,"COGISTICS, Cooperative Logistics for Sustainable Mobility of Goods",,propuesta_desestimada_puntuacion,,,general,"Transporte, distribución, almacenaje o servicios logísticos identificados en el título del proyecto.",,"[{""url"": ""https://www.mintur.gob.es/PortalAyudas/AgrupacionesEmpresariales/Concesion/2014/Documents/Listado_provisional_ayudas_denegadas.pdf"", ""label"": ""Anexo provisional: título y entidad"", ""pagina"": ""15""}]"
sector:2014:AEI-010400-2014-74,2014,AEI-010400-2014-74,Transporte y distribución,ACENVEX - CLUSTER DEL ENVASE TRANSPORTE LOGISTICA Y MERCANCIAS DE EXTREMADURA,G06421929,"INNOVACIÓN EN EL DESARROLLO DE PROCESOS DE TRANSPORTE Y LOGÍSTICA INTERMODAL PARA LA MERCANCÍA EXTREMEÑA, MEJORANDO LA CAPACIDAD COMPETITIVA DE LAS EMPRESAS OPTIMIZANDO LOS COSTES DE LA LLEGADA A PUERTOS DE EMBARQUE Y PUERTOS DE DESTINO",,propuesta_desestimada_puntuacion,,,general,"Transporte, distribución, almacenaje o servicios logísticos identificados en el título del proyecto.",,"[{""url"": ""https://www.mintur.gob.es/PortalAyudas/AgrupacionesEmpresariales/Concesion/2014/Documents/Listado_provisional_ayudas_denegadas.pdf"", ""label"": ""Anexo provisional: título y entidad"", ""pagina"": ""18""}]"
sector:2014:AEI-010500-2014-303,2014,AEI-010500-2014-303,Transporte y distribución,ASOCIACION CLUSTER DE LA ENERGIA DE EXTREMADURA,G06548275,"Identificación y estudio de posibilidades técnico-económicas de procesos de producción, logística y comercialización para nuevos modelos de negocios en el sector energético de la biomasa",,propuesta_desestimada_puntuacion,,,general,"Transporte, distribución, almacenaje o servicios logísticos identificados en el título del proyecto.",,"[{""url"": ""https://www.mintur.gob.es/PortalAyudas/AgrupacionesEmpresariales/Concesion/2014/Documents/Listado_provisional_ayudas_denegadas.pdf"", ""label"": ""Anexo provisional: título y entidad"", ""pagina"": ""21""}]"
sector:2014:AEI-010500-2014-75,2014,AEI-010500-2014-75,Transporte y distribución,CLUSTER DEFICIENCIA ENERGÈTICA DE CATALUNYA,G64935851,Planificador de rutas multimodal en tiempo real,,propuesta_desestimada_puntuacion,,,general,"Transporte, distribución, almacenaje o servicios logísticos identificados en el título del proyecto.",,"[{""url"": ""https://www.mintur.gob.es/PortalAyudas/AgrupacionesEmpresariales/Concesion/2014/Documents/Listado_provisional_ayudas_denegadas.pdf"", ""label"": ""Anexo provisional: título y entidad"", ""pagina"": ""23""}]"
sector:2014:AEI-020400-2014-46,2014,AEI-020400-2014-46,Transporte y distribución,TURISTEC CLUSTER DE TECNOLOGIAS DE LA INFORMACIÓN Y LA COMUNICACIÓN APLICADAS AL TURISMO DE LAS ISLAS BALEARES,G57549859,Desarrollo de set completo de especificaciones CAVAL para la cadena de valor de la industria turística (alojamiento - transporte - intermediación - oferta complementaria),,propuesta_desestimada_puntuacion,,,general,"Transporte, distribución, almacenaje o servicios logísticos identificados en el título del proyecto.",,"[{""url"": ""https://www.mintur.gob.es/PortalAyudas/AgrupacionesEmpresariales/Concesion/2014/Documents/Listado_provisional_ayudas_denegadas.pdf"", ""label"": ""Anexo provisional: título y entidad"", ""pagina"": ""25""}]"
sector:2015:AEI-010500-2015-193,2015,AEI-010500-2015-193,Transporte y distribución,ASSOCIACIÓ CATALANA DINNOVACIÓ DEL SECTOR CARNI PORCÍ INNOVACC,G17995978,d4-15. Nuevas soluciones de limpieza en continuo de cintas transportadoras de carne,63,concedida_segun_listado,29774.00,,general,"Transporte, distribución, almacenaje o servicios logísticos identificados en el título del proyecto.",,"[{""url"": ""https://www.mintur.gob.es/PortalAyudas/AgrupacionesEmpresariales/Concesion/2015/Documents/3-%20Listado_provisional_ayudas_concedidas_AEI_2015.pdf"", ""label"": ""Anexo provisional: título y entidad"", ""pagina"": ""4""}, {""url"": ""https://www.boe.es/diario_boe/txt.php?id=BOE-A-2016-856"", ""label"": ""Fuente del estado e importe"", ""pagina"": """"}]"
sector:2015:AEI-010500-2015-191,2015,AEI-010500-2015-191,Transporte y distribución,ASOCIACIÓN MADRID PLATAFORMA AERONÁUTICA Y DEL ESPACIO,G84923614,Sistema de Control de Elementos por RFID (Radio Frecuency Identification) en Operaciones Logísticas (RAFID),56,concedida_segun_listado,86923.00,,general,"Transporte, distribución, almacenaje o servicios logísticos identificados en el título del proyecto.",,"[{""url"": ""https://www.mintur.gob.es/PortalAyudas/AgrupacionesEmpresariales/Concesion/2015/Documents/3-%20Listado_provisional_ayudas_concedidas_AEI_2015.pdf"", ""label"": ""Anexo provisional: título y entidad"", ""pagina"": ""9""}, {""url"": ""https://www.boe.es/diario_boe/txt.php?id=BOE-A-2016-856"", ""label"": ""Fuente del estado e importe"", ""pagina"": """"}]"
sector:2015:AEI-010300-2015-88,2015,AEI-010300-2015-88,Transporte y distribución,ASSOCIACIÓ AEI INNOVI,G65041345,Estudio de la identificación de posibilidades de desarrollo de sistemas de contenedores retornables que generen un ahorro y mejora medioambiental a nivel sectorial,54,concedida_segun_listado,7000.00,,general,"Transporte, distribución, almacenaje o servicios logísticos identificados en el título del proyecto.",,"[{""url"": ""https://www.mintur.gob.es/PortalAyudas/AgrupacionesEmpresariales/Concesion/2015/Documents/3-%20Listado_provisional_ayudas_concedidas_AEI_2015.pdf"", ""label"": ""Anexo provisional: título y entidad"", ""pagina"": ""12""}, {""url"": ""https://www.boe.es/diario_boe/txt.php?id=BOE-A-2016-856"", ""label"": ""Fuente del estado e importe"", ""pagina"": """"}]"
sector:2015:AEI-010400-2015-71,2015,AEI-010400-2015-71,Transporte y distribución,AEI DEL TRANSPORTE Y LA LOGISTICA DE LA RIOJA,G26505651,INNOVACIÓN ORGANIZATIVA PARA LA INTEGRACIÓN DE LA HUELLA DE CARBONO COMO UNA HERRAMIENTA ESTRATÉGICA EN LAS EMPRESAS DE LA AEI DEL TRANSPORTE Y LA LOGÍSTICA DE LA RIOJA,53,concedida_segun_listado,37191.00,,general,"Transporte, distribución, almacenaje o servicios logísticos identificados en el título del proyecto.",,"[{""url"": ""https://www.mintur.gob.es/PortalAyudas/AgrupacionesEmpresariales/Concesion/2015/Documents/3-%20Listado_provisional_ayudas_concedidas_AEI_2015.pdf"", ""label"": ""Anexo provisional: título y entidad"", ""pagina"": ""14""}, {""url"": ""https://www.boe.es/diario_boe/txt.php?id=BOE-A-2016-856"", ""label"": ""Fuente del estado e importe"", ""pagina"": """"}]"
sector:2015:AEI-010300-2015-303,2015,AEI-010300-2015-303,Transporte y distribución,ASSOCIACIO CLUSTER DE LA INDUSTRIA D AUTOMOCIO DE CATALUNYA (CIAC),G66028978,Investigación de la situación actual del parque de contenedores de proveedores de SEAT y NISSAN en Cataluña,53,concedida_segun_listado,3662.00,,general,"Transporte, distribución, almacenaje o servicios logísticos identificados en el título del proyecto.",,"[{""url"": ""https://www.mintur.gob.es/PortalAyudas/AgrupacionesEmpresariales/Concesion/2015/Documents/3-%20Listado_provisional_ayudas_concedidas_AEI_2015.pdf"", ""label"": ""Anexo provisional: título y entidad"", ""pagina"": ""14""}, {""url"": ""https://www.boe.es/diario_boe/txt.php?id=BOE-A-2016-856"", ""label"": ""Fuente del estado e importe"", ""pagina"": """"}]"
sector:2015:AEI-010300-2015-301,2015,AEI-010300-2015-301,Transporte y distribución,ASSOCIACIO CLUSTER DE LA INDUSTRIA D AUTOMOCIO DE CATALUNYA (CIAC),G66028978,Proyecto Megatruck para la optimización del transporte del Clúster de Automoción de Cataluña,51,concedida_segun_listado,3662.00,,general,"Transporte, distribución, almacenaje o servicios logísticos identificados en el título del proyecto.",,"[{""url"": ""https://www.mintur.gob.es/PortalAyudas/AgrupacionesEmpresariales/Concesion/2015/Documents/3-%20Listado_provisional_ayudas_concedidas_AEI_2015.pdf"", ""label"": ""Anexo provisional: título y entidad"", ""pagina"": ""19""}, {""url"": ""https://www.boe.es/diario_boe/txt.php?id=BOE-A-2016-856"", ""label"": ""Fuente del estado e importe"", ""pagina"": """"}]"
sector:2015:AEI-010300-2015-112,2015,AEI-010300-2015-112,Transporte y distribución,ASOCIACIÓN DE EMPRESAS PARA EL DESARROLLO E IMPULSO DEL VEHÍCULO ELÉCTRICO (AEDIVE),G85955482,SOLUCIONES DE AUTOMOVILIDAD LIMPIA CON SOPORTE DE ALMACENAMIENTO EN CUBA,,propuesta_desestimada_puntuacion,,,general,"Transporte, distribución, almacenaje o servicios logísticos identificados en el título del proyecto.",,"[{""url"": ""https://www.mintur.gob.es/PortalAyudas/AgrupacionesEmpresariales/Concesion/2015/Documents/4-%20Listado_provisional_ayudas_denegadas_AEI_2015.pdf"", ""label"": ""Anexo provisional: título y entidad"", ""pagina"": ""1""}]"
sector:2015:AEI-010500-2015-254,2015,AEI-010500-2015-254,Transporte y distribución,ASOC. CLÚSTER CANARIO DEL TRANSPORTE Y LA LOGÍSTICA,G76031038,Carta de portes digital para los transportes de mercancías peligrosas,,propuesta_desestimada_puntuacion,,,general,"Transporte, distribución, almacenaje o servicios logísticos identificados en el título del proyecto.",,"[{""url"": ""https://www.mintur.gob.es/PortalAyudas/AgrupacionesEmpresariales/Concesion/2015/Documents/4-%20Listado_provisional_ayudas_denegadas_AEI_2015.pdf"", ""label"": ""Anexo provisional: título y entidad"", ""pagina"": ""4""}]"
sector:2015:AEI-010500-2015-48,2015,AEI-010500-2015-48,Transporte y distribución,CLUSTER SOCIOSANITARIO DE EXTREMADURA,G10388452,SISTEMA DE GESTIÓN DE RECURSOS EN FLOTAS DE VEHÍCULOS DE TRANSPORTE SANITARIO (Q-GITS),,propuesta_desestimada_puntuacion,,,general,"Transporte, distribución, almacenaje o servicios logísticos identificados en el título del proyecto.",,"[{""url"": ""https://www.mintur.gob.es/PortalAyudas/AgrupacionesEmpresariales/Concesion/2015/Documents/4-%20Listado_provisional_ayudas_denegadas_AEI_2015.pdf"", ""label"": ""Anexo provisional: título y entidad"", ""pagina"": ""5""}]"
sector:2015:AEI-010500-2015-361,2015,AEI-010500-2015-361,Transporte y distribución,BARCELONA-CATALUNYA CENTRE LOGÍSTIC,G60498854,Specialized Innovation in Logistics Knowledge - SILK,,propuesta_desestimada_puntuacion,,,general,"Transporte, distribución, almacenaje o servicios logísticos identificados en el título del proyecto.",,"[{""url"": ""https://www.mintur.gob.es/PortalAyudas/AgrupacionesEmpresariales/Concesion/2015/Documents/4-%20Listado_provisional_ayudas_denegadas_AEI_2015.pdf"", ""label"": ""Anexo provisional: título y entidad"", ""pagina"": ""10""}]"
sector:2015:AEI-010300-2015-253,2015,AEI-010300-2015-253,Transporte y distribución,CLUSTER DE ENERGIA DE LA COMUNIDAD VALENCIANA,G98322084,ESTUDIO DE VIABILIDAD PARA LA IMPLANTACION DE GAS NATURAL PARA PROPULSIÓN DE VEHICULOS TERRESTRES (GNV) ENTRE EL PUERTO DE VALENCIA Y EL PARQUE LOGÍSTICO DE RIBARROJA,,propuesta_desestimada_puntuacion,,,general,"Transporte, distribución, almacenaje o servicios logísticos identificados en el título del proyecto.",,"[{""url"": ""https://www.mintur.gob.es/PortalAyudas/AgrupacionesEmpresariales/Concesion/2015/Documents/4-%20Listado_provisional_ayudas_denegadas_AEI_2015.pdf"", ""label"": ""Anexo provisional: título y entidad"", ""pagina"": ""12""}]"
sector:2015:AEI-010500-2015-54,2015,AEI-010500-2015-54,Transporte y distribución,ASOCIACIÓN CLUSTER DE MOVILIDAD Y LOGÍSTICA DE EUSKADI,G01387414,LOGISCAN - Diseño de una Herramienta de Diagnóstico Logístico,,propuesta_desestimada_puntuacion,,,general,"Transporte, distribución, almacenaje o servicios logísticos identificados en el título del proyecto.",,"[{""url"": ""https://www.mintur.gob.es/PortalAyudas/AgrupacionesEmpresariales/Concesion/2015/Documents/4-%20Listado_provisional_ayudas_denegadas_AEI_2015.pdf"", ""label"": ""Anexo provisional: título y entidad"", ""pagina"": ""22""}]"
sector:2015:AEI-010400-2015-334,2015,AEI-010400-2015-334,Transporte y distribución,ASSOCIACIO CLUSTER DE LA INDUSTRIA D AUTOMOCIO DE CATALUNYA (CIAC,G66028978,PROYECTO PARA LA OPTIMIZACIÓN DE LA LOGÍSTICA INVERSA EN AUTOMOCIÓN,,propuesta_desestimada_puntuacion,,,general,"Transporte, distribución, almacenaje o servicios logísticos identificados en el título del proyecto.",,"[{""url"": ""https://www.mintur.gob.es/PortalAyudas/AgrupacionesEmpresariales/Concesion/2015/Documents/4-%20Listado_provisional_ayudas_denegadas_AEI_2015.pdf"", ""label"": ""Anexo provisional: título y entidad"", ""pagina"": ""22""}]"
sector:2015:AEI-010500-2015-339,2015,AEI-010500-2015-339,Transporte y distribución,ASSOCIACIO CLUSTER DE LA INDUSTRIA D AUTOMOCIO DE CATALUNYA,G66028978,PROYECTO PILOTO PARA LA IMPLEMENTACIÓN BBIG-LOGÍSTICA,,propuesta_desestimada_puntuacion,,,general,"Transporte, distribución, almacenaje o servicios logísticos identificados en el título del proyecto.",,"[{""url"": ""https://www.mintur.gob.es/PortalAyudas/AgrupacionesEmpresariales/Concesion/2015/Documents/4-%20Listado_provisional_ayudas_denegadas_AEI_2015.pdf"", ""label"": ""Anexo provisional: título y entidad"", ""pagina"": ""26""}]"
sector:2015:AEI-010300-2015-175,2015,AEI-010300-2015-175,Transporte y distribución,ASOCIACIÓN LOGÍSTICA INNOVADORA DE ARAGÓN,G99299299,MEJORA DE LA INTEGRACIÓN AÉREA EN LA CADENA DE SUMINISTRO: PROYECTO LOGISAIR,,propuesta_desestimada_puntuacion,,,general,"Transporte, distribución, almacenaje o servicios logísticos identificados en el título del proyecto.",,"[{""url"": ""https://www.mintur.gob.es/PortalAyudas/AgrupacionesEmpresariales/Concesion/2015/Documents/4-%20Listado_provisional_ayudas_denegadas_AEI_2015.pdf"", ""label"": ""Anexo provisional: título y entidad"", ""pagina"": ""27""}]"
sector:2015:AEI-010300-2015-189,2015,AEI-010300-2015-189,Transporte y distribución,CLUSTER PARA EL AVANCE DE LA TECNOLOGIA DE LA MOTO,G65005605,Análisis Logístico y Cadena de Suministro,,propuesta_desestimada_puntuacion,,,general,"Transporte, distribución, almacenaje o servicios logísticos identificados en el título del proyecto.",,"[{""url"": ""https://www.mintur.gob.es/PortalAyudas/AgrupacionesEmpresariales/Concesion/2015/Documents/4-%20Listado_provisional_ayudas_denegadas_AEI_2015.pdf"", ""label"": ""Anexo provisional: título y entidad"", ""pagina"": ""28""}]"
sector:2015:AEI-010500-2015-177,2015,AEI-010500-2015-177,Transporte y distribución,CLUSTER DE ENERGÍAS RENOVABLES Y S OLUCIONES ENERGÉTICAS EN CASTILLA Y LEÓN,G47662309,EQUIPO COMPACTO DE DISTRIBUCIÓN PARA EL SUMINISTRO DE PELLETS PARA SILOS PEQUEÑOS,,propuesta_desestimada_puntuacion,,,general,"Transporte, distribución, almacenaje o servicios logísticos identificados en el título del proyecto.",,"[{""url"": ""https://www.mintur.gob.es/PortalAyudas/AgrupacionesEmpresariales/Concesion/2015/Documents/4-%20Listado_provisional_ayudas_denegadas_AEI_2015.pdf"", ""label"": ""Anexo provisional: título y entidad"", ""pagina"": ""30""}]"
sector:2015:AEI-010500-2015-245,2015,AEI-010500-2015-245,Transporte y distribución,ASOC. CLÚSTER CANARIO DEL TRANSPORTE Y LA LOGÍSTICA,G76031038,Carta de portes digital para los transportes de mercancías peligrosas,,lista_espera_sin_concesion,,,general,"Transporte, distribución, almacenaje o servicios logísticos identificados en el título del proyecto.",,"[{""url"": ""https://www.mintur.gob.es/PortalAyudas/AgrupacionesEmpresariales/Concesion/2015/Documents/4-%20Listado_provisional_ayudas_denegadas_AEI_2015.pdf"", ""label"": ""Anexo provisional: título y entidad"", ""pagina"": ""34""}]"
sector:2018:AEI-010500-2018-75,2018,AEI-010500-2018-75,Transporte y distribución,ASOCIACIÓN LOGÍSTICA INNOVADORA DE ARAGÓN (ALIA),,ANÁLISIS DE LA APLICACIÓN DE LA TECNOLOGÍA BLOCKCHAIN EN EL TRANSPORTE DE MERCANCÍAS POR CARRETERA,,propuesta_desestimada_motivos,,,general,"Transporte, distribución, almacenaje o servicios logísticos identificados en el título del proyecto.",,"[{""url"": ""https://www.mintur.gob.es/PortalAyudas/AgrupacionesEmpresariales/Concesion/2018/Documents/Listado_provisional_ayudas_desestimadas.pdf"", ""label"": ""Anexo provisional: título y entidad"", ""pagina"": ""2""}, {""url"": ""https://www.mintur.gob.es/PortalAyudas/AgrupacionesEmpresariales/Concesion/2018/Documents/Listado_provisional_ayudas_desestimadas.pdf"", ""label"": ""Fuente del estado e importe"", ""pagina"": ""2""}]"
sector:2018:AEI-010500-2018-92,2018,AEI-010500-2018-92,Transporte y distribución,ASOCIACION CLUSTER DE AUTOMOCIÓN DE ARAGÓN,,Inlogic 4.0 - Evaluación e implementación de tecnologías 4.0 para gestión inteligente de logística interna,,propuesta_desestimada_motivos,,,general,"Transporte, distribución, almacenaje o servicios logísticos identificados en el título del proyecto.",,"[{""url"": ""https://www.mintur.gob.es/PortalAyudas/AgrupacionesEmpresariales/Concesion/2018/Documents/Listado_provisional_ayudas_desestimadas.pdf"", ""label"": ""Anexo provisional: título y entidad"", ""pagina"": ""3""}, {""url"": ""https://www.mintur.gob.es/PortalAyudas/AgrupacionesEmpresariales/Concesion/2018/Documents/Listado_provisional_ayudas_desestimadas.pdf"", ""label"": ""Fuente del estado e importe"", ""pagina"": ""3""}]"
sector:2018:AEI-010600-2018-237,2018,AEI-010600-2018-237,Transporte y distribución,AGRUPACIÓN EMPRESARIAL INNOVADORA- NUEVAS TECNOLOGÍAS DEL HIDRÓGENO (AEI- NTH),,Cero emisiones en plataformas logísticas utilizando el potencial del hidrógeno como vector energético - ZEROHYLOGPARK,,propuesta_desestimada_motivos,,,general,"Transporte, distribución, almacenaje o servicios logísticos identificados en el título del proyecto.",,"[{""url"": ""https://www.mintur.gob.es/PortalAyudas/AgrupacionesEmpresariales/Concesion/2018/Documents/Listado_provisional_ayudas_desestimadas.pdf"", ""label"": ""Anexo provisional: título y entidad"", ""pagina"": ""13""}, {""url"": ""https://www.mintur.gob.es/PortalAyudas/AgrupacionesEmpresariales/Concesion/2018/Documents/Listado_provisional_ayudas_desestimadas.pdf"", ""label"": ""Fuente del estado e importe"", ""pagina"": ""13""}]"
sector:2023:AEI-010300-2023-5,2023,AEI-010300-2023-5,Transporte y distribución,ASOCIACIÓN CLÚSTER DE MOVILIDAD Y LOGÍSTICA DE EUSKADI,G01387414,MULTILOG - Estudio para el desarrollo de soluciones que favorezcan la multimodalidad del transporte y la logística,,concedida_segun_listado,9001.00,,general,"Transporte, distribución, almacenaje o servicios logísticos identificados en el título del proyecto.",,"[{""url"": ""https://www.mintur.gob.es/PortalAyudas/AgrupacionesEmpresariales/Concesion/2023/Documents/AEI_2023_Listado_provisional_ayudas_concedidas.pdf"", ""label"": ""Anexo provisional: título y entidad"", ""pagina"": ""1""}, {""url"": ""https://www.mintur.gob.es/PortalAyudas/AgrupacionesEmpresariales/Concesion/2023/Documents/AEI_2023_Listado_solicitudes_concedidas.pdf"", ""label"": ""Fuente del estado e importe"", ""pagina"": ""1""}]"
sector:2023:AEI-010300-2023-6,2023,AEI-010300-2023-6,Transporte y distribución,ASOCIACIÓN CLÚSTER DE MOVILIDAD Y LOGÍSTICA DE EUSKADI,G01387414,DIGILOG - Digitalización del Sector de la Logística,,concedida_segun_listado,8974.00,,general,"Transporte, distribución, almacenaje o servicios logísticos identificados en el título del proyecto.",,"[{""url"": ""https://www.mintur.gob.es/PortalAyudas/AgrupacionesEmpresariales/Concesion/2023/Documents/AEI_2023_Listado_provisional_ayudas_concedidas.pdf"", ""label"": ""Anexo provisional: título y entidad"", ""pagina"": ""1""}, {""url"": ""https://www.mintur.gob.es/PortalAyudas/AgrupacionesEmpresariales/Concesion/2023/Documents/AEI_2023_Listado_solicitudes_concedidas.pdf"", ""label"": ""Fuente del estado e importe"", ""pagina"": ""1""}]"
sector:2023:AEI-010600-2023-4,2023,AEI-010600-2023-4,Transporte y distribución,ASOCIACIÓN CLÚSTER DE MOVILIDAD Y LOGÍSTICA DE EUSKADI,G01387414,TEK4LOG - COLABORACIÓN INTERSECTORIAL PARA LA INCORPORACIÓN DE NUEVAS TECNOLOGÍAS EN EL SECTOR DE LA LOGÍSTICA,,concedida_segun_listado,46239.00,,general,"Transporte, distribución, almacenaje o servicios logísticos identificados en el título del proyecto.",,"[{""url"": ""https://www.mintur.gob.es/PortalAyudas/AgrupacionesEmpresariales/Concesion/2023/Documents/AEI_2023_Listado_provisional_ayudas_concedidas.pdf"", ""label"": ""Anexo provisional: título y entidad"", ""pagina"": ""1""}, {""url"": ""https://www.mintur.gob.es/PortalAyudas/AgrupacionesEmpresariales/Concesion/2023/Documents/AEI_2023_Listado_solicitudes_concedidas.pdf"", ""label"": ""Fuente del estado e importe"", ""pagina"": ""1""}]"
sector:2023:AEI-010500-2023-8,2023,AEI-010500-2023-8,Transporte y distribución,ASOCIACION CLUSTER GRANADA PLAZA TECNOLOGICA Y BIOTECNOLOGICA,G19532209,"Inteligencia Artificial para la gestión de la logística en el sector editorial, IA-Book",,concedida_segun_listado,295626.00,,general,"Transporte, distribución, almacenaje o servicios logísticos identificados en el título del proyecto.",,"[{""url"": ""https://www.mintur.gob.es/PortalAyudas/AgrupacionesEmpresariales/Concesion/2023/Documents/AEI_2023_Listado_provisional_ayudas_concedidas.pdf"", ""label"": ""Anexo provisional: título y entidad"", ""pagina"": ""1""}, {""url"": ""https://www.mintur.gob.es/PortalAyudas/AgrupacionesEmpresariales/Concesion/2023/Documents/AEI_2023_Listado_solicitudes_concedidas.pdf"", ""label"": ""Fuente del estado e importe"", ""pagina"": ""1""}]"
sector:2023:AEI-010500-2023-120,2023,AEI-010500-2023-120,Transporte y distribución,CLUB ASTURIANO DE LA INNOVACIÓN,G33849118,DESARROLLO DE MODELOS PREDICTIVOS EN PROCESOS DE LOGÍSTICA DE PUNTO DE ENTREGA EN FARMACIA (PRELOGFAR),,concedida_segun_listado,72877.00,,general,"Transporte, distribución, almacenaje o servicios logísticos identificados en el título del proyecto.",,"[{""url"": ""https://www.mintur.gob.es/PortalAyudas/AgrupacionesEmpresariales/Concesion/2023/Documents/AEI_2023_Listado_provisional_ayudas_concedidas.pdf"", ""label"": ""Anexo provisional: título y entidad"", ""pagina"": ""4""}, {""url"": ""https://www.mintur.gob.es/PortalAyudas/AgrupacionesEmpresariales/Concesion/2023/Documents/AEI_2023_Listado_solicitudes_concedidas.pdf"", ""label"": ""Fuente del estado e importe"", ""pagina"": ""4""}]"
sector:2023:AEI-010500-2023-121,2023,AEI-010500-2023-121,Transporte y distribución,ASOCIACIÓN LOGÍSTICA INNOVADORA DE ARAGÓN (ALIA),G99299299,DIGITAIL FASE 2. Transformación sostenible digital mediante IA de todos los procesos intralogísticos de cadenas de suministro,,concedida_segun_listado,165887.00,,general,"Transporte, distribución, almacenaje o servicios logísticos identificados en el título del proyecto.",,"[{""url"": ""https://www.mintur.gob.es/PortalAyudas/AgrupacionesEmpresariales/Concesion/2023/Documents/AEI_2023_Listado_provisional_ayudas_concedidas.pdf"", ""label"": ""Anexo provisional: título y entidad"", ""pagina"": ""4""}, {""url"": ""https://www.mintur.gob.es/PortalAyudas/AgrupacionesEmpresariales/Concesion/2023/Documents/AEI_2023_Listado_solicitudes_concedidas.pdf"", ""label"": ""Fuente del estado e importe"", ""pagina"": ""4""}]"
sector:2023:AEI-010500-2023-131,2023,AEI-010500-2023-131,Transporte y distribución,ASOCIACIÓN LOGÍSTICA INNOVADORA DE ARAGÓN (ALIA),G99299299,"SOLARLOOP.Optimización de la circularidad de los residuos de paneles fotovoltaicos por medio de la innovación en los procesos logísticos, en las tecnologías de tratamiento y tecnologías de la información con el uso de la Inteligencia Artificial",,concedida_segun_listado,400005.00,,general,"Transporte, distribución, almacenaje o servicios logísticos identificados en el título del proyecto.",,"[{""url"": ""https://www.mintur.gob.es/PortalAyudas/AgrupacionesEmpresariales/Concesion/2023/Documents/AEI_2023_Listado_provisional_ayudas_concedidas.pdf"", ""label"": ""Anexo provisional: título y entidad"", ""pagina"": ""4""}, {""url"": ""https://www.mintur.gob.es/PortalAyudas/AgrupacionesEmpresariales/Concesion/2023/Documents/AEI_2023_Listado_solicitudes_concedidas.pdf"", ""label"": ""Fuente del estado e importe"", ""pagina"": ""5""}]"
sector:2023:AEI-010500-2023-147,2023,AEI-010500-2023-147,Transporte y distribución,ASOCIACIÓN LOGÍSTICA INNOVADORA DE ARAGÓN (ALIA),G99299299,WINGWAY: Optimización de operaciones y utilización de drones en logística.,,concedida_segun_listado,202835.00,,general,"Transporte, distribución, almacenaje o servicios logísticos identificados en el título del proyecto.",,"[{""url"": ""https://www.mintur.gob.es/PortalAyudas/AgrupacionesEmpresariales/Concesion/2023/Documents/AEI_2023_Listado_provisional_ayudas_concedidas.pdf"", ""label"": ""Anexo provisional: título y entidad"", ""pagina"": ""4""}, {""url"": ""https://www.mintur.gob.es/PortalAyudas/AgrupacionesEmpresariales/Concesion/2023/Documents/AEI_2023_Listado_solicitudes_concedidas.pdf"", ""label"": ""Fuente del estado e importe"", ""pagina"": ""5""}]"
sector:2023:AEI-010500-2023-166,2023,AEI-010500-2023-166,Transporte y distribución,ASOCIACIÓN CLUSTER DE LA ENERGÍA DE ARAGÓN,G99507949,PLATAFORMA DIGITAL PARA LA MEJORA DE LA EFICIENCIA ENERGÉTICA DEL TRANSPORTE POR FERROCARRIL. PROYECTO ECO_FERRO.,,concedida_segun_listado,140520.00,,general,"Transporte, distribución, almacenaje o servicios logísticos identificados en el título del proyecto.",,"[{""url"": ""https://www.mintur.gob.es/PortalAyudas/AgrupacionesEmpresariales/Concesion/2023/Documents/AEI_2023_Listado_provisional_ayudas_concedidas.pdf"", ""label"": ""Anexo provisional: título y entidad"", ""pagina"": ""5""}, {""url"": ""https://www.mintur.gob.es/PortalAyudas/AgrupacionesEmpresariales/Concesion/2023/Documents/AEI_2023_Listado_solicitudes_concedidas.pdf"", ""label"": ""Fuente del estado e importe"", ""pagina"": ""6""}]"
sector:2023:AEI-010500-2023-177,2023,AEI-010500-2023-177,Transporte y distribución,SOUTHERN EUROPEAN CLUSTER IN PHOTONICS & OPTICS (SECPHO),G65103905,DRONSTORE II. Desarrollo de un dron autónomo 5G para la monitorización de almacenes logísticos mediante técnicas avanzadas de visión e inteligencia artificial.,,concedida_segun_listado,275476.00,,general,"Transporte, distribución, almacenaje o servicios logísticos identificados en el título del proyecto.",,"[{""url"": ""https://www.mintur.gob.es/PortalAyudas/AgrupacionesEmpresariales/Concesion/2023/Documents/AEI_2023_Listado_provisional_ayudas_concedidas.pdf"", ""label"": ""Anexo provisional: título y entidad"", ""pagina"": ""5""}, {""url"": ""https://www.mintur.gob.es/PortalAyudas/AgrupacionesEmpresariales/Concesion/2023/Documents/AEI_2023_Listado_solicitudes_concedidas.pdf"", ""label"": ""Fuente del estado e importe"", ""pagina"": ""6""}]"
sector:2023:AEI-010500-2023-178,2023,AEI-010500-2023-178,Transporte y distribución,ASOCIACIÓN CLUSTER DE LA SALUD DE ARAGÓN,G99374050,PHARMAINTEGRA Fase III: transformación digital y sostenible de la cadena de suministro farmacéutica,,concedida_segun_listado,374874.00,,general,"Transporte, distribución, almacenaje o servicios logísticos identificados en el título del proyecto.",,"[{""url"": ""https://www.mintur.gob.es/PortalAyudas/AgrupacionesEmpresariales/Concesion/2023/Documents/AEI_2023_Listado_provisional_ayudas_concedidas.pdf"", ""label"": ""Anexo provisional: título y entidad"", ""pagina"": ""5""}, {""url"": ""https://www.mintur.gob.es/PortalAyudas/AgrupacionesEmpresariales/Concesion/2023/Documents/AEI_2023_Listado_solicitudes_concedidas.pdf"", ""label"": ""Fuente del estado e importe"", ""pagina"": ""6""}]"
sector:2023:AEI-010500-2023-209,2023,AEI-010500-2023-209,Transporte y distribución,ASOCIACIÓN LOGÍSTICA INNOVADORA DE ARAGÓN (ALIA),G99299299,"UrbanDUM 4.0: Ditribución Urbana, Inteligente y Sostenible de Mercancías",,concedida_segun_listado,172227.00,,general,"Transporte, distribución, almacenaje o servicios logísticos identificados en el título del proyecto.",,"[{""url"": ""https://www.mintur.gob.es/PortalAyudas/AgrupacionesEmpresariales/Concesion/2023/Documents/AEI_2023_Listado_provisional_ayudas_concedidas.pdf"", ""label"": ""Anexo provisional: título y entidad"", ""pagina"": ""6""}, {""url"": ""https://www.mintur.gob.es/PortalAyudas/AgrupacionesEmpresariales/Concesion/2023/Documents/AEI_2023_Listado_solicitudes_concedidas.pdf"", ""label"": ""Fuente del estado e importe"", ""pagina"": ""7""}]"
sector:2023:AEI-010500-2023-210,2023,AEI-010500-2023-210,Transporte y distribución,ASOCIACIÓN LOGÍSTICA INNOVADORA DE ARAGÓN (ALIA),,PHARMABOT. Optimización de la distribución farmacéutica de última milla mediante robots autónomos.,,propuesta_provisional_aprobada,,,general,"Transporte, distribución, almacenaje o servicios logísticos identificados en el título del proyecto.",,"[{""url"": ""https://www.mintur.gob.es/PortalAyudas/AgrupacionesEmpresariales/Concesion/2023/Documents/AEI_2023_Listado_provisional_ayudas_concedidas.pdf"", ""label"": ""Anexo provisional: título y entidad"", ""pagina"": ""6""}, {""url"": ""https://www.mintur.gob.es/PortalAyudas/AgrupacionesEmpresariales/Concesion/2023/Documents/AEI_2023_Listado_provisional_ayudas_concedidas.pdf"", ""label"": ""Fuente del estado e importe"", ""pagina"": ""6""}]"
sector:2023:AEI-010500-2023-249,2023,AEI-010500-2023-249,Transporte y distribución,CENTRO DE INNOVACION TECNOLOGICA PARA LA LOGISTICA Y EL TRANSPORTE DE MERCANCIAS POR CARRETERA (CITET),G85321883,PLAGEDILOG STG2 (Plataforma gemelos digitales intralogísticos),,concedida_segun_listado,171328.00,,general,"Transporte, distribución, almacenaje o servicios logísticos identificados en el título del proyecto.",,"[{""url"": ""https://www.mintur.gob.es/PortalAyudas/AgrupacionesEmpresariales/Concesion/2023/Documents/AEI_2023_Listado_provisional_ayudas_concedidas.pdf"", ""label"": ""Anexo provisional: título y entidad"", ""pagina"": ""7""}, {""url"": ""https://www.mintur.gob.es/PortalAyudas/AgrupacionesEmpresariales/Concesion/2023/Documents/AEI_2023_Listado_solicitudes_concedidas.pdf"", ""label"": ""Fuente del estado e importe"", ""pagina"": ""8""}]"
sector:2023:AEI-010500-2023-250,2023,AEI-010500-2023-250,Transporte y distribución,ASSOCIACIÓ CLÚSTER DIGITAL DE CATALUNYA,G66505751,DISRUPTIVE: Anticipación a las disrupciones en la cadena logística española,,concedida_segun_listado,165710.00,,general,"Transporte, distribución, almacenaje o servicios logísticos identificados en el título del proyecto.",,"[{""url"": ""https://www.mintur.gob.es/PortalAyudas/AgrupacionesEmpresariales/Concesion/2023/Documents/AEI_2023_Listado_provisional_ayudas_concedidas.pdf"", ""label"": ""Anexo provisional: título y entidad"", ""pagina"": ""7""}, {""url"": ""https://www.mintur.gob.es/PortalAyudas/AgrupacionesEmpresariales/Concesion/2023/Documents/AEI_2023_Listado_solicitudes_concedidas.pdf"", ""label"": ""Fuente del estado e importe"", ""pagina"": ""8""}]"
sector:2023:AEI-010500-2023-260,2023,AEI-010500-2023-260,Transporte y distribución,ASSOCIACIÓ CLUSTER DEL PACKAGING,G65920035,"SMARTENPAL - Investigación de Tecnologías Inteligentes de automatización, monitorización y servitización para la paletización y el enfardado",,concedida_segun_listado,181107.00,,general,"Transporte, distribución, almacenaje o servicios logísticos identificados en el título del proyecto.",,"[{""url"": ""https://www.mintur.gob.es/PortalAyudas/AgrupacionesEmpresariales/Concesion/2023/Documents/AEI_2023_Listado_provisional_ayudas_concedidas.pdf"", ""label"": ""Anexo provisional: título y entidad"", ""pagina"": ""8""}, {""url"": ""https://www.mintur.gob.es/PortalAyudas/AgrupacionesEmpresariales/Concesion/2023/Documents/AEI_2023_Listado_solicitudes_concedidas.pdf"", ""label"": ""Fuente del estado e importe"", ""pagina"": ""8""}]"
sector:2023:AEI-010500-2023-270,2023,AEI-010500-2023-270,Transporte y distribución,FUNDACION PARA EL DESARROLLO DE LA NUEVAS TECNOLOGIAS DEL HIDROGENO EN ARAGON,G22280010,"Modelado y automatización de procesos optimizados de producción, distribución y usos finales de hidrógeno y biometano que contemplan su inyección en la red de gas natural, MODELAMEH2",,concedida_segun_listado,88973.00,,general,"Transporte, distribución, almacenaje o servicios logísticos identificados en el título del proyecto.",,"[{""url"": ""https://www.mintur.gob.es/PortalAyudas/AgrupacionesEmpresariales/Concesion/2023/Documents/AEI_2023_Listado_provisional_ayudas_concedidas.pdf"", ""label"": ""Anexo provisional: título y entidad"", ""pagina"": ""8""}, {""url"": ""https://www.mintur.gob.es/PortalAyudas/AgrupacionesEmpresariales/Concesion/2023/Documents/AEI_2023_Listado_solicitudes_concedidas.pdf"", ""label"": ""Fuente del estado e importe"", ""pagina"": ""9""}]"
sector:2023:AEI-010500-2023-282,2023,AEI-010500-2023-282,Transporte y distribución,ASOCIACIÓN AERONAÚTICA ARAGONESA,,"LOGÍSTICA SOSTENIBLE A FARMACIAS Y MOVILIDAD INTELIGENTE CON ROBOTS AÉREOS AUTÓNOMOS, UAS/DRONES - PHARMADRON FASE 3",,propuesta_provisional_aprobada,,,general,"Transporte, distribución, almacenaje o servicios logísticos identificados en el título del proyecto.",,"[{""url"": ""https://www.mintur.gob.es/PortalAyudas/AgrupacionesEmpresariales/Concesion/2023/Documents/AEI_2023_Listado_provisional_ayudas_concedidas.pdf"", ""label"": ""Anexo provisional: título y entidad"", ""pagina"": ""8""}, {""url"": ""https://www.mintur.gob.es/PortalAyudas/AgrupacionesEmpresariales/Concesion/2023/Documents/AEI_2023_Listado_provisional_ayudas_concedidas.pdf"", ""label"": ""Fuente del estado e importe"", ""pagina"": ""8""}]"
sector:2023:AEI-010500-2023-290,2023,AEI-010500-2023-290,Transporte y distribución,FUNDACION PARA EL DESARROLLO DE LA NUEVAS TECNOLOGIAS DEL HIDROGENO EN ARAGON,G22280010,"Desarrollo de un gemelo digital para el modelado estático y dinámico de plantas de generación, almacenamiento y uso de hidrógeno renovable, HyModelica",,concedida_segun_listado,66453.00,,general,"Transporte, distribución, almacenaje o servicios logísticos identificados en el título del proyecto.",,"[{""url"": ""https://www.mintur.gob.es/PortalAyudas/AgrupacionesEmpresariales/Concesion/2023/Documents/AEI_2023_Listado_provisional_ayudas_concedidas.pdf"", ""label"": ""Anexo provisional: título y entidad"", ""pagina"": ""9""}, {""url"": ""https://www.mintur.gob.es/PortalAyudas/AgrupacionesEmpresariales/Concesion/2023/Documents/AEI_2023_Listado_solicitudes_concedidas.pdf"", ""label"": ""Fuente del estado e importe"", ""pagina"": ""10""}]"
sector:2023:AEI-010500-2023-306,2023,AEI-010500-2023-306,Transporte y distribución,ASOCIACION CLUSTER DE TECNOLOGIAS DE LA INFORMACION Y LA COMUNICACION DE ASTURIAS,G33906462,ITransfer+ : Tecnologías Digitales para la gestión inteligente y la optimización de la eficiencia y la seguridad en el transporte sanitario,,concedida_segun_listado,140501.00,,general,"Transporte, distribución, almacenaje o servicios logísticos identificados en el título del proyecto.",,"[{""url"": ""https://www.mintur.gob.es/PortalAyudas/AgrupacionesEmpresariales/Concesion/2023/Documents/AEI_2023_Listado_provisional_ayudas_concedidas.pdf"", ""label"": ""Anexo provisional: título y entidad"", ""pagina"": ""9""}, {""url"": ""https://www.mintur.gob.es/PortalAyudas/AgrupacionesEmpresariales/Concesion/2023/Documents/AEI_2023_Listado_solicitudes_concedidas.pdf"", ""label"": ""Fuente del estado e importe"", ""pagina"": ""10""}]"
sector:2023:AEI-010500-2023-323,2023,AEI-010500-2023-323,Transporte y distribución,ASOCIACIÓN CLUSTER DA FUNCIÓN LOXÍSTICA DE GALICIA,G94194594,SICAL - Sistema Inteligente de Control de Acceso Logístico,,concedida_segun_listado,101004.00,,general,"Transporte, distribución, almacenaje o servicios logísticos identificados en el título del proyecto.",,"[{""url"": ""https://www.mintur.gob.es/PortalAyudas/AgrupacionesEmpresariales/Concesion/2023/Documents/AEI_2023_Listado_provisional_ayudas_concedidas.pdf"", ""label"": ""Anexo provisional: título y entidad"", ""pagina"": ""10""}, {""url"": ""https://www.mintur.gob.es/PortalAyudas/AgrupacionesEmpresariales/Concesion/2023/Documents/AEI_2023_Listado_solicitudes_concedidas.pdf"", ""label"": ""Fuente del estado e importe"", ""pagina"": ""11""}]"
sector:2023:AEI-010500-2023-332,2023,AEI-010500-2023-332,Transporte y distribución,FUNDACIÓN CLUSTER DE EMPRESAS DE AUTOMOCIÓN DE GALICIA (CEAGA),G36983575,DATA LOGISTICS. Big Data y Business Intelligence para aumentar la sincronización de la Supply Chain - FASE 2,,concedida_segun_listado,252367.00,,general,"Transporte, distribución, almacenaje o servicios logísticos identificados en el título del proyecto.",,"[{""url"": ""https://www.mintur.gob.es/PortalAyudas/AgrupacionesEmpresariales/Concesion/2023/Documents/AEI_2023_Listado_provisional_ayudas_concedidas.pdf"", ""label"": ""Anexo provisional: título y entidad"", ""pagina"": ""10""}, {""url"": ""https://www.mintur.gob.es/PortalAyudas/AgrupacionesEmpresariales/Concesion/2023/Documents/AEI_2023_Listado_solicitudes_concedidas.pdf"", ""label"": ""Fuente del estado e importe"", ""pagina"": ""11""}]"
sector:2023:AEI-010500-2023-368,2023,AEI-010500-2023-368,Transporte y distribución,ASSOCIACIÓ CLUSTER DEL PACKAGING,G65920035,SMARTSTOCK DUOMO 2.0 - Digitalización de procesos logísticos y gestión de inventario con Smart Pressure Sensor,,concedida_segun_listado,257022.00,,general,"Transporte, distribución, almacenaje o servicios logísticos identificados en el título del proyecto.",,"[{""url"": ""https://www.mintur.gob.es/PortalAyudas/AgrupacionesEmpresariales/Concesion/2023/Documents/AEI_2023_Listado_provisional_ayudas_concedidas.pdf"", ""label"": ""Anexo provisional: título y entidad"", ""pagina"": ""11""}, {""url"": ""https://www.mintur.gob.es/PortalAyudas/AgrupacionesEmpresariales/Concesion/2023/Documents/AEI_2023_Listado_solicitudes_concedidas.pdf"", ""label"": ""Fuente del estado e importe"", ""pagina"": ""12""}]"
sector:2023:AEI-010500-2023-380,2023,AEI-010500-2023-380,Transporte y distribución,ASOCIACIÓN LOGÍSTICA INNOVADORA DE ARAGÓN (ALIA),G99299299,SICHOCK: Innovación para la seguridad en operaciones de carga y descarga de camiones.,,concedida_segun_listado,168714.00,,general,"Transporte, distribución, almacenaje o servicios logísticos identificados en el título del proyecto.",,"[{""url"": ""https://www.mintur.gob.es/PortalAyudas/AgrupacionesEmpresariales/Concesion/2023/Documents/AEI_2023_Listado_provisional_ayudas_concedidas.pdf"", ""label"": ""Anexo provisional: título y entidad"", ""pagina"": ""11""}, {""url"": ""https://www.mintur.gob.es/PortalAyudas/AgrupacionesEmpresariales/Concesion/2023/Documents/AEI_2023_Listado_solicitudes_concedidas.pdf"", ""label"": ""Fuente del estado e importe"", ""pagina"": ""12""}]"
sector:2023:AEI-010500-2023-383,2023,AEI-010500-2023-383,Transporte y distribución,ASOCIACIÓN LOGÍSTICA INNOVADORA DE ARAGÓN (ALIA),G99299299,SENSORIPIG: Optimización y sostenibilidad en la cadena de suministro porcina mediante Inteligencia Artificial,,concedida_segun_listado,117422.00,,general,"Transporte, distribución, almacenaje o servicios logísticos identificados en el título del proyecto.",,"[{""url"": ""https://www.mintur.gob.es/PortalAyudas/AgrupacionesEmpresariales/Concesion/2023/Documents/AEI_2023_Listado_provisional_ayudas_concedidas.pdf"", ""label"": ""Anexo provisional: título y entidad"", ""pagina"": ""11""}, {""url"": ""https://www.mintur.gob.es/PortalAyudas/AgrupacionesEmpresariales/Concesion/2023/Documents/AEI_2023_Listado_solicitudes_concedidas.pdf"", ""label"": ""Fuente del estado e importe"", ""pagina"": ""12""}]"
sector:2023:AEI-010500-2023-399,2023,AEI-010500-2023-399,Transporte y distribución,ASSOCIACIÓ CATALANA D'INNOVACIÓ DEL SECTOR CARNI PORCÍ (INNOVACC),G17995978,FOOD PICKER SYSTEM: solución robotizada de picking mediante visión artificial volumétrica para piezas cárnicas,,concedida_segun_listado,117412.00,,general,"Transporte, distribución, almacenaje o servicios logísticos identificados en el título del proyecto.",,"[{""url"": ""https://www.mintur.gob.es/PortalAyudas/AgrupacionesEmpresariales/Concesion/2023/Documents/AEI_2023_Listado_provisional_ayudas_concedidas.pdf"", ""label"": ""Anexo provisional: título y entidad"", ""pagina"": ""12""}, {""url"": ""https://www.mintur.gob.es/PortalAyudas/AgrupacionesEmpresariales/Concesion/2023/Documents/AEI_2023_Listado_solicitudes_concedidas.pdf"", ""label"": ""Fuente del estado e importe"", ""pagina"": ""13""}]"
sector:2023:AEI-010500-2023-408,2023,AEI-010500-2023-408,Transporte y distribución,ASSOCIACIÓ CLÚSTER DIGITAL DE CATALUNYA,G66505751,Bodega Digital Fase II Trazabilidad integral en la cadena de suministro vitivinícola con blockchain y RFID,,concedida_segun_listado,217869.00,,general,"Transporte, distribución, almacenaje o servicios logísticos identificados en el título del proyecto.",,"[{""url"": ""https://www.mintur.gob.es/PortalAyudas/AgrupacionesEmpresariales/Concesion/2023/Documents/AEI_2023_Listado_provisional_ayudas_concedidas.pdf"", ""label"": ""Anexo provisional: título y entidad"", ""pagina"": ""12""}, {""url"": ""https://www.mintur.gob.es/PortalAyudas/AgrupacionesEmpresariales/Concesion/2023/Documents/AEI_2023_Listado_solicitudes_concedidas.pdf"", ""label"": ""Fuente del estado e importe"", ""pagina"": ""13""}]"
sector:2023:AEI-010500-2023-414,2023,AEI-010500-2023-414,Transporte y distribución,ASOCIACIÓN PARA LA DIGITALIZACIÓN DE LA INDUSTRIA DE GALICIA,G27877166,PowerLog: La primera plataforma de Logística para la optimización de rutas con Inteligencia Artificial,,concedida_segun_listado,168058.00,,general,"Transporte, distribución, almacenaje o servicios logísticos identificados en el título del proyecto.",,"[{""url"": ""https://www.mintur.gob.es/PortalAyudas/AgrupacionesEmpresariales/Concesion/2023/Documents/AEI_2023_Listado_provisional_ayudas_concedidas.pdf"", ""label"": ""Anexo provisional: título y entidad"", ""pagina"": ""12""}, {""url"": ""https://www.mintur.gob.es/PortalAyudas/AgrupacionesEmpresariales/Concesion/2023/Documents/AEI_2023_Listado_solicitudes_concedidas.pdf"", ""label"": ""Fuente del estado e importe"", ""pagina"": ""13""}]"
sector:2023:AEI-010500-2023-264,2023,AEI-010500-2023-264,Transporte y distribución,FORO MARITIMO VASCO,G48976823,CIRCULAR PIT - Optimización de operativas productivas en almacenes a granel gracias a la identificación y caracterización de materiales a través de Visión e Inteligencia Artificial.,,concedida_segun_listado,244018.00,,general,"Transporte, distribución, almacenaje o servicios logísticos identificados en el título del proyecto.",,"[{""url"": ""https://www.mintur.gob.es/PortalAyudas/AgrupacionesEmpresariales/Concesion/2023/Documents/AEI_2023_Listado_provisional_ayudas_lista_de_espera.pdf"", ""label"": ""Anexo provisional: título y entidad"", ""pagina"": ""1""}, {""url"": ""https://www.mintur.gob.es/PortalAyudas/AgrupacionesEmpresariales/Concesion/2023/Documents/AEI_2023_Listado_solicitudes_concedidas.pdf"", ""label"": ""Fuente del estado e importe"", ""pagina"": ""9""}]"
sector:2023:AEI-010500-2023-334,2023,AEI-010500-2023-334,Transporte y distribución,SOUTHERN EUROPEAN CLUSTER IN PHOTONICS & OPTICS (SECPHO),,SteelOnTime: Solución integral basada en IA para optimizar la planificación de la producción y la distribución de acero en el sector de la construcción,,lista_espera_sin_concesion,,,general,"Transporte, distribución, almacenaje o servicios logísticos identificados en el título del proyecto.",,"[{""url"": ""https://www.mintur.gob.es/PortalAyudas/AgrupacionesEmpresariales/Concesion/2023/Documents/AEI_2023_Listado_provisional_ayudas_lista_de_espera.pdf"", ""label"": ""Anexo provisional: título y entidad"", ""pagina"": ""1""}, {""url"": ""https://www.mintur.gob.es/PortalAyudas/AgrupacionesEmpresariales/Concesion/2023/Documents/AEI_2023_Listado_provisional_ayudas_lista_de_espera.pdf"", ""label"": ""Fuente del estado e importe"", ""pagina"": ""1""}]"
sector:2017:AEI-010500-2017-155,2017,AEI-010500-2017-155,Transporte y distribución,"ASOCIACIÓN ESPAÑOLA DE FABRICANTES EXPORTADORES DE MAQUINARIA PARA CONSTRUCCIÓN, OBRAS PÚBLICAS Y MINERÍA (ANMOPYC)",G50098508,"SUPPLYCHAIN 4.0 - Desarrollo de soluciones logísticas en la cadena de suministro de empresas fabricantes de maquinaria de construcción y obra pública basadas en las tecnologías IoT, Big Data y Cloud Computing",62.9,concedida_segun_listado,158573.00,,general,"Transporte, distribución, almacenaje o servicios logísticos identificados en el título del proyecto.",,"[{""url"": ""https://www.mintur.gob.es/PortalAyudas/AgrupacionesEmpresariales/Concesion/2017/Documents/Listado_provisional_%20ayudas_concedidas.pdf"", ""label"": ""Anexo provisional: título y entidad"", ""pagina"": ""4""}, {""url"": ""https://www.mintur.gob.es/PortalAyudas/AgrupacionesEmpresariales/Concesion/2017/Documents/2-%20Listado_definitivo_ayudas_concedidas_AEI_2017.pdf"", ""label"": ""Fuente del estado e importe"", ""pagina"": ""3""}]"
sector:2017:AEI-010500-2017-40,2017,AEI-010500-2017-40,Transporte y distribución,CLÚSTER DE MOVILIDAD Y LOGÍSTICA DE EUSKADI,G01387414,CS4CONNECT - Modelo para la transformación digital de la cadena de suministro en la Industria 4.0,62.13,concedida_segun_listado,30736.00,,general,"Transporte, distribución, almacenaje o servicios logísticos identificados en el título del proyecto.",,"[{""url"": ""https://www.mintur.gob.es/PortalAyudas/AgrupacionesEmpresariales/Concesion/2017/Documents/Listado_provisional_%20ayudas_concedidas.pdf"", ""label"": ""Anexo provisional: título y entidad"", ""pagina"": ""4""}, {""url"": ""https://www.mintur.gob.es/PortalAyudas/AgrupacionesEmpresariales/Concesion/2017/Documents/2-%20Listado_definitivo_ayudas_concedidas_AEI_2017.pdf"", ""label"": ""Fuente del estado e importe"", ""pagina"": ""3""}]"
sector:2017:AEI-010500-2017-99,2017,AEI-010500-2017-99,Transporte y distribución,CITET,G85321883,"PREDICT: PREDICION, TRATAMIENTO Y COMUNICACION DE LA INFORMACION DE LA CONTAMINACION DE LA CIUDAD DE MADRID PARA SU USO EN LA MEJORA DE LA PLANIFICACION AGREGADA DE RECURSOS DE FABRICACION, ALMACENAMIENTO Y TRANSPORTE",61.25,concedida_segun_listado,49222.00,,general,"Transporte, distribución, almacenaje o servicios logísticos identificados en el título del proyecto.",,"[{""url"": ""https://www.mintur.gob.es/PortalAyudas/AgrupacionesEmpresariales/Concesion/2017/Documents/Listado_provisional_%20ayudas_concedidas.pdf"", ""label"": ""Anexo provisional: título y entidad"", ""pagina"": ""5""}, {""url"": ""https://www.mintur.gob.es/PortalAyudas/AgrupacionesEmpresariales/Concesion/2017/Documents/2-%20Listado_definitivo_ayudas_concedidas_AEI_2017.pdf"", ""label"": ""Fuente del estado e importe"", ""pagina"": ""4""}]"
sector:2017:AEI-010500-2017-241,2017,AEI-010500-2017-241,Transporte y distribución,ASOCIACIÓN ESPAÑOLA PARA LA INTERNACIONALIZACIÓN Y LA INNOVACIÓN DE LAS EMPRESAS SOLARES,G65083834,SALSA - Sistema de auto-movilidad limpia con soporte de almacenamiento,60.6,concedida_segun_listado,91813.00,,general,"Transporte, distribución, almacenaje o servicios logísticos identificados en el título del proyecto.",,"[{""url"": ""https://www.mintur.gob.es/PortalAyudas/AgrupacionesEmpresariales/Concesion/2017/Documents/Listado_provisional_%20ayudas_concedidas.pdf"", ""label"": ""Anexo provisional: título y entidad"", ""pagina"": ""5""}, {""url"": ""https://www.mintur.gob.es/PortalAyudas/AgrupacionesEmpresariales/Concesion/2017/Documents/2-%20Listado_definitivo_ayudas_concedidas_AEI_2017.pdf"", ""label"": ""Fuente del estado e importe"", ""pagina"": ""4""}]"
sector:2017:AEI-010500-2017-113,2017,AEI-010500-2017-113,Transporte y distribución,"CLUSTER DE TECNOLOGÍAS DE LA INFORMACIÓN, ELECTRÓNICA Y TELECOMUNICACIONES DE ARAGÓN",G99311086,GIO: Integración bidireccional de flujos de relación electrónica entre clientes y proveedores del transporte terrestre basado en Grupajes,59.8,concedida_segun_listado,51383.00,,general,"Transporte, distribución, almacenaje o servicios logísticos identificados en el título del proyecto.",,"[{""url"": ""https://www.mintur.gob.es/PortalAyudas/AgrupacionesEmpresariales/Concesion/2017/Documents/Listado_provisional_%20ayudas_concedidas.pdf"", ""label"": ""Anexo provisional: título y entidad"", ""pagina"": ""6""}, {""url"": ""https://www.mintur.gob.es/PortalAyudas/AgrupacionesEmpresariales/Concesion/2017/Documents/2-%20Listado_definitivo_ayudas_concedidas_AEI_2017.pdf"", ""label"": ""Fuente del estado e importe"", ""pagina"": ""5""}]"
sector:2017:AEI-010500-2017-264,2017,AEI-010500-2017-264,Transporte y distribución,MADRID PLATAFORMA AERONÁUTICA Y DEL ESPACIO,G84923614,SISIFOT: Sistema de transporte y logística autónomo en exteriores para almacenes industriales,58.02,concedida_segun_listado,150694.00,,general,"Transporte, distribución, almacenaje o servicios logísticos identificados en el título del proyecto.",,"[{""url"": ""https://www.mintur.gob.es/PortalAyudas/AgrupacionesEmpresariales/Concesion/2017/Documents/Listado_provisional_%20ayudas_concedidas.pdf"", ""label"": ""Anexo provisional: título y entidad"", ""pagina"": ""7""}, {""url"": ""https://www.mintur.gob.es/PortalAyudas/AgrupacionesEmpresariales/Concesion/2017/Documents/2-%20Listado_definitivo_ayudas_concedidas_AEI_2017.pdf"", ""label"": ""Fuente del estado e importe"", ""pagina"": ""6""}]"
sector:2017:AEI-010600-2017-177,2017,AEI-010600-2017-177,Transporte y distribución,ASOCIACION LOGISTICA INNOVADORA DE ARAGON,G99299299,INTEGRACION INTELIGENTE DE UNA CADENA DE SUMINISTRO INTERNACIONAL,56.99,concedida_segun_listado,64163.00,,general,"Transporte, distribución, almacenaje o servicios logísticos identificados en el título del proyecto.",,"[{""url"": ""https://www.mintur.gob.es/PortalAyudas/AgrupacionesEmpresariales/Concesion/2017/Documents/Listado_provisional_%20ayudas_concedidas.pdf"", ""label"": ""Anexo provisional: título y entidad"", ""pagina"": ""8""}, {""url"": ""https://www.mintur.gob.es/PortalAyudas/AgrupacionesEmpresariales/Concesion/2017/Documents/2-%20Listado_definitivo_ayudas_concedidas_AEI_2017.pdf"", ""label"": ""Fuente del estado e importe"", ""pagina"": ""6""}]"
sector:2017:AEI-010600-2017-137,2017,AEI-010600-2017-137,Transporte y distribución,ASOCIACION LOGISTICA INNOVADORA DE ARAGON,G99299299,DIGITALIZACION DE PROCESOS LOGISTICOS DE ENTREGA DE MERCANCIAS,51.91,concedida_segun_listado,60469.00,,general,"Transporte, distribución, almacenaje o servicios logísticos identificados en el título del proyecto.",,"[{""url"": ""https://www.mintur.gob.es/PortalAyudas/AgrupacionesEmpresariales/Concesion/2017/Documents/Listado_provisional_%20ayudas_concedidas.pdf"", ""label"": ""Anexo provisional: título y entidad"", ""pagina"": ""13""}, {""url"": ""https://www.mintur.gob.es/PortalAyudas/AgrupacionesEmpresariales/Concesion/2017/Documents/2-%20Listado_definitivo_ayudas_concedidas_AEI_2017.pdf"", ""label"": ""Fuente del estado e importe"", ""pagina"": ""10""}]"
sector:2017:AEI-010300-2017-22,2017,AEI-010300-2017-22,Transporte y distribución,FORO MARITIMO VASCO,G48976823,PROTOTIPO DE EMPUJADOR FLUVIAL PARA EL TRANSPORTE DE MERCANCIAS EN COLOMBIA,50.5,concedida_segun_listado,23716.00,,general,"Transporte, distribución, almacenaje o servicios logísticos identificados en el título del proyecto.",,"[{""url"": ""https://www.mintur.gob.es/PortalAyudas/AgrupacionesEmpresariales/Concesion/2017/Documents/Listado_provisional_%20ayudas_concedidas.pdf"", ""label"": ""Anexo provisional: título y entidad"", ""pagina"": ""18""}, {""url"": ""https://www.mintur.gob.es/PortalAyudas/AgrupacionesEmpresariales/Concesion/2017/Documents/2-%20Listado_definitivo_ayudas_concedidas_AEI_2017.pdf"", ""label"": ""Fuente del estado e importe"", ""pagina"": ""13""}]"
sector:2017:AEI-010600-2017-215,2017,AEI-010600-2017-215,Transporte y distribución,CITET,,ESTUDIO VIABILIDAD: Propuesta de un nuevo sistema de códigos postales que favorezca la eficiencia operativa y la sostenibilidad en la distribución urbana de mercancías en España y análisis coste-beneficio de su implantación,,propuesta_desestimada_puntuacion,,,general,"Transporte, distribución, almacenaje o servicios logísticos identificados en el título del proyecto.",,"[{""url"": ""https://www.mintur.gob.es/PortalAyudas/AgrupacionesEmpresariales/Concesion/2017/Documents/Listado_provisional_%20ayudas_denegadas.pdf"", ""label"": ""Anexo provisional: título y entidad"", ""pagina"": ""1""}]"
sector:2017:AEI-010500-2017-248,2017,AEI-010500-2017-248,Transporte y distribución,ASOCIACIÓN CLÚSTER DE ENVASE Y EMBALAJE DE LA COMUNITAT VALENCIANA,,Desarrollo de una plataforma colaborativa para el desarrollo de soluciones logísticas de negocio interempresa en el marco de la Industria 4.0.,,propuesta_desestimada_puntuacion,,,general,"Transporte, distribución, almacenaje o servicios logísticos identificados en el título del proyecto.",,"[{""url"": ""https://www.mintur.gob.es/PortalAyudas/AgrupacionesEmpresariales/Concesion/2017/Documents/Listado_provisional_%20ayudas_denegadas.pdf"", ""label"": ""Anexo provisional: título y entidad"", ""pagina"": ""2""}]"
sector:2017:AEI-010600-2017-128,2017,AEI-010600-2017-128,Transporte y distribución,"ASOCIACIÓN ESPAÑOLA PARA EL IMPULSO Y LA INNOVACIÓN EN LA DOMÓTICA, LA INMÓTICA Y LAS CIUDADES INTELIGENTES - DOMOTYS",,"ESTUDIO DE VIABILIDAD PARA EL DISEÑO DE UNA SOLUCIÓN EDGE COMPUTING BUS, DE INTEGRACIÓN DE SEÑALES Y AUTOMATIZACIÓN DE PROCESOS HÍBRIDOS OT/IT EN UN VEHÍCULO DE TRANSPORTE PÚBLICO COLECTIVO (VTPC)",,propuesta_desestimada_puntuacion,,,general,"Transporte, distribución, almacenaje o servicios logísticos identificados en el título del proyecto.",,"[{""url"": ""https://www.mintur.gob.es/PortalAyudas/AgrupacionesEmpresariales/Concesion/2017/Documents/Listado_provisional_%20ayudas_denegadas.pdf"", ""label"": ""Anexo provisional: título y entidad"", ""pagina"": ""7""}]"
sector:2017:AEI-010500-2017-74,2017,AEI-010500-2017-74,Transporte y distribución,AECAE,,Lift connector. Automatización de operaciones e integración de datos en procesos asociados a la cadena de suministro y al desarrollo de pedidos.,,propuesta_desestimada_puntuacion,,,general,"Transporte, distribución, almacenaje o servicios logísticos identificados en el título del proyecto.",,"[{""url"": ""https://www.mintur.gob.es/PortalAyudas/AgrupacionesEmpresariales/Concesion/2017/Documents/Listado_provisional_%20ayudas_denegadas.pdf"", ""label"": ""Anexo provisional: título y entidad"", ""pagina"": ""12""}]"
sector:2017:AEI-010600-2017-214,2017,AEI-010600-2017-214,Transporte y distribución,"AGRUPACIÓN EMPRESARIAL INNOVADORA DEL CONOCIMIENTO DE ASTURIAS, A.I.E.",,"Estudio de Viabilidad sobre Trazabilidad inocua e inteligente, control gestión y optimización de procesos industriales exigentes y de almacén",,propuesta_desestimada_puntuacion,,,general,"Transporte, distribución, almacenaje o servicios logísticos identificados en el título del proyecto.",,"[{""url"": ""https://www.mintur.gob.es/PortalAyudas/AgrupacionesEmpresariales/Concesion/2017/Documents/Listado_provisional_%20ayudas_denegadas.pdf"", ""label"": ""Anexo provisional: título y entidad"", ""pagina"": ""15""}]"
sector:2020:AEI-010300-2020-69,2020,AEI-010300-2020-69,Transporte y distribución,ASOCIACIÓN CLÚSTER DE MOVILIDAD Y LOGÍSTICA DE EUSKADI,G01387414,Plataforma Colaborativa interempresa para la Distribución Urbana de Mercancías - PC DUM,61,concedida_segun_listado,5174.00,,general,"Transporte, distribución, almacenaje o servicios logísticos identificados en el título del proyecto.",,"[{""url"": ""https://www.mintur.gob.es/PortalAyudas/AgrupacionesEmpresariales/Concesion/2020/Documents/AEI_2020_Listado_provisional_ayudas_concedidas.pdf"", ""label"": ""Anexo provisional: título y entidad"", ""pagina"": ""3""}, {""url"": ""https://www.mintur.gob.es/PortalAyudas/AgrupacionesEmpresariales/Concesion/2020/Documents/Listado_definitivo_ayudas_concedidas_AEI_2020.pdf"", ""label"": ""Fuente del estado e importe"", ""pagina"": ""2""}]"
sector:2020:AEI-010500-2020-237,2020,AEI-010500-2020-237,Transporte y distribución,FUNDACIÓN PARA EL DESARROLLO DE LAS NUEVAS TECNOLOGÍAS DEL HIDRÓGENO EN ARAGÓN,G22280010,ComputaMeH-Modelado Computacional Dinámico de Mezclas Metano- Hidrógeno en redes de transporte de gas natural,52.94,concedida_segun_listado,23651.00,,general,"Transporte, distribución, almacenaje o servicios logísticos identificados en el título del proyecto.",,"[{""url"": ""https://www.mintur.gob.es/PortalAyudas/AgrupacionesEmpresariales/Concesion/2020/Documents/AEI_2020_Listado_provisional_ayudas_concedidas.pdf"", ""label"": ""Anexo provisional: título y entidad"", ""pagina"": ""11""}, {""url"": ""https://www.mintur.gob.es/PortalAyudas/AgrupacionesEmpresariales/Concesion/2020/Documents/Listado_definitivo_ayudas_concedidas_AEI_2020.pdf"", ""label"": ""Fuente del estado e importe"", ""pagina"": ""5""}]"
sector:2020:AEI-010500-2020-185,2020,AEI-010500-2020-185,Transporte y distribución,CITET,G85321883,"Microhubs 4.0: Distribución Urbana de Mercancía Conectada, Interoperable, Colaborativa y Sostenible",51.41,concedida_segun_listado,150103.00,,general,"Transporte, distribución, almacenaje o servicios logísticos identificados en el título del proyecto.",,"[{""url"": ""https://www.mintur.gob.es/PortalAyudas/AgrupacionesEmpresariales/Concesion/2020/Documents/AEI_2020_Listado_provisional_ayudas_concedidas.pdf"", ""label"": ""Anexo provisional: título y entidad"", ""pagina"": ""12""}, {""url"": ""https://www.mintur.gob.es/PortalAyudas/AgrupacionesEmpresariales/Concesion/2020/Documents/Listado_definitivo_ayudas_concedidas_AEI_2020.pdf"", ""label"": ""Fuente del estado e importe"", ""pagina"": ""6""}]"
sector:2020:AEI-010500-2020-229,2020,AEI-010500-2020-229,Transporte y distribución,"CLUSTER DE LAS TECNOLOGIAS INTELIGENTES PARA LAS CIUDADES, LOS EDIFICIOS Y LA INDUSTRIA",,Ecosistema predictivo Kanban para la mejora de procesos productivos y logísticos de almacenaje mediante IA e IoT - Smart Kanban,,propuesta_desestimada_puntuacion,,,general,"Transporte, distribución, almacenaje o servicios logísticos identificados en el título del proyecto.",,"[{""url"": ""https://www.mintur.gob.es/PortalAyudas/AgrupacionesEmpresariales/Concesion/2020/Documents/AEI_2020_Listado_provisional_ayudas_denegadas.pdf"", ""label"": ""Anexo provisional: título y entidad"", ""pagina"": ""8""}]"
sector:2020:AEI-010400-2020-219,2020,AEI-010400-2020-219,Transporte y distribución,FUNDACION CEAGA,,Logística colaborativa 4.0,50.5,lista_espera_sin_concesion,,,general,"Transporte, distribución, almacenaje o servicios logísticos identificados en el título del proyecto.",,"[{""url"": ""https://www.mintur.gob.es/PortalAyudas/AgrupacionesEmpresariales/Concesion/2020/Documents/AEI_2020_Listado_provisional_ayudas_lista%20espera.pdf"", ""label"": ""Anexo provisional: título y entidad"", ""pagina"": ""3""}]"
sector:2020:AEI-010500-2020-202,2020,AEI-010500-2020-202,Transporte y distribución,"CLUSTER DE LAS TECNOLOGIAS INTELIGENTES PARA LAS CIUDADES, LOS EDIFICIOS Y LA INDUSTRIA",,Desarrollo de un sistema inteligente de prorización semafórica para rutas de transporte público basado en la ocupación y en la demora mediante soluciones cloud,50.38,lista_espera_sin_concesion,,,general,"Transporte, distribución, almacenaje o servicios logísticos identificados en el título del proyecto.",,"[{""url"": ""https://www.mintur.gob.es/PortalAyudas/AgrupacionesEmpresariales/Concesion/2020/Documents/AEI_2020_Listado_provisional_ayudas_lista%20espera.pdf"", ""label"": ""Anexo provisional: título y entidad"", ""pagina"": ""4""}]"
sector:2020:AEI-010500-2020-105,2020,AEI-010500-2020-105,Transporte y distribución,SECPHO,,"PRIORITY DRONE: Desarrollo de un sistema drone integrado de transporte, end-end, de material de primera necesidad en entorno rural.",50.27,lista_espera_sin_concesion,,,general,"Transporte, distribución, almacenaje o servicios logísticos identificados en el título del proyecto.",,"[{""url"": ""https://www.mintur.gob.es/PortalAyudas/AgrupacionesEmpresariales/Concesion/2020/Documents/AEI_2020_Listado_provisional_ayudas_lista%20espera.pdf"", ""label"": ""Anexo provisional: título y entidad"", ""pagina"": ""5""}]"
sector:2020:AEI-010600-2020-23,2020,AEI-010600-2020-23,Transporte y distribución,ASSOCIACIÓ CLÚSTER DIGITAL DE CATALUNYA,,Integración de tecnología blockchain en la cadena de suministro de la industria vitivinícola,50.11,lista_espera_sin_concesion,,,general,"Transporte, distribución, almacenaje o servicios logísticos identificados en el título del proyecto.",,"[{""url"": ""https://www.mintur.gob.es/PortalAyudas/AgrupacionesEmpresariales/Concesion/2020/Documents/AEI_2020_Listado_provisional_ayudas_lista%20espera.pdf"", ""label"": ""Anexo provisional: título y entidad"", ""pagina"": ""7""}]"
sector:2020:AEI-010500-2020-37,2020,AEI-010500-2020-37,Transporte y distribución,CITET,,"Microhubs 4.0: Distribución Urbana de Mercancía Conectada, Interoperable, Colaborativa y Sostenible",,lista_espera_sin_concesion,,,general,"Transporte, distribución, almacenaje o servicios logísticos identificados en el título del proyecto.",,"[{""url"": ""https://www.mintur.gob.es/PortalAyudas/AgrupacionesEmpresariales/Concesion/2020/Documents/AEI_2020_Listado_provisional_ayudas_desestimadas.pdf"", ""label"": ""Anexo provisional: título y entidad"", ""pagina"": ""1""}]"
sector:2020:AEI-010500-2020-115,2020,AEI-010500-2020-115,Transporte y distribución,ASOCIACIÓN LOGÍSTICA INNOVADORA DE ARAGÓN (ALIA),,OPTIMIZACIÓN DE LOS PROCESOS DE TRANSPORTE EN TODA LA CADENA DE VALOR,,lista_espera_sin_concesion,,,general,"Transporte, distribución, almacenaje o servicios logísticos identificados en el título del proyecto.",,"[{""url"": ""https://www.mintur.gob.es/PortalAyudas/AgrupacionesEmpresariales/Concesion/2020/Documents/AEI_2020_Listado_provisional_ayudas_desestimadas.pdf"", ""label"": ""Anexo provisional: título y entidad"", ""pagina"": ""2""}]"
sector:2020:AEI-010500-2020-118,2020,AEI-010500-2020-118,Transporte y distribución,CITET,,MaintRouting - Plataforma compartida de optimización matemática de rutas de mantenimiento en la nube,,lista_espera_sin_concesion,,,general,"Transporte, distribución, almacenaje o servicios logísticos identificados en el título del proyecto.",,"[{""url"": ""https://www.mintur.gob.es/PortalAyudas/AgrupacionesEmpresariales/Concesion/2020/Documents/AEI_2020_Listado_provisional_ayudas_desestimadas.pdf"", ""label"": ""Anexo provisional: título y entidad"", ""pagina"": ""2""}]"
sector:2020:AEI-010500-2020-119,2020,AEI-010500-2020-119,Transporte y distribución,ASOCIACIÓN LOGÍSTICA INNOVADORA DE ARAGÓN (ALIA),,ROBOTIZACIÓN DE UNA MÁQUINA DE LIMPIEZA Y DESINFECCIÓN EN CENTROS DE DISTRIBUCIÓN,,lista_espera_sin_concesion,,,general,"Transporte, distribución, almacenaje o servicios logísticos identificados en el título del proyecto.",,"[{""url"": ""https://www.mintur.gob.es/PortalAyudas/AgrupacionesEmpresariales/Concesion/2020/Documents/AEI_2020_Listado_provisional_ayudas_desestimadas.pdf"", ""label"": ""Anexo provisional: título y entidad"", ""pagina"": ""2""}]"
sector:2020:AEI-010500-2020-140,2020,AEI-010500-2020-140,Transporte y distribución,ALIA,,Optimización de la cadena logística de valor a través de simulaciones en laboratorio con entornos funcionales,,lista_espera_sin_concesion,,,general,"Transporte, distribución, almacenaje o servicios logísticos identificados en el título del proyecto.",,"[{""url"": ""https://www.mintur.gob.es/PortalAyudas/AgrupacionesEmpresariales/Concesion/2020/Documents/AEI_2020_Listado_provisional_ayudas_desestimadas.pdf"", ""label"": ""Anexo provisional: título y entidad"", ""pagina"": ""2""}]"
sector:2020:AEI-010500-2020-196,2020,AEI-010500-2020-196,Transporte y distribución,CITET,,"Green&Digital SCM. Hacia una cadena de suministro hiperconectada. Transparente, sostenible y sustentada sobre modelos de documentación digitales",,lista_espera_sin_concesion,,,general,"Transporte, distribución, almacenaje o servicios logísticos identificados en el título del proyecto.",,"[{""url"": ""https://www.mintur.gob.es/PortalAyudas/AgrupacionesEmpresariales/Concesion/2020/Documents/AEI_2020_Listado_provisional_ayudas_desestimadas.pdf"", ""label"": ""Anexo provisional: título y entidad"", ""pagina"": ""3""}]"
sector:2021b:AEI-010500-2021b-179,2021b,AEI-010500-2021b-179,Transporte y distribución,ASOCIACIÓN CLUSTER DE LA SALUD DE ARAGÓN (ARAHEALTH),G99374050,PHARMAINTEGRA: transformación digital y sostenible de la cadena de suministro farmacéutica,61.13,concedida_segun_listado,144898.00,,general,"Transporte, distribución, almacenaje o servicios logísticos identificados en el título del proyecto.",,"[{""url"": ""https://www.mintur.gob.es/PortalAyudas/AgrupacionesEmpresariales/Concesion/2021-b/Documents/AEI_2021b_Listado_provisional_ayudas_concedidas.pdf"", ""label"": ""Anexo provisional: título y entidad"", ""pagina"": ""2""}, {""url"": ""https://www.mintur.gob.es/PortalAyudas/AgrupacionesEmpresariales/Concesion/2021-b/Documents/Listado_definitivo_ayudas_concedidas_AEI_2021b.pdf"", ""label"": ""Fuente del estado e importe"", ""pagina"": ""2""}]"
sector:2021b:AEI-010500-2021b-47,2021b,AEI-010500-2021b-47,Transporte y distribución,ASSOCIACIÓ CLUSTER DIGITAL DE CATALUNYA,G66505751,BLOCKCHAIN.4W Integración de tecnología blockchain en la cadena de suministro de la industria vitivinícola,59.59,concedida_segun_listado,131382.00,,general,"Transporte, distribución, almacenaje o servicios logísticos identificados en el título del proyecto.",,"[{""url"": ""https://www.mintur.gob.es/PortalAyudas/AgrupacionesEmpresariales/Concesion/2021-b/Documents/AEI_2021b_Listado_provisional_ayudas_concedidas.pdf"", ""label"": ""Anexo provisional: título y entidad"", ""pagina"": ""3""}, {""url"": ""https://www.mintur.gob.es/PortalAyudas/AgrupacionesEmpresariales/Concesion/2021-b/Documents/Listado_definitivo_ayudas_concedidas_AEI_2021b.pdf"", ""label"": ""Fuente del estado e importe"", ""pagina"": ""2""}]"
sector:2021b:AEI-010300-2021b-75,2021b,AEI-010300-2021b-75,Transporte y distribución,ASOCIACIÓN CLÚSTER DE MOVILIDAD Y LOGÍSTICA DE EUSKADI,,ESTUDIO DE CASOS DE PLATAFORMAS COLABORATIVAS EN LOGÍSTICA COLABORATIVA - LOCOL,56.3,propuesta_provisional_aprobada,,,general,"Transporte, distribución, almacenaje o servicios logísticos identificados en el título del proyecto.",,"[{""url"": ""https://www.mintur.gob.es/PortalAyudas/AgrupacionesEmpresariales/Concesion/2021-b/Documents/AEI_2021b_Listado_provisional_ayudas_concedidas.pdf"", ""label"": ""Anexo provisional: título y entidad"", ""pagina"": ""5""}]"
sector:2021b:AEI-010500-2021b-204,2021b,AEI-010500-2021b-204,Transporte y distribución,"ASOCIACIÓN ESPAÑOLA DE FABRICANTES EXPORTADORES DE MAQUINARIA PARA CONSTRUCCIÓN, OBRAS PÚBLICAS Y MINERÍA (ANMOPYC)",G50098508,SERVCHAIN - Desarrollo de actividades innovadoras mediante tecnologías de Inteligencia Artificial dirigidas a la servitización de la maquinaria y la toma de decisiones en la cadena de suministro.,56.21,concedida_segun_listado,218275.00,,general,"Transporte, distribución, almacenaje o servicios logísticos identificados en el título del proyecto.",,"[{""url"": ""https://www.mintur.gob.es/PortalAyudas/AgrupacionesEmpresariales/Concesion/2021-b/Documents/AEI_2021b_Listado_provisional_ayudas_concedidas.pdf"", ""label"": ""Anexo provisional: título y entidad"", ""pagina"": ""5""}, {""url"": ""https://www.mintur.gob.es/PortalAyudas/AgrupacionesEmpresariales/Concesion/2021-b/Documents/Listado_definitivo_ayudas_concedidas_AEI_2021b.pdf"", ""label"": ""Fuente del estado e importe"", ""pagina"": ""3""}]"
sector:2021b:AEI-010500-2021b-112,2021b,AEI-010500-2021b-112,Transporte y distribución,ASOCIACION AERONAUTICA ARAGONESA (AERA),G99171951,"Logística sostenible a farmacias y movilidad inteligente con robots aéreos autónomos, UAS/Drones",54.8,concedida_segun_listado,92501.00,,general,"Transporte, distribución, almacenaje o servicios logísticos identificados en el título del proyecto.",,"[{""url"": ""https://www.mintur.gob.es/PortalAyudas/AgrupacionesEmpresariales/Concesion/2021-b/Documents/AEI_2021b_Listado_provisional_ayudas_concedidas.pdf"", ""label"": ""Anexo provisional: título y entidad"", ""pagina"": ""6""}, {""url"": ""https://www.mintur.gob.es/PortalAyudas/AgrupacionesEmpresariales/Concesion/2021-b/Documents/Listado_definitivo_ayudas_concedidas_AEI_2021b.pdf"", ""label"": ""Fuente del estado e importe"", ""pagina"": ""4""}]"
sector:2021b:AEI-010500-2021b-189,2021b,AEI-010500-2021b-189,Transporte y distribución,ASOCIACION LOGISTICA INNOVADORA DE ARAGON (ALIA),G99299299,PIGLOG. Optimización de las rutas de distribución logística en la industria cárnica,51.91,concedida_segun_listado,77678.00,,general,"Transporte, distribución, almacenaje o servicios logísticos identificados en el título del proyecto.",,"[{""url"": ""https://www.mintur.gob.es/PortalAyudas/AgrupacionesEmpresariales/Concesion/2021-b/Documents/AEI_2021b_Listado_provisional_ayudas_concedidas.pdf"", ""label"": ""Anexo provisional: título y entidad"", ""pagina"": ""9""}, {""url"": ""https://www.mintur.gob.es/PortalAyudas/AgrupacionesEmpresariales/Concesion/2021-b/Documents/Listado_definitivo_ayudas_concedidas_AEI_2021b.pdf"", ""label"": ""Fuente del estado e importe"", ""pagina"": ""5""}]"
sector:2021b:AEI-010500-2021b-110,2021b,AEI-010500-2021b-110,Transporte y distribución,"ASOCIACIÓN IBERICA DE GAS NATURAL, HIDRÓGENO Y GAS RENOVABLE PARA LA MOVILIDAD (GASNAM)",G86693074,DISEÑO Y CONSTRUCCIÓN DE UN PROTOTIPO PARA LA DIGITALIZACIÓN DE SUMINISTROS DE BIOGÁS E HIDRÓGENO EN INSTALACIONES DE FLOTAS PRIVADAS - GREEN FLEET,50.33,concedida_segun_listado,127296.00,,general,"Transporte, distribución, almacenaje o servicios logísticos identificados en el título del proyecto.",,"[{""url"": ""https://www.mintur.gob.es/PortalAyudas/AgrupacionesEmpresariales/Concesion/2021-b/Documents/AEI_2021b_Listado_provisional_ayudas_concedidas.pdf"", ""label"": ""Anexo provisional: título y entidad"", ""pagina"": ""12""}, {""url"": ""https://www.mintur.gob.es/PortalAyudas/AgrupacionesEmpresariales/Concesion/2021-b/Documents/Listado_definitivo_ayudas_concedidas_AEI_2021b.pdf"", ""label"": ""Fuente del estado e importe"", ""pagina"": ""7""}]"
sector:2021b:AEI-010500-2021b-207,2021b,AEI-010500-2021b-207,Transporte y distribución,CENTRO DE INNOVACIÓN TECNOLÓGICA PARA LA LOGISTICA Y EL TRANSPORTE DE MERCANCÍAS POR CARRETERA (CITET),,Red 5G industrial privada para la automatización de la logística interna,50.17,propuesta_provisional_aprobada,,,general,"Transporte, distribución, almacenaje o servicios logísticos identificados en el título del proyecto.",,"[{""url"": ""https://www.mintur.gob.es/PortalAyudas/AgrupacionesEmpresariales/Concesion/2021-b/Documents/AEI_2021b_Listado_provisional_ayudas_concedidas.pdf"", ""label"": ""Anexo provisional: título y entidad"", ""pagina"": ""13""}]"
sector:2021b:AEI-010500-2021b-205,2021b,AEI-010500-2021b-205,Transporte y distribución,ASOCIACION CLUSTER DE LA ENERGIA DE LA COMUNITAT VALENCIANA (CECV),G98322084,"DIGICIRCULAR-BATT - Contenerización inteligente, análisis digital y tratamiento robotizado de baterías de vehículo eléctrico para optimizar nuevos procesos de manipulación y transporte para gestión de segunda vida y revalorización",50.15,concedida_segun_listado,255184.00,,general,"Transporte, distribución, almacenaje o servicios logísticos identificados en el título del proyecto.",,"[{""url"": ""https://www.mintur.gob.es/PortalAyudas/AgrupacionesEmpresariales/Concesion/2021-b/Documents/AEI_2021b_Listado_provisional_ayudas_concedidas.pdf"", ""label"": ""Anexo provisional: título y entidad"", ""pagina"": ""13""}, {""url"": ""https://www.mintur.gob.es/PortalAyudas/AgrupacionesEmpresariales/Concesion/2021-b/Documents/Listado_definitivo_ayudas_concedidas_AEI_2021b.pdf"", ""label"": ""Fuente del estado e importe"", ""pagina"": ""8""}]"
sector:2021b:AEI-010500-2021b-146,2021b,AEI-010500-2021b-146,Transporte y distribución,"FEELING INNOVATION BY STANPA, ASOCIACION PARA LA INNOVACION EN PERFUME,COSMETICA Y CUIDADO PERSONAL",G02865541,"PROYECTO ECOSMARTPACK 4.0. Cosmetics supply chain 4.0: Envase circular reutilizable trazado y conectando fábrica, distribución y logística y consumidor para productos de cosmética, cuidado personal, higiene o farmacia",50.13,concedida_segun_listado,207313.00,,general,"Transporte, distribución, almacenaje o servicios logísticos identificados en el título del proyecto.",,"[{""url"": ""https://www.mintur.gob.es/PortalAyudas/AgrupacionesEmpresariales/Concesion/2021-b/Documents/AEI_2021b_Listado_provisional_ayudas_concedidas.pdf"", ""label"": ""Anexo provisional: título y entidad"", ""pagina"": ""14""}, {""url"": ""https://www.mintur.gob.es/PortalAyudas/AgrupacionesEmpresariales/Concesion/2021-b/Documents/Listado_definitivo_ayudas_concedidas_AEI_2021b.pdf"", ""label"": ""Fuente del estado e importe"", ""pagina"": ""8""}]"
sector:2021b:AEI-010500-2021b-139,2021b,AEI-010500-2021b-139,Transporte y distribución,"CLUSTER DE EMPRESAS DE TECNOLOGÍAS DE LA INFORMACIÓN, ELECTRÓNICA Y TELECOMUNICACIONES DE ARAGÓN (TECNARA)",G99311086,OPTILOG: Optimización de proyectos logísticos,50.11,concedida_segun_listado,158707.00,,general,"Transporte, distribución, almacenaje o servicios logísticos identificados en el título del proyecto.",,"[{""url"": ""https://www.mintur.gob.es/PortalAyudas/AgrupacionesEmpresariales/Concesion/2021-b/Documents/AEI_2021b_Listado_provisional_ayudas_concedidas.pdf"", ""label"": ""Anexo provisional: título y entidad"", ""pagina"": ""14""}, {""url"": ""https://www.mintur.gob.es/PortalAyudas/AgrupacionesEmpresariales/Concesion/2021-b/Documents/Listado_definitivo_ayudas_concedidas_AEI_2021b.pdf"", ""label"": ""Fuente del estado e importe"", ""pagina"": ""9""}]"
sector:2021b:AEI-010500-2021b-185,2021b,AEI-010500-2021b-185,Transporte y distribución,ASSOCIACIO CLUSTER DE LA INDUSTRIA D'AUTOMOCIO DE CATALUNYA (CIAC),,Diseño y desarrollo de un sistema de carga y descarga automático de camiones en un entorno de suministros JIT,,propuesta_desestimada_puntuacion,,,general,"Transporte, distribución, almacenaje o servicios logísticos identificados en el título del proyecto.",,"[{""url"": ""https://www.mintur.gob.es/PortalAyudas/AgrupacionesEmpresariales/Concesion/2021-b/Documents/AEI_2021b_Listado_provisional_ayudas_denegadas.pdf"", ""label"": ""Anexo provisional: título y entidad"", ""pagina"": ""1""}]"
sector:2021b:AEI-010500-2021b-159,2021b,AEI-010500-2021b-159,Transporte y distribución,CENTRO DE INNOVACIÓN TECNOLÓGICA PARA LA LOGISTICA Y EL TRANSPORTE DE MERCANCÍAS POR CARRETERA (CITET),,"Microhubs 4.0 STG 02: Plataforma Orquestadora para la Distribución Urbana de Mercancía Conectada, Interoperable, Colaborativa y Sostenible",,propuesta_desestimada_puntuacion,,,general,"Transporte, distribución, almacenaje o servicios logísticos identificados en el título del proyecto.",,"[{""url"": ""https://www.mintur.gob.es/PortalAyudas/AgrupacionesEmpresariales/Concesion/2021-b/Documents/AEI_2021b_Listado_provisional_ayudas_denegadas.pdf"", ""label"": ""Anexo provisional: título y entidad"", ""pagina"": ""2""}]"
sector:2021b:AEI-010500-2021b-133,2021b,AEI-010500-2021b-133,Transporte y distribución,"ASOCIACIÓN IBERICA DE GAS NATURAL, HIDRÓGENO Y GAS RENOVABLE PARA LA MOVILIDAD (GASNAM)",,"MODELADO DE ALMACENAMIENTO, TRANSPORTE Y DISTRIBUCIÓN DE HIDROGENO RENOVABLE A LO LARGO DE SU CADENA LOGISITICA - MHYLO",,propuesta_desestimada_puntuacion,,,general,"Transporte, distribución, almacenaje o servicios logísticos identificados en el título del proyecto.",,"[{""url"": ""https://www.mintur.gob.es/PortalAyudas/AgrupacionesEmpresariales/Concesion/2021-b/Documents/AEI_2021b_Listado_provisional_ayudas_denegadas.pdf"", ""label"": ""Anexo provisional: título y entidad"", ""pagina"": ""3""}]"
sector:2021b:AEI-010500-2021b-91,2021b,AEI-010500-2021b-91,Transporte y distribución,ASOC VALENCIANA DE LA INDUSTRIA DE LA AUTOMOCION (AVIA),,Sistema Integral de Manipulación Inteligente y Movilidad Automatizada para la Digitalización Intralogística DIGI-LOGIX,,propuesta_desestimada_puntuacion,,,general,"Transporte, distribución, almacenaje o servicios logísticos identificados en el título del proyecto.",,"[{""url"": ""https://www.mintur.gob.es/PortalAyudas/AgrupacionesEmpresariales/Concesion/2021-b/Documents/AEI_2021b_Listado_provisional_ayudas_denegadas.pdf"", ""label"": ""Anexo provisional: título y entidad"", ""pagina"": ""4""}]"
sector:2021b:AEI-010500-2021b-56,2021b,AEI-010500-2021b-56,Transporte y distribución,"ASOCIACIÓN IBERICA DE GAS NATURAL, HIDRÓGENO Y GAS RENOVABLE PARA LA MOVILIDAD (GASNAM)",,Diseño y construcción de un prototipo para la digitalización de suministros de biogás e hidrógeno en instalaciones de flotas privadas - Green Fleet,,lista_espera_sin_concesion,,,general,"Transporte, distribución, almacenaje o servicios logísticos identificados en el título del proyecto.",,"[{""url"": ""https://www.mintur.gob.es/PortalAyudas/AgrupacionesEmpresariales/Concesion/2021-b/Documents/AEI_2021b_Listado_provisional_ayudas_desestimadas.pdf"", ""label"": ""Anexo provisional: título y entidad"", ""pagina"": ""1""}]"
sector:2021b:AEI-010500-2021b-58,2021b,AEI-010500-2021b-58,Transporte y distribución,"ASOCIACIÓN IBERICA DE GAS NATURAL, HIDRÓGENO Y GAS RENOVABLE PARA LA MOVILIDAD (GASNAM)",,"MODELADO DE ALMACENAMIENTO, TRANSPORTE Y DISTRIBUCIÓN DE HIDROGENO RENOVABLE A LO LARGO DE SU CADENA LOGISITICA - MHYLO",,lista_espera_sin_concesion,,,general,"Transporte, distribución, almacenaje o servicios logísticos identificados en el título del proyecto.",,"[{""url"": ""https://www.mintur.gob.es/PortalAyudas/AgrupacionesEmpresariales/Concesion/2021-b/Documents/AEI_2021b_Listado_provisional_ayudas_desestimadas.pdf"", ""label"": ""Anexo provisional: título y entidad"", ""pagina"": ""2""}]"
sector:2021:AEI-010500-2021-111,2021,AEI-010500-2021-111,Transporte y distribución,ASOCIACIÓN CLUSTER DE AUTOMOCIÓN DE ARAGÓN (CAAR),G99252918,Desarrollo piloto de un sistema flexible de manufactura con automatizacion y digitalización de sus procesos y movimientos de logística interna-Pilot Flex Digital,69.14,concedida_segun_listado,151289.00,,general,"Transporte, distribución, almacenaje o servicios logísticos identificados en el título del proyecto.",,"[{""url"": ""https://www.mintur.gob.es/PortalAyudas/AgrupacionesEmpresariales/Concesion/2021/Documents/AEI_2021_Listado_provisional_ayudas_concedidas.pdf"", ""label"": ""Anexo provisional: título y entidad"", ""pagina"": ""1""}, {""url"": ""https://www.mintur.gob.es/PortalAyudas/AgrupacionesEmpresariales/Concesion/2021/Documents/Listado_definitivo_ayudas_concedidas_AEI_2021.pdf"", ""label"": ""Fuente del estado e importe"", ""pagina"": ""1""}]"
sector:2021:AEI-010500-2021-141,2021,AEI-010500-2021-141,Transporte y distribución,ASOCIACIÓN CATALANA PARA LA INNOVACIÓN Y LA INTERNACIONALIZACIÓN DEL SECTOR DEL AGUA (CATALAN WATER PARTNERSHIP),G64862717,Aplicación de la Fabricación Aditiva Para la Mejora del Rendimiento de Cloración en Redes de Distribución Urbana (FADICLUR),65.96,concedida_segun_listado,69703.00,,general,"Transporte, distribución, almacenaje o servicios logísticos identificados en el título del proyecto.",,"[{""url"": ""https://www.mintur.gob.es/PortalAyudas/AgrupacionesEmpresariales/Concesion/2021/Documents/AEI_2021_Listado_provisional_ayudas_concedidas.pdf"", ""label"": ""Anexo provisional: título y entidad"", ""pagina"": ""1""}, {""url"": ""https://www.mintur.gob.es/PortalAyudas/AgrupacionesEmpresariales/Concesion/2021/Documents/Listado_definitivo_ayudas_concedidas_AEI_2021.pdf"", ""label"": ""Fuente del estado e importe"", ""pagina"": ""1""}]"
sector:2021:AEI-010600-2021-215,2021,AEI-010600-2021-215,Transporte y distribución,ASSOCIACIÓ CLÚSTER DIGITAL DE CATALUNYA,G66505751,AI.Supply.Chain,56.2,concedida_segun_listado,43844.00,,general,"Transporte, distribución, almacenaje o servicios logísticos identificados en el título del proyecto.",,"[{""url"": ""https://www.mintur.gob.es/PortalAyudas/AgrupacionesEmpresariales/Concesion/2021/Documents/AEI_2021_Listado_provisional_ayudas_concedidas.pdf"", ""label"": ""Anexo provisional: título y entidad"", ""pagina"": ""5""}, {""url"": ""https://www.mintur.gob.es/PortalAyudas/AgrupacionesEmpresariales/Concesion/2021/Documents/Listado_definitivo_ayudas_concedidas_AEI_2021.pdf"", ""label"": ""Fuente del estado e importe"", ""pagina"": ""3""}]"
sector:2021:AEI-010500-2021-91,2021,AEI-010500-2021-91,Transporte y distribución,ASOCIACIÓN LOGÍSTICA INNOVADORA DE ARAGÓN (ALIA),G99299299,OPTIMIZACIÓN DE LOS PROCESOS DE TRANSPORTE EN TODA LA CADENA DE VALOR,55.31,concedida_segun_listado,60322.00,,general,"Transporte, distribución, almacenaje o servicios logísticos identificados en el título del proyecto.",,"[{""url"": ""https://www.mintur.gob.es/PortalAyudas/AgrupacionesEmpresariales/Concesion/2021/Documents/AEI_2021_Listado_provisional_ayudas_concedidas.pdf"", ""label"": ""Anexo provisional: título y entidad"", ""pagina"": ""6""}, {""url"": ""https://www.mintur.gob.es/PortalAyudas/AgrupacionesEmpresariales/Concesion/2021/Documents/Listado_definitivo_ayudas_concedidas_AEI_2021.pdf"", ""label"": ""Fuente del estado e importe"", ""pagina"": ""3""}]"
sector:2021:AEI-010500-2021-132,2021,AEI-010500-2021-132,Transporte y distribución,CLÚSTER DE HÁBITAT EFICIENTE (AEICE),G47702287,RURAL ROAD CASTING. Herramienta de información de la actividad turística mediante podcasts en red de rutas rurales.,55.17,concedida_segun_listado,166150.00,,general,"Transporte, distribución, almacenaje o servicios logísticos identificados en el título del proyecto.",,"[{""url"": ""https://www.mintur.gob.es/PortalAyudas/AgrupacionesEmpresariales/Concesion/2021/Documents/AEI_2021_Listado_provisional_ayudas_concedidas.pdf"", ""label"": ""Anexo provisional: título y entidad"", ""pagina"": ""6""}, {""url"": ""https://www.mintur.gob.es/PortalAyudas/AgrupacionesEmpresariales/Concesion/2021/Documents/Listado_definitivo_ayudas_concedidas_AEI_2021.pdf"", ""label"": ""Fuente del estado e importe"", ""pagina"": ""3""}]"
sector:2021:AEI-010400-2021-152,2021,AEI-010400-2021-152,Transporte y distribución,FUNDACIÓN CLUSTER DE EMPRESAS DE AUTOMOCIÓN DE GALICIA (CEAGA),G36983575,DISEÑO CONCEPTUAL Y MODELIZACIÓN DE UNA INFRAESTRUCTURA AVANZADA DE LA CADENA DE SUMINISTRO DEL SECTOR DE AUTOMOCIÓN DE GALICIA,54.2,concedida_segun_listado,143152.00,,general,"Transporte, distribución, almacenaje o servicios logísticos identificados en el título del proyecto.",,"[{""url"": ""https://www.mintur.gob.es/PortalAyudas/AgrupacionesEmpresariales/Concesion/2021/Documents/AEI_2021_Listado_provisional_ayudas_concedidas.pdf"", ""label"": ""Anexo provisional: título y entidad"", ""pagina"": ""8""}, {""url"": ""https://www.mintur.gob.es/PortalAyudas/AgrupacionesEmpresariales/Concesion/2021/Documents/Listado_definitivo_ayudas_concedidas_AEI_2021.pdf"", ""label"": ""Fuente del estado e importe"", ""pagina"": ""4""}]"
sector:2021:AEI-010500-2021-155,2021,AEI-010500-2021-155,Transporte y distribución,SOUTHERN EUROPEAN CLUSTER IN PHOTONICS & OPTICS (SECPHO),G65103905,"LOGISDA. Innovador dispositivo para la monitorización de activos y el seguimiento logístico inteligente, configurable por el usuario, que aumente la eficiencia en la cadena de suministro de las empresas.",54.16,concedida_segun_listado,91266.00,,general,"Transporte, distribución, almacenaje o servicios logísticos identificados en el título del proyecto.",,"[{""url"": ""https://www.mintur.gob.es/PortalAyudas/AgrupacionesEmpresariales/Concesion/2021/Documents/AEI_2021_Listado_provisional_ayudas_concedidas.pdf"", ""label"": ""Anexo provisional: título y entidad"", ""pagina"": ""8""}, {""url"": ""https://www.mintur.gob.es/PortalAyudas/AgrupacionesEmpresariales/Concesion/2021/Documents/Listado_definitivo_ayudas_concedidas_AEI_2021.pdf"", ""label"": ""Fuente del estado e importe"", ""pagina"": ""4""}]"
sector:2021:AEI-010500-2021-84,2021,AEI-010500-2021-84,Transporte y distribución,ASOCIACIÓN LOGÍSTICA INNOVADORA DE ARAGÓN (ALIA),,ROBOTIZACIÓN DE UNA MÁQUINA DE LIMPIEZA Y DESINFECCIÓN EN CENTROS DE DISTRIBUCIÓN,,propuesta_desestimada_puntuacion,,,general,"Transporte, distribución, almacenaje o servicios logísticos identificados en el título del proyecto.",,"[{""url"": ""https://www.mintur.gob.es/PortalAyudas/AgrupacionesEmpresariales/Concesion/2021/Documents/AEI_2021_Listado_provisional_ayudas_denegadas.pdf"", ""label"": ""Anexo provisional: título y entidad"", ""pagina"": ""3""}]"
sector:2021:AEI-010500-2021-219,2021,AEI-010500-2021-219,Transporte y distribución,CENTRO DE INNOVACIÓN TECNOLÓGICA PARA LA LOGISTICA Y EL TRANSPORTE DE MERCANCÍAS POR CARRETERA (CITET),,"Microhubs 4.0 STG 02: Plataforma Orquestadora para la Distribución Urbana de Mercancía Conectada, Interoperable, Colaborativa y Sostenible",,propuesta_desestimada_puntuacion,,,general,"Transporte, distribución, almacenaje o servicios logísticos identificados en el título del proyecto.",,"[{""url"": ""https://www.mintur.gob.es/PortalAyudas/AgrupacionesEmpresariales/Concesion/2021/Documents/AEI_2021_Listado_provisional_ayudas_denegadas.pdf"", ""label"": ""Anexo provisional: título y entidad"", ""pagina"": ""6""}]"
sector:2021:AEI-010500-2021-211,2021,AEI-010500-2021-211,Transporte y distribución,CENTRO DE INNOVACIÓN TECNOLÓGICA PARA LA LOGISTICA Y EL TRANSPORTE DE MERCANCÍAS POR CARRETERA (CITET),,MaintRouting: Plataforma compartida de optimización matemática de rutas de mantenimiento en la nube,,propuesta_desestimada_puntuacion,,,general,"Transporte, distribución, almacenaje o servicios logísticos identificados en el título del proyecto.",,"[{""url"": ""https://www.mintur.gob.es/PortalAyudas/AgrupacionesEmpresariales/Concesion/2021/Documents/AEI_2021_Listado_provisional_ayudas_denegadas.pdf"", ""label"": ""Anexo provisional: título y entidad"", ""pagina"": ""7""}]"
sector:2021:AEI-010500-2021-174,2021,AEI-010500-2021-174,Transporte y distribución,CENTRO DE INNOVACIÓN TECNOLÓGICA PARA LA LOGISTICA Y EL TRANSPORTE DE MERCANCÍAS POR CARRETERA (CITET),,"Green&Digital SCM. Hacia una cadena de suministro hiperconectada. Transparente, sostenible y sustentada sobre modelos de documentación digitales",,propuesta_desestimada_puntuacion,,,general,"Transporte, distribución, almacenaje o servicios logísticos identificados en el título del proyecto.",,"[{""url"": ""https://www.mintur.gob.es/PortalAyudas/AgrupacionesEmpresariales/Concesion/2021/Documents/AEI_2021_Listado_provisional_ayudas_denegadas.pdf"", ""label"": ""Anexo provisional: título y entidad"", ""pagina"": ""9""}]"
sector:2021:AEI-010500-2021-99,2021,AEI-010500-2021-99,Transporte y distribución,"ASOCIACIÓN ESPAÑOLA DE FABRICANTES EXPORTADORES DE MAQUINARIA PARA CONSTRUCCIÓN, OBRAS PÚBLICAS Y MINERÍA (ANMOPYC)",,SERVCHAIN - Desarrollo de actividades innovadoras mediante tecnologías de inteligencia artificial dirigidas a la servitización de la maquinaria y la toma de decisiones en la cadena de suministro,53.46,lista_espera_sin_concesion,,,general,"Transporte, distribución, almacenaje o servicios logísticos identificados en el título del proyecto.",,"[{""url"": ""https://www.mintur.gob.es/PortalAyudas/AgrupacionesEmpresariales/Concesion/2021/Documents/AEI_2021_Listado_provisional_ayudas_lista%20espera.pdf"", ""label"": ""Anexo provisional: título y entidad"", ""pagina"": ""1""}]"
sector:2021:AEI-010600-2021-145,2021,AEI-010600-2021-145,Transporte y distribución,"ASOCIACIÓN IBÉRICA DE GAS NATURAL, HIDRÓGENO Y GAS RENOVABLE PARA LA MOVILIDAD (GASNAM)",,Modelado de estrategias de almacenamiento y transporte marítimo de HIdrógeno renovable a lo largo de su cadena LOgística,53.43,lista_espera_sin_concesion,,,general,"Transporte, distribución, almacenaje o servicios logísticos identificados en el título del proyecto.",,"[{""url"": ""https://www.mintur.gob.es/PortalAyudas/AgrupacionesEmpresariales/Concesion/2021/Documents/AEI_2021_Listado_provisional_ayudas_lista%20espera.pdf"", ""label"": ""Anexo provisional: título y entidad"", ""pagina"": ""1""}]"
sector:2021:AEI-010500-2021-52,2021,AEI-010500-2021-52,Transporte y distribución,ASOCIACIÓN CLUSTER DE LA SALUD DE ARAGÓN,,PHARMABOT: nueva solución de robótica avanzada con visión artificial para la optimización de los procesos de picking en el sector farmacéutico,53.4,lista_espera_sin_concesion,,,general,"Transporte, distribución, almacenaje o servicios logísticos identificados en el título del proyecto.",,"[{""url"": ""https://www.mintur.gob.es/PortalAyudas/AgrupacionesEmpresariales/Concesion/2021/Documents/AEI_2021_Listado_provisional_ayudas_lista%20espera.pdf"", ""label"": ""Anexo provisional: título y entidad"", ""pagina"": ""1""}]"
sector:2021:AEI-010600-2021-130,2021,AEI-010600-2021-130,Transporte y distribución,FUNDACIÓN PARA EL DESARROLLO DE LAS NUEVAS TECNOLOGÍAS DEL HIDRÓGENO EN ARAGÓN,,ESTUDIO DE VIABILIDAD PARA LA GESTIÓN 4.0 DE LA ENERGÍA Y LA MOVILIDAD CON HIDRÓGENO EN ENTORNOS LOGÍSTICOS,52.62,lista_espera_sin_concesion,,,general,"Transporte, distribución, almacenaje o servicios logísticos identificados en el título del proyecto.",,"[{""url"": ""https://www.mintur.gob.es/PortalAyudas/AgrupacionesEmpresariales/Concesion/2021/Documents/AEI_2021_Listado_provisional_ayudas_lista%20espera.pdf"", ""label"": ""Anexo provisional: título y entidad"", ""pagina"": ""3""}]"
sector:2021:AEI-010600-2021-27,2021,AEI-010600-2021-27,Transporte y distribución,ASOCIACIÓN CLUSTER DE LA ENERGÍA DE ARAGÓN,,Análisis de la implantación de sistemas de energía renovable en centros logísticos y productivos que permitan la utilización de energía y combustibles sostenibles.,51.52,lista_espera_sin_concesion,,,general,"Transporte, distribución, almacenaje o servicios logísticos identificados en el título del proyecto.",,"[{""url"": ""https://www.mintur.gob.es/PortalAyudas/AgrupacionesEmpresariales/Concesion/2021/Documents/AEI_2021_Listado_provisional_ayudas_lista%20espera.pdf"", ""label"": ""Anexo provisional: título y entidad"", ""pagina"": ""6""}]"
sector:2021:AEI-010500-2021-157,2021,AEI-010500-2021-157,Transporte y distribución,ASOCIACIÓN CLUSTER DE AUTOMOCIÓN DE ARAGÓN (CAAR),,AUTOMATIZACIÓN LOGÍSTICA INTEGRAL CON TECNOLOGÍAS INDUSTRIA 4.0 - AUTO-LOG40,51.17,lista_espera_sin_concesion,,,general,"Transporte, distribución, almacenaje o servicios logísticos identificados en el título del proyecto.",,"[{""url"": ""https://www.mintur.gob.es/PortalAyudas/AgrupacionesEmpresariales/Concesion/2021/Documents/AEI_2021_Listado_provisional_ayudas_lista%20espera.pdf"", ""label"": ""Anexo provisional: título y entidad"", ""pagina"": ""6""}]"
sector:2021:AEI-010500-2021-92,2021,AEI-010500-2021-92,Transporte y distribución,ASOCIACIÓN LOGÍSTICA INNOVADORA DE ARAGÓN (ALIA),,Optimización de la cadena logística de valor a través de simulaciones en laboratorio con entornos funcionales,51.09,lista_espera_sin_concesion,,,general,"Transporte, distribución, almacenaje o servicios logísticos identificados en el título del proyecto.",,"[{""url"": ""https://www.mintur.gob.es/PortalAyudas/AgrupacionesEmpresariales/Concesion/2021/Documents/AEI_2021_Listado_provisional_ayudas_lista%20espera.pdf"", ""label"": ""Anexo provisional: título y entidad"", ""pagina"": ""7""}]"
sector:2021:AEI-010500-2021-193,2021,AEI-010500-2021-193,Transporte y distribución,ASOCIACIÓN CLUSTER DE AUTOMOCIÓN DE ARAGÓN (CAAR),,"Sistema de geoposicionamiento de almacenes, con el uso de inteligencia artificial y tecnología de radiofrecuencia - Geo_Warehouse",51.02,lista_espera_sin_concesion,,,general,"Transporte, distribución, almacenaje o servicios logísticos identificados en el título del proyecto.",,"[{""url"": ""https://www.mintur.gob.es/PortalAyudas/AgrupacionesEmpresariales/Concesion/2021/Documents/AEI_2021_Listado_provisional_ayudas_lista%20espera.pdf"", ""label"": ""Anexo provisional: título y entidad"", ""pagina"": ""7""}]"
sector:2021:AEI-010400-2021-201,2021,AEI-010400-2021-201,Transporte y distribución,FUNDACIÓN CLUSTER DE EMPRESAS DE AUTOMOCIÓN DE GALICIA (CEAGA),,"SMART SUPPLY CHAIN. HACIA UNA SUPPLY CHAIN DIGITAL, INTEGRADA, CONECTADA Y COLABORATIVA",51,lista_espera_sin_concesion,,,general,"Transporte, distribución, almacenaje o servicios logísticos identificados en el título del proyecto.",,"[{""url"": ""https://www.mintur.gob.es/PortalAyudas/AgrupacionesEmpresariales/Concesion/2021/Documents/AEI_2021_Listado_provisional_ayudas_lista%20espera.pdf"", ""label"": ""Anexo provisional: título y entidad"", ""pagina"": ""7""}]"
sector:2021:AEI-010400-2021-206,2021,AEI-010400-2021-206,Transporte y distribución,FUNDACIÓN CLUSTER DE EMPRESAS DE AUTOMOCIÓN DE GALICIA (CEAGA),,DIGITAL LOGISTICS. ANÁLISIS Y TRANSFORMACIÓN DIGITAL DE LA LOGÍSTICA INTERNA DE LAS EMPRESAS AUTO,51,lista_espera_sin_concesion,,,general,"Transporte, distribución, almacenaje o servicios logísticos identificados en el título del proyecto.",,"[{""url"": ""https://www.mintur.gob.es/PortalAyudas/AgrupacionesEmpresariales/Concesion/2021/Documents/AEI_2021_Listado_provisional_ayudas_lista%20espera.pdf"", ""label"": ""Anexo provisional: título y entidad"", ""pagina"": ""7""}]"
sector:2021:AEI-010500-2021-122,2021,AEI-010500-2021-122,Transporte y distribución,"CLÚSTER DE LAS TECNOLOGÍAS INTELIGENTES PARA LAS CIUDADES, LOS EDIFICIOS Y LA INDUSTRIA (SMARTECH CLUSTER)",,OPTIMIZACION DE RUTAS DE AGV'S CON INTELIGENCIA ARTIFICIAL Y MACHINE LEARNING,50.95,lista_espera_sin_concesion,,,general,"Transporte, distribución, almacenaje o servicios logísticos identificados en el título del proyecto.",,"[{""url"": ""https://www.mintur.gob.es/PortalAyudas/AgrupacionesEmpresariales/Concesion/2021/Documents/AEI_2021_Listado_provisional_ayudas_lista%20espera.pdf"", ""label"": ""Anexo provisional: título y entidad"", ""pagina"": ""8""}]"
sector:2021:AEI-010500-2021-205,2021,AEI-010500-2021-205,Transporte y distribución,ASSOCIACIO CLUSTER DE LA INDUSTRIA D'AUTOMOCIO DE CATALUNYA (CIAC),,Digitalización y automatización de procesos logísticos y productivos mediante la industria conectada.,,propuesta_desestimada_motivos,,,general,"Transporte, distribución, almacenaje o servicios logísticos identificados en el título del proyecto.",,"[{""url"": ""https://www.mintur.gob.es/PortalAyudas/AgrupacionesEmpresariales/Concesion/2021/Documents/AEI_2021_Listado_provisional_ayudas_desestimadas.pdf"", ""label"": ""Anexo provisional: título y entidad"", ""pagina"": ""3""}]"
sector:2022:AEI-010500-2022-79,2022,AEI-010500-2022-79,Transporte y distribución,ASSOCIACIO CLUSTER DE LA INDUSTRIA D'AUTOMOCIO DE CATALUNYA (CIAC),G66028978,Diseño y desarrollo de nuevo sistema de transporte aéreo de materiales en la industria de la automoción mediante UAS,58.05,concedida_segun_listado,157671.00,,general,"Transporte, distribución, almacenaje o servicios logísticos identificados en el título del proyecto.",,"[{""url"": ""https://www.mintur.gob.es/PortalAyudas/AgrupacionesEmpresariales/Concesion/2022/Documents/AEI_2022_Listado_provisional_ayudas_concedidas.pdf"", ""label"": ""Anexo provisional: título y entidad"", ""pagina"": ""2""}, {""url"": ""https://www.mintur.gob.es/PortalAyudas/AgrupacionesEmpresariales/Concesion/2022/Documents/Listado_definitivo_ayudas_concedidas_AEI2022PGE_Portal%20Ayudas.pdf"", ""label"": ""Fuente del estado e importe"", ""pagina"": ""1""}]"
sector:2022:AEI-010500-2022-85,2022,AEI-010500-2022-85,Transporte y distribución,CENTRO DE INNOVACIÓN TECNOLÓGICA PARA LA LOGÍSTICA Y EL TRANSPORTE DE MERCANCÍAS POR CARRETERA (CITET),G85321883,"Microhubs 4.0 STG 02: Plataforma Orquestadora para la Distribución Urbana de Mercancía Conectada, Interoperable, Colaborativa y Sostenible",56.18,concedida_segun_listado,183169.00,,general,"Transporte, distribución, almacenaje o servicios logísticos identificados en el título del proyecto.",,"[{""url"": ""https://www.mintur.gob.es/PortalAyudas/AgrupacionesEmpresariales/Concesion/2022/Documents/AEI_2022_Listado_provisional_ayudas_concedidas.pdf"", ""label"": ""Anexo provisional: título y entidad"", ""pagina"": ""2""}, {""url"": ""https://www.mintur.gob.es/PortalAyudas/AgrupacionesEmpresariales/Concesion/2022/Documents/Listado_definitivo_ayudas_concedidas_AEI2022PGE_Portal%20Ayudas.pdf"", ""label"": ""Fuente del estado e importe"", ""pagina"": ""2""}]"
sector:2022:AEI-010500-2022-90,2022,AEI-010500-2022-90,Transporte y distribución,"CLUSTER DE EMPRESAS DE TECNOLOGÍAS DE LA INFORMACIÓN, ELECTRÓNICA Y TELECOMUNICACIONES DE ARAGÓN (TECNARA)",G99311086,"OPTIWASTE, MOTOR DE IA, DEEP LEARNING Y MACHINE LEARNING PARA LA OPTIMIZACIÓN LOGÍSTICA EN RESIDUOS",55.75,concedida_segun_listado,225912.00,,general,"Transporte, distribución, almacenaje o servicios logísticos identificados en el título del proyecto.",,"[{""url"": ""https://www.mintur.gob.es/PortalAyudas/AgrupacionesEmpresariales/Concesion/2022/Documents/AEI_2022_Listado_provisional_ayudas_concedidas.pdf"", ""label"": ""Anexo provisional: título y entidad"", ""pagina"": ""2""}, {""url"": ""https://www.mintur.gob.es/PortalAyudas/AgrupacionesEmpresariales/Concesion/2022/Documents/Listado_definitivo_ayudas_concedidas_AEI2022PGE_Portal%20Ayudas.pdf"", ""label"": ""Fuente del estado e importe"", ""pagina"": ""2""}]"
sector:2022:AEI-010500-2022-29,2022,AEI-010500-2022-29,Transporte y distribución,"ASOCIACIÓN IBÉRICA DE GAS NATURAL, HIDRÓGENO Y GAS RENOVABLE PARA LA MOVILIDAD (GASNAM)",G86693074,MODELOS DE CONOCIMIENTO 4.0 APLICADOS A LA CADENA LOGÍSTICA DE TRANSPORTE MARITÍMO DE HIDROGENO (HYDROMAR),54.62,concedida_segun_listado,159337.00,,general,"Transporte, distribución, almacenaje o servicios logísticos identificados en el título del proyecto.",,"[{""url"": ""https://www.mintur.gob.es/PortalAyudas/AgrupacionesEmpresariales/Concesion/2022/Documents/AEI_2022_Listado_provisional_ayudas_concedidas.pdf"", ""label"": ""Anexo provisional: título y entidad"", ""pagina"": ""3""}, {""url"": ""https://www.mintur.gob.es/PortalAyudas/AgrupacionesEmpresariales/Concesion/2022/Documents/Listado_definitivo_ayudas_concedidas_AEI2022PGE_Portal%20Ayudas.pdf"", ""label"": ""Fuente del estado e importe"", ""pagina"": ""2""}]"
sector:2022:AEI-010500-2022-53,2022,AEI-010500-2022-53,Transporte y distribución,ASSOCIACIÓ CLÚSTER DEL PACKAGING,G65920035,TREACABLE PACK. Contenedores flexibles trazables.,54.53,concedida_segun_listado,91227.00,,general,"Transporte, distribución, almacenaje o servicios logísticos identificados en el título del proyecto.",,"[{""url"": ""https://www.mintur.gob.es/PortalAyudas/AgrupacionesEmpresariales/Concesion/2022/Documents/AEI_2022_Listado_provisional_ayudas_concedidas.pdf"", ""label"": ""Anexo provisional: título y entidad"", ""pagina"": ""3""}, {""url"": ""https://www.mintur.gob.es/PortalAyudas/AgrupacionesEmpresariales/Concesion/2022/Documents/Listado_definitivo_ayudas_concedidas_AEI2022PGE_Portal%20Ayudas.pdf"", ""label"": ""Fuente del estado e importe"", ""pagina"": ""2""}]"
sector:2022:AEI-010500-2022-64,2022,AEI-010500-2022-64,Transporte y distribución,ASSOCIACIO CLUSTER DE LA INDUSTRIA D'AUTOMOCIO DE CATALUNYA (CIAC),,"Diseño y desarrollo de una plataforma de gestión logística con tecnologías de tratamiento masivo de datos e Inteligencia Artificial para la asignación automática, gestión y trazabilidad de ordenes de trabajo en protocolos e-CMR del Sector Automoción",,propuesta_desestimada_puntuacion,,,general,"Transporte, distribución, almacenaje o servicios logísticos identificados en el título del proyecto.",,"[{""url"": ""https://www.mintur.gob.es/PortalAyudas/AgrupacionesEmpresariales/Concesion/2022/Documents/AEI_2022_Listado_provisional_ayudas_denegadas.pdf"", ""label"": ""Anexo provisional: título y entidad"", ""pagina"": ""2""}]"
sector:2022:AEI-010500-2022-91,2022,AEI-010500-2022-91,Transporte y distribución,ASSOCIACIO CLUSTER DE LA INDUSTRIA D'AUTOMOCIO DE CATALUNYA (CIAC),,DISEÑO Y DESARROLLO DE UN SISTEMA DE CARGA Y DESCARGA AUTOMÁTICO DE CAMIONES EN UN ENTORNO DE SUMINISTROS JIT,50.05,lista_espera_sin_concesion,,,general,"Transporte, distribución, almacenaje o servicios logísticos identificados en el título del proyecto.",,"[{""url"": ""https://www.mintur.gob.es/PortalAyudas/AgrupacionesEmpresariales/Concesion/2022/Documents/AEI_2022_Listado_provisional_ayudas_lista%20espera.pdf"", ""label"": ""Anexo provisional: título y entidad"", ""pagina"": ""2""}]"
sector:2018:AEI-010500-2018-50,2018,AEI-010500-2018-50,Transporte y distribución,ASSOCIACIÓ CATALANA DINNOVACIÓ DEL SECTOR CARNI PORCÍ INNOVACC,G17995978,d2-18 Trazabilidad en BLOCKCHAIN para el transporte de animales vivos y sacrificio,68.3,concedida_segun_listado,59700.00,,general,"Transporte, distribución, almacenaje o servicios logísticos identificados en el título del proyecto.",,"[{""url"": ""https://www.mintur.gob.es/PortalAyudas/AgrupacionesEmpresariales/Concesion/2018/Documents/Listado_provisional_%20ayudas_concedidas.pdf"", ""label"": ""Anexo: título y entidad"", ""pagina"": 2}, {""url"": ""https://www.mintur.gob.es/PortalAyudas/AgrupacionesEmpresariales/Concesion/2018/Documents/Listado_definitivo_ayudas_concedidas_AEI_2018.pdf"", ""label"": ""Fuente del estado e importe"", ""pagina"": ""1""}]"
sector:2018:AEI-010500-2018-107,2018,AEI-010500-2018-107,Transporte y distribución,ASSOCIACIÓ CATALANA DINNOVACIÓ DEL SECTOR CARNI PORCÍ INNOVACC,G17995978,d3-18 Diseño de un robot para empuje y arrastre de jaulas de transporte de embutidos guiados a traves de un sistema de railes aéreos,66.7,concedida_segun_listado,38015.00,,general,"Transporte, distribución, almacenaje o servicios logísticos identificados en el título del proyecto.",,"[{""url"": ""https://www.mintur.gob.es/PortalAyudas/AgrupacionesEmpresariales/Concesion/2018/Documents/Listado_provisional_%20ayudas_concedidas.pdf"", ""label"": ""Anexo: título y entidad"", ""pagina"": 2}, {""url"": ""https://www.mintur.gob.es/PortalAyudas/AgrupacionesEmpresariales/Concesion/2018/Documents/Listado_definitivo_ayudas_concedidas_AEI_2018.pdf"", ""label"": ""Fuente del estado e importe"", ""pagina"": ""2""}]"
sector:2018:AEI-010600-2018-78,2018,AEI-010600-2018-78,Transporte y distribución,ASOCIACIÓN LOGÍSTICA INNOVADORA DE ARAGÓN (ALIA),G99299299,ESTUDIO DE MEJORA DE RUTAS DE PAQUETERÍA DEFICITARIA A TRAVÉS DE LA PUESTA EN MARCHA DE TECNOLOGÍAS 4.0 QUE AGLUTINE CARGA Y MASA CRÍTICA (SINERPAQ),62.49,concedida_segun_listado,52975.00,,general,"Transporte, distribución, almacenaje o servicios logísticos identificados en el título del proyecto.",,"[{""url"": ""https://www.mintur.gob.es/PortalAyudas/AgrupacionesEmpresariales/Concesion/2018/Documents/Listado_provisional_%20ayudas_concedidas.pdf"", ""label"": ""Anexo: título y entidad"", ""pagina"": 4}, {""url"": ""https://www.mintur.gob.es/PortalAyudas/AgrupacionesEmpresariales/Concesion/2018/Documents/Listado_definitivo_ayudas_concedidas_AEI_2018.pdf"", ""label"": ""Fuente del estado e importe"", ""pagina"": ""3""}]"
sector:2018:AEI-010400-2018-97,2018,AEI-010400-2018-97,Transporte y distribución,CLUSTER DE MOVILIDAD Y LOGÍSTICA DE EUSKADI,G01387414,OptiDUM - Herramienta para la optimización de los procesos de distribución de última milla,59.0,concedida_segun_listado,7741.00,,general,"Transporte, distribución, almacenaje o servicios logísticos identificados en el título del proyecto.",,"[{""url"": ""https://www.mintur.gob.es/PortalAyudas/AgrupacionesEmpresariales/Concesion/2018/Documents/Listado_provisional_%20ayudas_concedidas.pdf"", ""label"": ""Anexo: título y entidad"", ""pagina"": 7}, {""url"": ""https://www.mintur.gob.es/PortalAyudas/AgrupacionesEmpresariales/Concesion/2018/Documents/Listado_definitivo_ayudas_concedidas_AEI_2018.pdf"", ""label"": ""Fuente del estado e importe"", ""pagina"": ""4""}]"
sector:2018:AEI-010500-2018-79,2018,AEI-010500-2018-79,Transporte y distribución,ASOCIACIÓN LOGÍSTICA INNOVADORA DE ARAGÓN (ALIA),G99299299,SISTEMA DE TRAZABILIDAD DE CONTENEDORES MARÍTIMOS BASADO EN TECNOLOGÍA IOT,58.16,concedida_segun_listado,74697.00,,general,"Transporte, distribución, almacenaje o servicios logísticos identificados en el título del proyecto.",,"[{""url"": ""https://www.mintur.gob.es/PortalAyudas/AgrupacionesEmpresariales/Concesion/2018/Documents/Listado_provisional_%20ayudas_concedidas.pdf"", ""label"": ""Anexo: título y entidad"", ""pagina"": 7}, {""url"": ""https://www.mintur.gob.es/PortalAyudas/AgrupacionesEmpresariales/Concesion/2018/Documents/Listado_definitivo_ayudas_concedidas_AEI_2018.pdf"", ""label"": ""Fuente del estado e importe"", ""pagina"": ""4""}]"
sector:2018:AEI-010500-2018-118,2018,AEI-010500-2018-118,Transporte y distribución,ASOCIACION CLUSTER DE AUTOMOCIÓN DE ARAGÓN,G99252918,Inlogic 4.0 - Evaluación e implementación de tecnologías 4.0 para gestión inteligente de logística interna,57.26,concedida_segun_listado,101270.00,,general,"Transporte, distribución, almacenaje o servicios logísticos identificados en el título del proyecto.",,"[{""url"": ""https://www.mintur.gob.es/PortalAyudas/AgrupacionesEmpresariales/Concesion/2018/Documents/Listado_provisional_%20ayudas_concedidas.pdf"", ""label"": ""Anexo: título y entidad"", ""pagina"": 8}, {""url"": ""https://www.mintur.gob.es/PortalAyudas/AgrupacionesEmpresariales/Concesion/2018/Documents/Listado_definitivo_ayudas_concedidas_AEI_2018.pdf"", ""label"": ""Fuente del estado e importe"", ""pagina"": ""5""}]"
sector:2018:AEI-010600-2018-90,2018,AEI-010600-2018-90,Transporte y distribución,ASOCIACION AERONAUTICA ARAGONESA,G99171951,Estudio de viabilidad para la robotización y automatización de nuevo servicio de transporte farmacéutico mediante aeronaves pilotadas remotamente.(PHARMADRON),57.13,concedida_segun_listado,57238.00,,general,"Transporte, distribución, almacenaje o servicios logísticos identificados en el título del proyecto.",,"[{""url"": ""https://www.mintur.gob.es/PortalAyudas/AgrupacionesEmpresariales/Concesion/2018/Documents/Listado_provisional_%20ayudas_concedidas.pdf"", ""label"": ""Anexo: título y entidad"", ""pagina"": 8}, {""url"": ""https://www.mintur.gob.es/PortalAyudas/AgrupacionesEmpresariales/Concesion/2018/Documents/Listado_definitivo_ayudas_concedidas_AEI_2018.pdf"", ""label"": ""Fuente del estado e importe"", ""pagina"": ""5""}]"
sector:2018:AEI-010600-2018-76,2018,AEI-010600-2018-76,Transporte y distribución,ASOCIACIÓN LOGÍSTICA INNOVADORA DE ARAGÓN (ALIA),G99299299,Integración de la información en una cadena logística de suministro,55.55,concedida_segun_listado,54108.00,,general,"Transporte, distribución, almacenaje o servicios logísticos identificados en el título del proyecto.",,"[{""url"": ""https://www.mintur.gob.es/PortalAyudas/AgrupacionesEmpresariales/Concesion/2018/Documents/Listado_provisional_%20ayudas_concedidas.pdf"", ""label"": ""Anexo: título y entidad"", ""pagina"": 10}, {""url"": ""https://www.mintur.gob.es/PortalAyudas/AgrupacionesEmpresariales/Concesion/2018/Documents/Listado_definitivo_ayudas_concedidas_AEI_2018.pdf"", ""label"": ""Fuente del estado e importe"", ""pagina"": ""6""}]"
sector:2018:AEI-010600-2018-74,2018,AEI-010600-2018-74,Transporte y distribución,ASOCIACIÓN LOGÍSTICA INNOVADORA DE ARAGÓN (ALIA),G99299299,Desarrollo de un cuadro de mando inteligente aplicado a logística de gran consumo,55.0,concedida_segun_listado,45902.00,,general,"Transporte, distribución, almacenaje o servicios logísticos identificados en el título del proyecto.",,"[{""url"": ""https://www.mintur.gob.es/PortalAyudas/AgrupacionesEmpresariales/Concesion/2018/Documents/Listado_provisional_%20ayudas_concedidas.pdf"", ""label"": ""Anexo: título y entidad"", ""pagina"": 11}, {""url"": ""https://www.mintur.gob.es/PortalAyudas/AgrupacionesEmpresariales/Concesion/2018/Documents/Listado_definitivo_ayudas_concedidas_AEI_2018.pdf"", ""label"": ""Fuente del estado e importe"", ""pagina"": ""6""}]"
sector:2018:AEI-010300-2018-103,2018,AEI-010300-2018-103,Transporte y distribución,CLUSTER DE MOVILIDAD Y LOGÍSTICA DE EUSKADI,G01387414,Hacia la Logística 4.0,55.0,concedida_segun_listado,8286.00,,general,"Transporte, distribución, almacenaje o servicios logísticos identificados en el título del proyecto.",,"[{""url"": ""https://www.mintur.gob.es/PortalAyudas/AgrupacionesEmpresariales/Concesion/2018/Documents/Listado_provisional_%20ayudas_concedidas.pdf"", ""label"": ""Anexo: título y entidad"", ""pagina"": 11}, {""url"": ""https://www.mintur.gob.es/PortalAyudas/AgrupacionesEmpresariales/Concesion/2018/Documents/Listado_definitivo_ayudas_concedidas_AEI_2018.pdf"", ""label"": ""Fuente del estado e importe"", ""pagina"": ""6""}]"
sector:2018:AEI-010500-2018-77,2018,AEI-010500-2018-77,Transporte y distribución,ASOCIACIÓN LOGÍSTICA INNOVADORA DE ARAGÓN (ALIA),G99299299,Solución de navegación autónoma para máquinas industriales en centros de distribución,54.35,concedida_segun_listado,53870.00,,general,"Transporte, distribución, almacenaje o servicios logísticos identificados en el título del proyecto.",,"[{""url"": ""https://www.mintur.gob.es/PortalAyudas/AgrupacionesEmpresariales/Concesion/2018/Documents/Listado_provisional_%20ayudas_concedidas.pdf"", ""label"": ""Anexo: título y entidad"", ""pagina"": 11}, {""url"": ""https://www.mintur.gob.es/PortalAyudas/AgrupacionesEmpresariales/Concesion/2018/Documents/Listado_definitivo_ayudas_concedidas_AEI_2018.pdf"", ""label"": ""Fuente del estado e importe"", ""pagina"": ""6""}]"
sector:2018:AEI-010500-2018-227,2018,AEI-010500-2018-227,Transporte y distribución,INOLEO,G23624422,STORE-TIC: DESARROLLO E IMPLEMENTACIÓN DE UNA HERRAMIENTA PARA LA AUTOMATIZACIÓNDE LA GESTIÓN DE LOS ALMACENES Y MUESTRAS DE ACEITE Y ACCESO A LA INFORMACIÓN EN LA NUBE,51.0,concedida_segun_listado,17534.00,,general,"Transporte, distribución, almacenaje o servicios logísticos identificados en el título del proyecto.",,"[{""url"": ""https://www.mintur.gob.es/PortalAyudas/AgrupacionesEmpresariales/Concesion/2018/Documents/Listado_provisional_%20ayudas_concedidas.pdf"", ""label"": ""Anexo: título y entidad"", ""pagina"": 16}, {""url"": ""https://www.mintur.gob.es/PortalAyudas/AgrupacionesEmpresariales/Concesion/2018/Documents/Listado_definitivo_ayudas_concedidas_AEI_2018.pdf"", ""label"": ""Fuente del estado e importe"", ""pagina"": ""9""}]"
sector:2018:AEI-010500-2018-181,2018,AEI-010500-2018-181,Transporte y distribución,ASOCIACIÓN CLÚSTER GRANADA PLAZA TECNOLÓGICA Y BIOTECNOLÓGICA,G19532209,EDITORIAL 4.0 - Desarrollo de soluciones logísticas en la cadena de valor de empresas editoriales basadas en las tecnologías Big Data y Cloud Computing,50.5,concedida_segun_listado,52615.00,,general,"Transporte, distribución, almacenaje o servicios logísticos identificados en el título del proyecto.",,"[{""url"": ""https://www.mintur.gob.es/PortalAyudas/AgrupacionesEmpresariales/Concesion/2018/Documents/Listado_provisional_%20ayudas_concedidas.pdf"", ""label"": ""Anexo: título y entidad"", ""pagina"": 17}, {""url"": ""https://www.mintur.gob.es/PortalAyudas/AgrupacionesEmpresariales/Concesion/2018/Documents/Listado_definitivo_ayudas_concedidas_AEI_2018.pdf"", ""label"": ""Fuente del estado e importe"", ""pagina"": ""10""}]"
sector:2018:AEI-010400-2018-84,2018,AEI-010400-2018-84,Transporte y distribución,CLÚSTER DE MOVILIDAD Y LOGÍSTICA DE EUSKADI,G01387414,SCLM 4.0: SOLUCIONES CONJUNTAS PARA LA LOGÍSTICA Y MOVILIDAD 4.0,50.5,concedida_segun_listado,8993.00,,general,"Transporte, distribución, almacenaje o servicios logísticos identificados en el título del proyecto.",,"[{""url"": ""https://www.mintur.gob.es/PortalAyudas/AgrupacionesEmpresariales/Concesion/2018/Documents/Listado_provisional_%20ayudas_concedidas.pdf"", ""label"": ""Anexo: título y entidad"", ""pagina"": 18}, {""url"": ""https://www.mintur.gob.es/PortalAyudas/AgrupacionesEmpresariales/Concesion/2018/Documents/Listado_definitivo_ayudas_concedidas_AEI_2018.pdf"", ""label"": ""Fuente del estado e importe"", ""pagina"": ""10""}]"
sector:2022b:AEI-010500-2022b-255,2022b,AEI-010500-2022b-255,Transporte y distribución,"FEELING INNOVATION BY STANPA, ASOCIACION PARA LA INNOVACION EN PERFUME,COSMETICA Y CUIDADO PERSONAL",G02865541,"ECOSMARTPACK 4,0, Fase PILOTO: Envase circular reutilizable trazado y conectando fábrica, distribución, logística y consumidor para productos de cosmética, cuidado personal e higiene",59.88,concedida_segun_listado,261258.00,,general,"Transporte, distribución, almacenaje o servicios logísticos identificados en el título del proyecto.",,"[{""url"": ""https://www.mintur.gob.es/PortalAyudas/AgrupacionesEmpresariales/Concesion/2022b/Documents/AEI_2022b_Listado_provisional_ayudas_concedidas.pdf"", ""label"": ""Anexo: título y entidad"", ""pagina"": 3}, {""url"": ""https://www.mintur.gob.es/PortalAyudas/AgrupacionesEmpresariales/Concesion/2022b/Documents/AEI_2022b_Listado_definitivo_ayudas_concedidas.pdf"", ""label"": ""Fuente del estado e importe"", ""pagina"": ""7""}]"
sector:2022b:AEI-010500-2022b-46,2022b,AEI-010500-2022b-46,Transporte y distribución,ASSOCIACIÓ CLUSTER DIGITAL DE CATALUNYA,G66505751,NALARGA: NAvegación a LARGA distancia: transporte de mercancías con drones,59.07,concedida_segun_listado,149675.00,,general,"Transporte, distribución, almacenaje o servicios logísticos identificados en el título del proyecto.",,"[{""url"": ""https://www.mintur.gob.es/PortalAyudas/AgrupacionesEmpresariales/Concesion/2022b/Documents/AEI_2022b_Listado_provisional_ayudas_concedidas.pdf"", ""label"": ""Anexo: título y entidad"", ""pagina"": 4}, {""url"": ""https://www.mintur.gob.es/PortalAyudas/AgrupacionesEmpresariales/Concesion/2022b/Documents/AEI_2022b_Listado_definitivo_ayudas_concedidas.pdf"", ""label"": ""Fuente del estado e importe"", ""pagina"": ""11""}]"
sector:2022b:AEI-010500-2022b-261,2022b,AEI-010500-2022b-261,Transporte y distribución,ASOCIACION LOGISTICA INNOVADORA DE ARAGON,G99299299,"PREDICTRAIL, OPTIMIZACIÓN DE RUTAS FERROVIARIAS Y TIEMPOS DE CONDUCCIÓN INTEGRANDO LA PREVISÓN DE LA DEMANDA DE CEREAL CON IA",58.99,concedida_segun_listado,89423.00,,general,"Transporte, distribución, almacenaje o servicios logísticos identificados en el título del proyecto.",,"[{""url"": ""https://www.mintur.gob.es/PortalAyudas/AgrupacionesEmpresariales/Concesion/2022b/Documents/AEI_2022b_Listado_provisional_ayudas_concedidas.pdf"", ""label"": ""Anexo: título y entidad"", ""pagina"": 4}, {""url"": ""https://www.mintur.gob.es/PortalAyudas/AgrupacionesEmpresariales/Concesion/2022b/Documents/AEI_2022b_Listado_definitivo_ayudas_concedidas.pdf"", ""label"": ""Fuente del estado e importe"", ""pagina"": ""8""}]"
sector:2022b:AEI-010500-2022b-193,2022b,AEI-010500-2022b-193,Transporte y distribución,ASOCIACIÓN CLUSTER DE LA SALUD DE ARAGÓN,G99374050,PHARMAINTEGRA Fase II: transformación digital y sostenible de la cadena de suministro farmacéutica,58.46,concedida_segun_listado,273827.00,,general,"Transporte, distribución, almacenaje o servicios logísticos identificados en el título del proyecto.",,"[{""url"": ""https://www.mintur.gob.es/PortalAyudas/AgrupacionesEmpresariales/Concesion/2022b/Documents/AEI_2022b_Listado_provisional_ayudas_concedidas.pdf"", ""label"": ""Anexo: título y entidad"", ""pagina"": 5}, {""url"": ""https://www.mintur.gob.es/PortalAyudas/AgrupacionesEmpresariales/Concesion/2022b/Documents/AEI_2022b_Listado_definitivo_ayudas_concedidas.pdf"", ""label"": ""Fuente del estado e importe"", ""pagina"": ""5""}]"
sector:2022b:AEI-010500-2022b-190,2022b,AEI-010500-2022b-190,Transporte y distribución,FUNDACIÓN CLUSTER DE EMPRESAS DE AUTOMOCIÓN DE GALICIA (CEAGA),G36983575,"DATA LOGISTICS, Big Data y Business Intelligence para aumentar la sincronización de la Supply Chain,",58.37,concedida_segun_listado,189754.00,,general,"Transporte, distribución, almacenaje o servicios logísticos identificados en el título del proyecto.",,"[{""url"": ""https://www.mintur.gob.es/PortalAyudas/AgrupacionesEmpresariales/Concesion/2022b/Documents/AEI_2022b_Listado_provisional_ayudas_concedidas.pdf"", ""label"": ""Anexo: título y entidad"", ""pagina"": 5}, {""url"": ""https://www.mintur.gob.es/PortalAyudas/AgrupacionesEmpresariales/Concesion/2022b/Documents/AEI_2022b_Listado_definitivo_ayudas_concedidas.pdf"", ""label"": ""Fuente del estado e importe"", ""pagina"": ""5""}]"
sector:2022b:AEI-010500-2022b-143,2022b,AEI-010500-2022b-143,Transporte y distribución,ASOCIACION AERONAUTICA ARAGONESA,G99171951,"Logística sostenible a farmacias y movilidad inteligente con robots aéreos autónomos, UAS/Drones PHARMADRON ETAPA 2",57.91,concedida_segun_listado,52510.00,,general,"Transporte, distribución, almacenaje o servicios logísticos identificados en el título del proyecto.",,"[{""url"": ""https://www.mintur.gob.es/PortalAyudas/AgrupacionesEmpresariales/Concesion/2022b/Documents/AEI_2022b_Listado_provisional_ayudas_concedidas.pdf"", ""label"": ""Anexo: título y entidad"", ""pagina"": 7}, {""url"": ""https://www.mintur.gob.es/PortalAyudas/AgrupacionesEmpresariales/Concesion/2022b/Documents/AEI_2022b_Listado_definitivo_ayudas_concedidas.pdf"", ""label"": ""Fuente del estado e importe"", ""pagina"": ""3""}]"
sector:2022b:AEI-010500-2022b-138,2022b,AEI-010500-2022b-138,Transporte y distribución,"CLUSTER DE FABRICACION AVANZADA DE LA INDUSTRIA DEL METAL DE ASTURIAS, METAINDUSTRY4",G52544392,"NIBLO: INVESTIGACIÓN DE SOLUCIONES BASADAS EN TECNOLOGÍA LIDAR, INTELIGENCIA ARTIFICIAL Y BLOCKCHAIN PARA SU APLICACIÓN EN TRAZABILIDAD Y LOGÍSTICA EN PLANTA",56.47,concedida_segun_listado,322156.00,,general,"Transporte, distribución, almacenaje o servicios logísticos identificados en el título del proyecto.",,"[{""url"": ""https://www.mintur.gob.es/PortalAyudas/AgrupacionesEmpresariales/Concesion/2022b/Documents/AEI_2022b_Listado_provisional_ayudas_concedidas.pdf"", ""label"": ""Anexo: título y entidad"", ""pagina"": 9}, {""url"": ""https://www.mintur.gob.es/PortalAyudas/AgrupacionesEmpresariales/Concesion/2022b/Documents/AEI_2022b_Listado_definitivo_ayudas_concedidas.pdf"", ""label"": ""Fuente del estado e importe"", ""pagina"": ""3""}]"
sector:2022b:AEI-010500-2022b-123,2022b,AEI-010500-2022b-123,Transporte y distribución,ASOCIACION LOGISTICA INNOVADORA DE ARAGON,G99299299,"DIGITAIL, Transformación sostenible y digital mediante IA de todos los procesos intralogísticos de cadenas de suministro con baja digitalización,",53.88,concedida_segun_listado,97693.00,,general,"Transporte, distribución, almacenaje o servicios logísticos identificados en el título del proyecto.",,"[{""url"": ""https://www.mintur.gob.es/PortalAyudas/AgrupacionesEmpresariales/Concesion/2022b/Documents/AEI_2022b_Listado_provisional_ayudas_concedidas.pdf"", ""label"": ""Anexo: título y entidad"", ""pagina"": 16}, {""url"": ""https://www.mintur.gob.es/PortalAyudas/AgrupacionesEmpresariales/Concesion/2022b/Documents/AEI_2022b_Listado_definitivo_ayudas_concedidas.pdf"", ""label"": ""Fuente del estado e importe"", ""pagina"": ""2""}]"
sector:2022b:AEI-010500-2022b-279,2022b,AEI-010500-2022b-279,Transporte y distribución,ASSOCIACIO CLUSTER DE LA INDUSTRIA D AUTOMOCIO DE CATALUNYA,G66028978,DISEÑO Y DESARROLLO DE UN SISTEMA DE GESTION AUTONOMO DE CONTENEDORES EN UN ENTORNO DE SUMINISTROS JIT,53.36,concedida_segun_listado,183945.00,,general,"Transporte, distribución, almacenaje o servicios logísticos identificados en el título del proyecto.",,"[{""url"": ""https://www.mintur.gob.es/PortalAyudas/AgrupacionesEmpresariales/Concesion/2022b/Documents/AEI_2022b_Listado_provisional_ayudas_concedidas.pdf"", ""label"": ""Anexo: título y entidad"", ""pagina"": 19}, {""url"": ""https://www.mintur.gob.es/PortalAyudas/AgrupacionesEmpresariales/Concesion/2022b/Documents/AEI_2022b_Listado_definitivo_ayudas_concedidas.pdf"", ""label"": ""Fuente del estado e importe"", ""pagina"": ""9""}]"
sector:2022b:AEI-010500-2022b-286,2022b,AEI-010500-2022b-286,Transporte y distribución,CENTRO DE INNOVACIÓN TECNOLÓGICA PARA LA LOGISTICA Y EL TRANSPORTE DE MERCANCÍAS POR CARRETERA - CITET,G85321883,GeoTrack (Trazabilidad física y concepto geoblockchain para la mejora de los procesos logísticos y de transporte aplicados al Transporte de Mercancías),52.38,concedida_segun_listado,181158.00,,general,"Transporte, distribución, almacenaje o servicios logísticos identificados en el título del proyecto.",,"[{""url"": ""https://www.mintur.gob.es/PortalAyudas/AgrupacionesEmpresariales/Concesion/2022b/Documents/AEI_2022b_Listado_provisional_ayudas_concedidas.pdf"", ""label"": ""Anexo: título y entidad"", ""pagina"": 25}, {""url"": ""https://www.mintur.gob.es/PortalAyudas/AgrupacionesEmpresariales/Concesion/2022b/Documents/AEI_2022b_Listado_definitivo_ayudas_concedidas.pdf"", ""label"": ""Fuente del estado e importe"", ""pagina"": ""9""}]"
sector:2022b:AEI-010500-2022b-325,2022b,AEI-010500-2022b-325,Transporte y distribución,CENTRO DE INNOVACIÓN TECNOLÓGICA PARA LA LOGISTICA Y EL TRANSPORTE DE MERCANCÍAS POR CARRETERA - CITET,G85321883,"Green&Digital SCM, Hacia una cadena de suministro hiperconectada, Transparente, sostenible y sustentada sobre modelos de documentación digitales",52.31,concedida_segun_listado,139941.00,,general,"Transporte, distribución, almacenaje o servicios logísticos identificados en el título del proyecto.",,"[{""url"": ""https://www.mintur.gob.es/PortalAyudas/AgrupacionesEmpresariales/Concesion/2022b/Documents/AEI_2022b_Listado_provisional_ayudas_concedidas.pdf"", ""label"": ""Anexo: título y entidad"", ""pagina"": 26}, {""url"": ""https://www.mintur.gob.es/PortalAyudas/AgrupacionesEmpresariales/Concesion/2022b/Documents/AEI_2022b_Listado_definitivo_ayudas_concedidas.pdf"", ""label"": ""Fuente del estado e importe"", ""pagina"": ""10""}]"
sector:2022b:AEI-010500-2022b-205,2022b,AEI-010500-2022b-205,Transporte y distribución,CENTRO DE INNOVACIÓN TECNOLÓGICA PARA LA LOGISTICA Y EL TRANSPORTE DE MERCANCÍAS POR CARRETERA - CITET,G85321883,PLAGEDILOG (Plataforma gemelos digitales intralogísticos),52.11,concedida_segun_listado,101499.00,,general,"Transporte, distribución, almacenaje o servicios logísticos identificados en el título del proyecto.",,"[{""url"": ""https://www.mintur.gob.es/PortalAyudas/AgrupacionesEmpresariales/Concesion/2022b/Documents/AEI_2022b_Listado_provisional_ayudas_concedidas.pdf"", ""label"": ""Anexo: título y entidad"", ""pagina"": 29}, {""url"": ""https://www.mintur.gob.es/PortalAyudas/AgrupacionesEmpresariales/Concesion/2022b/Documents/AEI_2022b_Listado_definitivo_ayudas_concedidas.pdf"", ""label"": ""Fuente del estado e importe"", ""pagina"": ""5""}]"
sector:2022b:AEI-010500-2022b-22,2022b,AEI-010500-2022b-22,Transporte y distribución,ASOCIACIÓN CLÚSTER DE MOVILIDAD Y LOGÍSTICA DE EUSKADI,G01387414,T-shipping,50.63,concedida_segun_listado,64598.00,,general,"Transporte, distribución, almacenaje o servicios logísticos identificados en el título del proyecto.",,"[{""url"": ""https://www.mintur.gob.es/PortalAyudas/AgrupacionesEmpresariales/Concesion/2022b/Documents/AEI_2022b_Listado_provisional_ayudas_concedidas.pdf"", ""label"": ""Anexo: título y entidad"", ""pagina"": 37}, {""url"": ""https://www.mintur.gob.es/PortalAyudas/AgrupacionesEmpresariales/Concesion/2022b/Documents/AEI_2022b_Listado_definitivo_ayudas_concedidas.pdf"", ""label"": ""Fuente del estado e importe"", ""pagina"": ""6""}]"
sector:2022b:AEI-010600-2022b-181,2022b,AEI-010600-2022b-181,Transporte y distribución,FORO MARITIMO VASCO,G48976823,Nuevo eslabón para la logística de las PYMES de la AEI,50.63,concedida_segun_listado,34544.00,,general,"Transporte, distribución, almacenaje o servicios logísticos identificados en el título del proyecto.",,"[{""url"": ""https://www.mintur.gob.es/PortalAyudas/AgrupacionesEmpresariales/Concesion/2022b/Documents/AEI_2022b_Listado_provisional_ayudas_concedidas.pdf"", ""label"": ""Anexo: título y entidad"", ""pagina"": 37}, {""url"": ""https://www.mintur.gob.es/PortalAyudas/AgrupacionesEmpresariales/Concesion/2022b/Documents/AEI_2022b_Listado_definitivo_ayudas_concedidas.pdf"", ""label"": ""Fuente del estado e importe"", ""pagina"": ""14""}]"
sector:2022b:AEI-010500-2022b-280,2022b,AEI-010500-2022b-280,Transporte y distribución,INNOVACC CLÚSTER CATALÀ DE LA CARN I LA PROTEÏNA ALTERNATIVA,G17995978,"TRACVI, Optimización de trazabilidad de producto y gestión de rutas logísticas terrestres mediante visión artificial y ciencia de datos",50.59,concedida_segun_listado,116668.00,,general,"Transporte, distribución, almacenaje o servicios logísticos identificados en el título del proyecto.",,"[{""url"": ""https://www.mintur.gob.es/PortalAyudas/AgrupacionesEmpresariales/Concesion/2022b/Documents/AEI_2022b_Listado_provisional_ayudas_concedidas.pdf"", ""label"": ""Anexo: título y entidad"", ""pagina"": 38}, {""url"": ""https://www.mintur.gob.es/PortalAyudas/AgrupacionesEmpresariales/Concesion/2022b/Documents/AEI_2022b_Listado_definitivo_ayudas_concedidas.pdf"", ""label"": ""Fuente del estado e importe"", ""pagina"": ""9""}]"
sector:2022b:AEI-010500-2022b-293,2022b,AEI-010500-2022b-293,Transporte y distribución,ASSOCIACIO CLUSTER DE LA INDUSTRIA D AUTOMOCIO DE CATALUNYA,G66028978,"Diseño y desarrollo de una plataforma de gestión logística con tecnologías de tratamiento masivo de datos e Inteligencia Artificial para la asignación automática, gestión y trazabilidad de ordenes de trabajo en protocolos e-CMR del Sector Automoción",50.52,concedida_segun_listado,112570.00,,general,"Transporte, distribución, almacenaje o servicios logísticos identificados en el título del proyecto.",,"[{""url"": ""https://www.mintur.gob.es/PortalAyudas/AgrupacionesEmpresariales/Concesion/2022b/Documents/AEI_2022b_Listado_provisional_ayudas_concedidas.pdf"", ""label"": ""Anexo: título y entidad"", ""pagina"": 40}, {""url"": ""https://www.mintur.gob.es/PortalAyudas/AgrupacionesEmpresariales/Concesion/2022b/Documents/AEI_2022b_Listado_definitivo_ayudas_concedidas.pdf"", ""label"": ""Fuente del estado e importe"", ""pagina"": ""9""}]"
sector:2022b:AEI-010500-2022b-270,2022b,AEI-010500-2022b-270,Transporte y distribución,CENTRO DE INNOVACIÓN TECNOLÓGICA PARA LA LOGISTICA Y EL TRANSPORTE DE MERCANCÍAS POR CARRETERA - CITET,G85321883,ALE-HOP (Aero Logística de Emergencias para Hospitales y Organismos Públicos),50.24,concedida_segun_listado,190028.00,,general,"Transporte, distribución, almacenaje o servicios logísticos identificados en el título del proyecto.",,"[{""url"": ""https://www.mintur.gob.es/PortalAyudas/AgrupacionesEmpresariales/Concesion/2022b/Documents/AEI_2022b_Listado_provisional_ayudas_concedidas.pdf"", ""label"": ""Anexo: título y entidad"", ""pagina"": 43}, {""url"": ""https://www.mintur.gob.es/PortalAyudas/AgrupacionesEmpresariales/Concesion/2022b/Documents/AEI_2022b_Listado_definitivo_ayudas_concedidas.pdf"", ""label"": ""Fuente del estado e importe"", ""pagina"": ""8""}]"
sector:2022b:AEI-010500-2022b-130,2022b,AEI-010500-2022b-130,Transporte y distribución,SOUTHERN EUROPEAN CLUSTER IN PHOTONICS & OPTICS,G65103905,"DRONSTORE, Desarrollo de un dron de navegación autónoma indoor para la monitorización de incidencias en almacenes logísticos mediante el empleo de técnicas avanzadas de visión e inteligencia artificial,",50.24,concedida_segun_listado,225748.00,,general,"Transporte, distribución, almacenaje o servicios logísticos identificados en el título del proyecto.",,"[{""url"": ""https://www.mintur.gob.es/PortalAyudas/AgrupacionesEmpresariales/Concesion/2022b/Documents/AEI_2022b_Listado_provisional_ayudas_concedidas.pdf"", ""label"": ""Anexo: título y entidad"", ""pagina"": 43}, {""url"": ""https://www.mintur.gob.es/PortalAyudas/AgrupacionesEmpresariales/Concesion/2022b/Documents/AEI_2022b_Listado_definitivo_ayudas_concedidas.pdf"", ""label"": ""Fuente del estado e importe"", ""pagina"": ""2""}]"
sector:2018:AEI-010500-2018-19,2018,AEI-010500-2018-19,Transporte y distribución,CITET,,DALIA: DRON AUTÓNOMO PARA LECTURA DE INVENTARIO EN ALTURA,,propuesta_desestimada_puntuacion,,,general,"Transporte, distribución, almacenaje o servicios logísticos identificados en el título del proyecto.",,"[{""url"": ""https://www.mintur.gob.es/PortalAyudas/AgrupacionesEmpresariales/Concesion/2018/Documents/2018_denegadas.pdf"", ""label"": ""Anexo: título y entidad"", ""pagina"": 3}, {""url"": ""https://www.mintur.gob.es/PortalAyudas/AgrupacionesEmpresariales/Concesion/2018/Documents/Listado_provisional_%20ayudas_denegadas.pdf"", ""label"": ""Fuente del estado e importe"", ""pagina"": ""3""}]"
sector:2018:AEI-010500-2018-131,2018,AEI-010500-2018-131,Transporte y distribución,ASSOCIACIO CLUSTER DE LA INDUSTRIA D AUTOMOCIO DE CATALUNYA (CIAC),,Logística 4.0: Desarrollo de PLATAFORMA colaborativa basada en tecnología Blockchain en Sector Logistico para mejora de operaciones CLIENTE-PROVEEDOR,,propuesta_desestimada_puntuacion,,,general,"Transporte, distribución, almacenaje o servicios logísticos identificados en el título del proyecto.",,"[{""url"": ""https://www.mintur.gob.es/PortalAyudas/AgrupacionesEmpresariales/Concesion/2018/Documents/2018_denegadas.pdf"", ""label"": ""Anexo: título y entidad"", ""pagina"": 5}, {""url"": ""https://www.mintur.gob.es/PortalAyudas/AgrupacionesEmpresariales/Concesion/2018/Documents/Listado_provisional_%20ayudas_denegadas.pdf"", ""label"": ""Fuente del estado e importe"", ""pagina"": ""5""}]"
sector:2009:AEI-11aa523ffd79830e34be,2009,,Transporte y distribución,BARCELONA-CATALUNYA CENTRE LOGÍSTIC,G60498854,AEI DE LOGÍSTICA DE LA REGIÓN METROPOLITANA DE BARCELONA,,concedida_segun_listado,60000.00,,general,"Transporte, distribución, almacenaje o servicios logísticos identificados en el título del proyecto.",,"[{""url"": ""https://www.boe.es/boe/dias/2010/02/01/pdfs/BOE-A-2010-1540.pdf"", ""label"": ""Fuente del CSV""}, {""url"": ""https://www.boe.es/boe/dias/2010/02/01/pdfs/BOE-A-2010-1540.pdf"", ""label"": ""Fuente del estado e importe"", ""pagina"": ""2""}]"
sector:2009:AEI-890c6f2b9d44eefbb6c2,2009,,Transporte y distribución,ASOC CLUSTER DEL TRANSPORTE Y LOGISTICA EUSKADI,G01387414,MEMORIA DE LA SOLICITUD DE AYUDA PARA LA ELABORACIÓN DEL PLAN ESTRATÉGICO 2010 - 2013 DE LA ASOCIACIÓN CLUSTER DEL TRANSPORTE Y LA LOGÍSTICA DE EUSKADI,,concedida_segun_listado,42645.00,,general,"Transporte, distribución, almacenaje o servicios logísticos identificados en el título del proyecto.",,"[{""url"": ""https://www.boe.es/boe/dias/2010/02/01/pdfs/BOE-A-2010-1540.pdf"", ""label"": ""Fuente del CSV""}, {""url"": ""https://www.boe.es/boe/dias/2010/02/01/pdfs/BOE-A-2010-1540.pdf"", ""label"": ""Fuente del estado e importe"", ""pagina"": ""3""}]"
sector:2009:AEI-f5d295c29ad7e650178e,2009,,Transporte y distribución,ASOCIACIÓN MURCIANA DE LOGÍSTICA (AML),G73517492,ESTRUTURA DE COORDINACIÓN Y FUNCIONAMIENTO DE CLUSTER DE LA LOGÍSTICA DE LA REGIÓN DE MURCIA,,concedida_segun_listado,39981.00,,general,"Transporte, distribución, almacenaje o servicios logísticos identificados en el título del proyecto.",,"[{""url"": ""https://www.boe.es/boe/dias/2010/02/01/pdfs/BOE-A-2010-1540.pdf"", ""label"": ""Fuente del CSV""}, {""url"": ""https://www.boe.es/boe/dias/2010/02/01/pdfs/BOE-A-2010-1540.pdf"", ""label"": ""Fuente del estado e importe"", ""pagina"": ""6""}]"
sector:2009:AEI-b0a91989d18ab9442ec6,2009,,Transporte y distribución,FUNDACION HELICE,G91381202,PARTICIPACIÓN CON HEGAN Y MADRID EN ACTUACIONES EACP PARTICIPACION REDAEI JUNTO CON MANUFACTURIAS ESTUDIO DE VIABILIDAD JUNTO CON HEGAN Y MADRID CONSTRUCCIÓN DE UN PORTAL PARA LA GESTION DE LA CADENA DE SUMINISTRO DE LOS TIERS-1 DEL SECTOR AERONÁUTIC,,concedida_segun_listado,100000.00,,general,"Transporte, distribución, almacenaje o servicios logísticos identificados en el título del proyecto.",,"[{""url"": ""https://www.boe.es/boe/dias/2010/02/01/pdfs/BOE-A-2010-1540.pdf"", ""label"": ""Fuente del CSV""}, {""url"": ""https://www.boe.es/boe/dias/2010/02/01/pdfs/BOE-A-2010-1540.pdf"", ""label"": ""Fuente del estado e importe"", ""pagina"": ""8""}]"
sector:2009:AEI-70ddd2c2bd0d65e313c6,2009,,Transporte y distribución,ASOCIACIÓN MADRID PLATAFORMA LOGÍSTICA,G84304104,PROMOVER LA REALIZACIÓN DE PROYECTOS CONSORCIADOS DE LA AGRUPACIÓN EMPRESARIAL INNOVADORA MADRID PLATAFORMA LOGÍSTICA (MPL),,concedida_segun_listado,31472.00,,general,"Transporte, distribución, almacenaje o servicios logísticos identificados en el título del proyecto.",,"[{""url"": ""https://www.boe.es/boe/dias/2010/02/01/pdfs/BOE-A-2010-1540.pdf"", ""label"": ""Fuente del CSV""}, {""url"": ""https://www.boe.es/boe/dias/2010/02/01/pdfs/BOE-A-2010-1540.pdf"", ""label"": ""Fuente del estado e importe"", ""pagina"": ""10""}]"
sector:2026:AEI-010600-2026-8,2026,AEI-010600-2026-8,Transporte y distribución,ASOCIACIÓN CLUSTER AUDIOVISUAL DE MADRID,G13791793,"PLATÓ Plataforma Logística del Audiovisual: Test Operativo ""Estudio de viabilidad de un sandbox de logística para el audiovisual""",69.4,propuesta_provisional_aprobada,22821.00,34071.00,general,"Transporte, distribución, almacenaje o servicios logísticos identificados en el título del proyecto.",,"[{""url"": ""https://www.mintur.gob.es/PortalAyudas/AgrupacionesEmpresariales/Concesion/2026/Documents/Listado_PropResProvisionales_Concedidas.pdf"", ""label"": ""Fuente del CSV""}, {""url"": ""https://www.mintur.gob.es/PortalAyudas/AgrupacionesEmpresariales/Concesion/2026/Documents/Listado_PropResProvisionales_Concedidas.pdf"", ""label"": ""Fuente del estado e importe"", ""pagina"": ""1""}]"
sector:2026:AEI-010500-2026-92,2026,AEI-010500-2026-92,Transporte y distribución,ASSOCIACIÓ CLÚSTER DIGITAL DE CATALUNYA,G66505751,COLLABORATIVE E2E SUPPLY CHAIN INTELLIGENCE,66.7,propuesta_provisional_aprobada,194389.00,194389.00,general,"Transporte, distribución, almacenaje o servicios logísticos identificados en el título del proyecto.",,"[{""url"": ""https://www.mintur.gob.es/PortalAyudas/AgrupacionesEmpresariales/Concesion/2026/Documents/Listado_PropResProvisionales_Concedidas.pdf"", ""label"": ""Fuente del CSV""}, {""url"": ""https://www.mintur.gob.es/PortalAyudas/AgrupacionesEmpresariales/Concesion/2026/Documents/Listado_PropResProvisionales_Concedidas.pdf"", ""label"": ""Fuente del estado e importe"", ""pagina"": ""2""}]"
sector:2026:AEI-010300-2026-6,2026,AEI-010300-2026-6,Transporte y distribución,ASOCIACION CLUSTER DE LA ENERGIA DE LA COMUNITAT VALENCIANA (CECV),G98322084,"Estudio de viabilidad técnica para la implantación digital, logística y circular del sistema de depósito, devolución y retorno de envases en España. DIREVER- SDDR 2029",65.29,propuesta_provisional_aprobada,24986.00,24986.00,general,"Transporte, distribución, almacenaje o servicios logísticos identificados en el título del proyecto.",,"[{""url"": ""https://www.mintur.gob.es/PortalAyudas/AgrupacionesEmpresariales/Concesion/2026/Documents/Listado_PropResProvisionales_Concedidas.pdf"", ""label"": ""Fuente del CSV""}, {""url"": ""https://www.mintur.gob.es/PortalAyudas/AgrupacionesEmpresariales/Concesion/2026/Documents/Listado_PropResProvisionales_Concedidas.pdf"", ""label"": ""Fuente del estado e importe"", ""pagina"": ""3""}]"
sector:2026:AEI-010500-2026-73,2026,AEI-010500-2026-73,Transporte y distribución,"CENTRE DE DIFUSIO TECNOLOGICA DE LA FUSTA I EL MOBLE DE CATALUNYA, FUNDACIO PRIVADA",G43831338,CELDIA: Investigación en sistemas inteligentes para la optimización de la paletización caótica en entornos de fabricación flexible de mobiliario mediante Robótica Cognitiva e Inteligencia Artificial,64.8,propuesta_provisional_aprobada,247895.00,247895.00,general,"Transporte, distribución, almacenaje o servicios logísticos identificados en el título del proyecto.",,"[{""url"": ""https://www.mintur.gob.es/PortalAyudas/AgrupacionesEmpresariales/Concesion/2026/Documents/Listado_PropResProvisionales_Concedidas.pdf"", ""label"": ""Fuente del CSV""}, {""url"": ""https://www.mintur.gob.es/PortalAyudas/AgrupacionesEmpresariales/Concesion/2026/Documents/Listado_PropResProvisionales_Concedidas.pdf"", ""label"": ""Fuente del estado e importe"", ""pagina"": ""3""}]"
sector:2026:AEI-010500-2026-71,2026,AEI-010500-2026-71,Transporte y distribución,ASOCIACIÓN CLUSTER DE AUTOMOCIÓN DE ARAGÓN (CAAR),G99252918,MOBICYB - Marco de Gobernanza mediante Inteligencia Artificial para la Excelencia en Ciberseguridad y Cumplimiento Normativo en la Cadena de Suministro de Automoción y Movilidad,62.84,lista_espera_sin_concesion,231278.00,231278.00,general,"Transporte, distribución, almacenaje o servicios logísticos identificados en el título del proyecto.",,"[{""url"": ""https://www.mintur.gob.es/PortalAyudas/AgrupacionesEmpresariales/Concesion/2026/Documents/Listado_PropResProvisional_ListaEspera.pdf"", ""label"": ""Fuente del CSV""}, {""url"": ""https://www.mintur.gob.es/PortalAyudas/AgrupacionesEmpresariales/Concesion/2026/Documents/Listado_PropResProvisional_ListaEspera.pdf"", ""label"": ""Fuente del estado e importe"", ""pagina"": ""1""}]"
sector:2026:AEI-010500-2026-1,2026,AEI-010500-2026-1,Transporte y distribución,ASOC. CLUSTER DE ENVASE Y EMBALAJE COM. VALENCIANA,G97857692,"VISIONPACK. Desarrollo de un sistema inteligente para la gestión en tiempo real de almacenes, basado en visión artificial e IA, que optimiza la trazabilidad y gestión de envases terciarios, la volumetría de la carga y la sostenibilidad en logística",61.02,lista_espera_sin_concesion,176375.00,176375.00,general,"Transporte, distribución, almacenaje o servicios logísticos identificados en el título del proyecto.",,"[{""url"": ""https://www.mintur.gob.es/PortalAyudas/AgrupacionesEmpresariales/Concesion/2026/Documents/Listado_PropResProvisional_ListaEspera.pdf"", ""label"": ""Fuente del CSV""}, {""url"": ""https://www.mintur.gob.es/PortalAyudas/AgrupacionesEmpresariales/Concesion/2026/Documents/Listado_PropResProvisional_ListaEspera.pdf"", ""label"": ""Fuente del estado e importe"", ""pagina"": ""2""}]"
sector:2026:AEI-010500-2026-63,2026,AEI-010500-2026-63,Transporte y distribución,ASOCIACIÓN LOGÍSTICA INNOVADORA DE ARAGÓN (ALIA),G99299299,AUTODELIVERY: Investigación de Nuevos Modelos Operativos y Tecnologías de Conducción Autónoma para la Transformación Integral y Sostenible de la Cadena de Suministro de Última Milla,60.92,lista_espera_sin_concesion,199653.00,199653.00,general,"Transporte, distribución, almacenaje o servicios logísticos identificados en el título del proyecto.",,"[{""url"": ""https://www.mintur.gob.es/PortalAyudas/AgrupacionesEmpresariales/Concesion/2026/Documents/Listado_PropResProvisional_ListaEspera.pdf"", ""label"": ""Fuente del CSV""}, {""url"": ""https://www.mintur.gob.es/PortalAyudas/AgrupacionesEmpresariales/Concesion/2026/Documents/Listado_PropResProvisional_ListaEspera.pdf"", ""label"": ""Fuente del estado e importe"", ""pagina"": ""2""}]"
sector:2026:AEI-010500-2026-87,2026,AEI-010500-2026-87,Transporte y distribución,ASOCIACIÓN CLUSTER EMPRESARIAL PARA LA INNOVACIÓN DE LAS EMPRESAS QUÍMICAS Y PLÁSTICOS DE ARAGÓN,G22943468,Investigación de casos de uso de robótica automatizada para la manipulación en operaciones logísticas en la industria química,60.59,lista_espera_sin_concesion,222444.00,222444.00,general,"Transporte, distribución, almacenaje o servicios logísticos identificados en el título del proyecto.",,"[{""url"": ""https://www.mintur.gob.es/PortalAyudas/AgrupacionesEmpresariales/Concesion/2026/Documents/Listado_PropResProvisional_ListaEspera.pdf"", ""label"": ""Fuente del CSV""}, {""url"": ""https://www.mintur.gob.es/PortalAyudas/AgrupacionesEmpresariales/Concesion/2026/Documents/Listado_PropResProvisional_ListaEspera.pdf"", ""label"": ""Fuente del estado e importe"", ""pagina"": ""2""}]"
sector:2026:AEI-010500-2026-43,2026,AEI-010500-2026-43,Transporte y distribución,ASOCIACIÓN LOGÍSTICA INNOVADORA DE ARAGÓN (ALIA),G99299299,"PHARMASYNC: Sistema inteligente de validación, optimización y automatización de la logística farmacéutica mediante IA",60.31,lista_espera_sin_concesion,224626.00,224626.00,general,"Transporte, distribución, almacenaje o servicios logísticos identificados en el título del proyecto.",,"[{""url"": ""https://www.mintur.gob.es/PortalAyudas/AgrupacionesEmpresariales/Concesion/2026/Documents/Listado_PropResProvisional_ListaEspera.pdf"", ""label"": ""Fuente del CSV""}, {""url"": ""https://www.mintur.gob.es/PortalAyudas/AgrupacionesEmpresariales/Concesion/2026/Documents/Listado_PropResProvisional_ListaEspera.pdf"", ""label"": ""Fuente del estado e importe"", ""pagina"": ""2""}]"
sector:2026:AEI-010500-2026-134,2026,AEI-010500-2026-134,Transporte y distribución,ASSOCIACIO CLUSTER DE LA INDUSTRIA D'AUTOMOCIO DE CATALUNYA (CIAC),G66028978,Robótica humanoide colaborativa para la autonomía estratégica de las operaciones logísticas en la industria,59.79,lista_espera_sin_concesion,111603.00,209920.00,general,"Transporte, distribución, almacenaje o servicios logísticos identificados en el título del proyecto.",,"[{""url"": ""https://www.mintur.gob.es/PortalAyudas/AgrupacionesEmpresariales/Concesion/2026/Documents/Listado_PropResProvisional_ListaEspera.pdf"", ""label"": ""Fuente del CSV""}, {""url"": ""https://www.mintur.gob.es/PortalAyudas/AgrupacionesEmpresariales/Concesion/2026/Documents/Listado_PropResProvisional_ListaEspera.pdf"", ""label"": ""Fuente del estado e importe"", ""pagina"": ""3""}]"
sector:2026:AEI-010500-2026-17,2026,AEI-010500-2026-17,Transporte y distribución,ASOCIACIÓN EMPRESARIAL MULTISECTORIAL INNOVADORA PARA LAS CIUDADES INTELIGENTES (CLUSTER ANDALUCÍA SMART CITY),G93341170,MANTRA - Investigación sobre MANtenimiento y Telemetría para la Resiliencia de Activos en flotas de servicio público,59.43,lista_espera_sin_concesion,177379.00,177379.00,general,"Transporte, distribución, almacenaje o servicios logísticos identificados en el título del proyecto.",,"[{""url"": ""https://www.mintur.gob.es/PortalAyudas/AgrupacionesEmpresariales/Concesion/2026/Documents/Listado_PropResProvisional_ListaEspera.pdf"", ""label"": ""Fuente del CSV""}, {""url"": ""https://www.mintur.gob.es/PortalAyudas/AgrupacionesEmpresariales/Concesion/2026/Documents/Listado_PropResProvisional_ListaEspera.pdf"", ""label"": ""Fuente del estado e importe"", ""pagina"": ""3""}]"
sector:2026:AEI-010500-2026-40,2026,AEI-010500-2026-40,Transporte y distribución,ASOCIACIÓN LOGÍSTICA INNOVADORA DE ARAGÓN (ALIA),G99299299,URBANLOG: Estrategias Digitales y Tecnológicas para la Integración de Logística Aérea Sostenible en Última Milla,58.13,lista_espera_sin_concesion,247589.00,247589.00,general,"Transporte, distribución, almacenaje o servicios logísticos identificados en el título del proyecto.",,"[{""url"": ""https://www.mintur.gob.es/PortalAyudas/AgrupacionesEmpresariales/Concesion/2026/Documents/Listado_PropResProvisional_ListaEspera.pdf"", ""label"": ""Fuente del CSV""}, {""url"": ""https://www.mintur.gob.es/PortalAyudas/AgrupacionesEmpresariales/Concesion/2026/Documents/Listado_PropResProvisional_ListaEspera.pdf"", ""label"": ""Fuente del estado e importe"", ""pagina"": ""3""}]"
sector:2026:AEI-010500-2026-107,2026,AEI-010500-2026-107,Transporte y distribución,ASOCIACIÓN LOGÍSTICA INNOVADORA DE ARAGÓN (ALIA),G99299299,HYDRA: Investigación de una arquitectura híbrida de descarbonización y recuperación circular de CO2 en el transporte pesado,57.56,lista_espera_sin_concesion,248055.00,248055.00,general,"Transporte, distribución, almacenaje o servicios logísticos identificados en el título del proyecto.",,"[{""url"": ""https://www.mintur.gob.es/PortalAyudas/AgrupacionesEmpresariales/Concesion/2026/Documents/Listado_PropResProvisional_ListaEspera.pdf"", ""label"": ""Fuente del CSV""}, {""url"": ""https://www.mintur.gob.es/PortalAyudas/AgrupacionesEmpresariales/Concesion/2026/Documents/Listado_PropResProvisional_ListaEspera.pdf"", ""label"": ""Fuente del estado e importe"", ""pagina"": ""4""}]"
sector:2026:AEI-010500-2026-59,2026,AEI-010500-2026-59,Transporte y distribución,ASOCIACIÓN LOGÍSTICA INNOVADORA DE ARAGÓN (ALIA),G99299299,MOBILE LOCKERS: Investigación y Desarrollo de un Sistema de Taquillas Inteligentes Itinerantes y Multi-Operador para la Optimización de la Última Milla en Entornos Rurales y de Alta Demanda,57.2,lista_espera_sin_concesion,219666.00,223536.00,general,"Transporte, distribución, almacenaje o servicios logísticos identificados en el título del proyecto.",,"[{""url"": ""https://www.mintur.gob.es/PortalAyudas/AgrupacionesEmpresariales/Concesion/2026/Documents/Listado_PropResProvisional_ListaEspera.pdf"", ""label"": ""Fuente del CSV""}, {""url"": ""https://www.mintur.gob.es/PortalAyudas/AgrupacionesEmpresariales/Concesion/2026/Documents/Listado_PropResProvisional_ListaEspera.pdf"", ""label"": ""Fuente del estado e importe"", ""pagina"": ""4""}]"
sector:2026:AEI-010600-2026-6,2026,AEI-010600-2026-6,Transporte y distribución,ASOCIACIÓN LOGÍSTICA INNOVADORA DE ARAGÓN (ALIA),G99299299,"UAS4LOGISTICS ""Estudio de viabilidad para la incorporación de sistemas aéreos no tripulados (UAS) en la logística avanzada""",54.54,lista_espera_sin_concesion,30021.00,30021.00,general,"Transporte, distribución, almacenaje o servicios logísticos identificados en el título del proyecto.",,"[{""url"": ""https://www.mintur.gob.es/PortalAyudas/AgrupacionesEmpresariales/Concesion/2026/Documents/Listado_PropResProvisional_ListaEspera.pdf"", ""label"": ""Fuente del CSV""}, {""url"": ""https://www.mintur.gob.es/PortalAyudas/AgrupacionesEmpresariales/Concesion/2026/Documents/Listado_PropResProvisional_ListaEspera.pdf"", ""label"": ""Fuente del estado e importe"", ""pagina"": ""5""}]"
sector:2026:AEI-010600-2026-5,2026,AEI-010600-2026-5,Transporte y distribución,CENTRO DE INNOVACION TECNOLOGICA PARA LA LOGISTICA Y EL TRANSPORTE DE MERCANCIAS POR CARRETERA (CITET),G85321883,Estudio de viabilidad para la aplicación de vehículos autónomos en operaciones logísticas internas y externas,52.34,lista_espera_sin_concesion,25021.00,25021.00,general,"Transporte, distribución, almacenaje o servicios logísticos identificados en el título del proyecto.",,"[{""url"": ""https://www.mintur.gob.es/PortalAyudas/AgrupacionesEmpresariales/Concesion/2026/Documents/Listado_PropResProvisional_ListaEspera.pdf"", ""label"": ""Fuente del CSV""}, {""url"": ""https://www.mintur.gob.es/PortalAyudas/AgrupacionesEmpresariales/Concesion/2026/Documents/Listado_PropResProvisional_ListaEspera.pdf"", ""label"": ""Fuente del estado e importe"", ""pagina"": ""5""}]"
sector:2026:AEI-010500-2026-27,2026,AEI-010500-2026-27,Transporte y distribución,CLUB ASTURIANO DE LA INNOVACIÓN,G33849118,Investigación en modelos logísticos aplicados a la distribución farmacéutica (TECH TRACK),51.35,lista_espera_sin_concesion,80017.00,80017.00,general,"Transporte, distribución, almacenaje o servicios logísticos identificados en el título del proyecto.",,"[{""url"": ""https://www.mintur.gob.es/PortalAyudas/AgrupacionesEmpresariales/Concesion/2026/Documents/Listado_PropResProvisional_ListaEspera.pdf"", ""label"": ""Fuente del CSV""}, {""url"": ""https://www.mintur.gob.es/PortalAyudas/AgrupacionesEmpresariales/Concesion/2026/Documents/Listado_PropResProvisional_ListaEspera.pdf"", ""label"": ""Fuente del estado e importe"", ""pagina"": ""6""}]"
sector:2026:AEI-010500-2026-100,2026,AEI-010500-2026-100,Transporte y distribución,"CLUSTER DE EMPRESAS DIGITALES, SOSTENIBLES E INDUSTRIAS INNOVADORAS (ONTECH INNOVATION)",G19532209,"Plataforma de innovación en la Cadena de Valor Agroalimentaria Rural a través de Inteligencia de Datos y Logística Sostenible, ""TierraConecta""",50.97,lista_espera_sin_concesion,164527.00,164527.00,general,"Transporte, distribución, almacenaje o servicios logísticos identificados en el título del proyecto.",,"[{""url"": ""https://www.mintur.gob.es/PortalAyudas/AgrupacionesEmpresariales/Concesion/2026/Documents/Listado_PropResProvisional_ListaEspera.pdf"", ""label"": ""Fuente del CSV""}, {""url"": ""https://www.mintur.gob.es/PortalAyudas/AgrupacionesEmpresariales/Concesion/2026/Documents/Listado_PropResProvisional_ListaEspera.pdf"", ""label"": ""Fuente del estado e importe"", ""pagina"": ""6""}]"
sector:2026:AEI-010300-2026-3,2026,AEI-010300-2026-3,Transporte y distribución,ASOCIACIÓN CLUSTER AUDIOVISUAL DE MADRID,G13791793,"PLATÓ Plataforma Logística del Audiovisual: Test Operativo ""Estudio de viabilidad de un sandbox de logística para el audiovisual""",,desistida,0.00,34072.00,general,"Transporte, distribución, almacenaje o servicios logísticos identificados en el título del proyecto.",,"[{""url"": ""https://www.mintur.gob.es/PortalAyudas/AgrupacionesEmpresariales/Concesion/2026/Documents/Listado_AyudasDesistidas.pdf"", ""label"": ""Fuente del CSV""}, {""url"": ""https://www.mintur.gob.es/PortalAyudas/AgrupacionesEmpresariales/Concesion/2026/Documents/Listado_AyudasDesistidas.pdf"", ""label"": ""Fuente del estado e importe"", ""pagina"": ""1""}]"
sector:2026:AEI-010500-2026-91,2026,AEI-010500-2026-91,Transporte y distribución,CENTRO DE INNOVACION TECNOLOGICA PARA LA LOGISTICA Y EL TRANSPORTE DE MERCANCIAS POR CARRETERA (CITET),G85321883,TRUSTCHAIN LOGISTICS 4.0,,desistida,0.00,249886.00,general,"Transporte, distribución, almacenaje o servicios logísticos identificados en el título del proyecto.",,"[{""url"": ""https://www.mintur.gob.es/PortalAyudas/AgrupacionesEmpresariales/Concesion/2026/Documents/Listado_AyudasDesistidas.pdf"", ""label"": ""Fuente del CSV""}, {""url"": ""https://www.mintur.gob.es/PortalAyudas/AgrupacionesEmpresariales/Concesion/2026/Documents/Listado_AyudasDesistidas.pdf"", ""label"": ""Fuente del estado e importe"", ""pagina"": ""1""}]"
sector:2010:AEI-010100-2010-57,2010,AEI-010100-2010-57,Transporte y distribución,ASOCIACIÓN MURCIANA DE LOGÍSTICA (AML),G73517492,ESTRUCTURA DE COORDINACIÓN Y FUNCIONAMIENTO DEL CLUSTER DE LA LOGÍSTICA DE LA REGIÓN DE MURCIA,,concedida_segun_listado,35864.24,,general,"Transporte, distribución, almacenaje o servicios logísticos identificados en el título del proyecto.","Título vinculado por coincidencia única de año, NIF e importe. Cruce de expediente pendiente de confirmación documental.","[{""url"": ""https://clusters.ipyme.org/es-es/Identificar/Paginas/DatosAbiertos.aspx"", ""label"": ""Catálogo oficial de proyectos""}, {""url"": ""https://www.boe.es/diario_boe/txt.php?id=BOE-A-2011-4055"", ""label"": ""Fuente del estado e importe"", ""pagina"": """"}]"
sector:2010:AEI-010200-2010-83,2010,AEI-010200-2010-83,Transporte y distribución,ASOCIACIÓN MURCIANA DE LOGÍSTICA (AML),G73517492,TECNOLOGÍA DE INYECCIÓN DE HIDRÓGENO Y METANO EN MOTORES DIESEL PARA SU USO EN TRANSPORTE PESADO,,concedida_segun_listado,21867.69,,general,"Transporte, distribución, almacenaje o servicios logísticos identificados en el título del proyecto.","Título vinculado por coincidencia única de año, NIF e importe. Cruce de expediente pendiente de confirmación documental.","[{""url"": ""https://clusters.ipyme.org/es-es/Identificar/Paginas/DatosAbiertos.aspx"", ""label"": ""Catálogo oficial de proyectos""}, {""url"": ""https://www.boe.es/diario_boe/txt.php?id=BOE-A-2011-4055"", ""label"": ""Fuente del estado e importe"", ""pagina"": """"}]"
sector:2011:AEI-010200-2011-13,2011,AEI-010200-2011-13,Transporte y distribución,ASOC CLÚSTER MOVILIDAD Y LOGÍSTICA EUSKADI,G01387414,MEMORIA DE LA SOLICITUD DE AYUDA PARA EL APOYO AL FUNCIONAMIENTO DE LAS ESTRUCTURAS DE COORDINACIÓN Y GESTIÓN DEL CLÚSTER DE MOVILIDAD Y LOGÍSTICA DE EUSKADI,75,concedida_segun_listado,48000.00,,general,"Transporte, distribución, almacenaje o servicios logísticos identificados en el título del proyecto.","Título vinculado por coincidencia única de año, NIF e importe. Cruce de expediente pendiente de confirmación documental.","[{""url"": ""https://clusters.ipyme.org/es-es/Identificar/Paginas/DatosAbiertos.aspx"", ""label"": ""Catálogo oficial de proyectos""}, {""url"": ""https://www.boe.es/diario_boe/txt.php?id=BOE-A-2011-18282"", ""label"": ""Fuente del estado e importe"", ""pagina"": """"}]"
sector:2011:AEI-010400-2011-64,2011,AEI-010400-2011-64,Transporte y distribución,ASOCIACION MURCIANA DE LOGISTICA (AML),G73517492,"PROYECTO DE COLABORACION PARA EL DESARROLLO DE LA PLATAFORMA INNOVADORA Y DE VISIBILIDAD EN EL MERCADO INTERNACIONAL ""MURCIAAGROINDUSTRIAL Y LOGÍSTICA""",51,concedida_segun_listado,3745.00,,general,"Transporte, distribución, almacenaje o servicios logísticos identificados en el título del proyecto.","Título vinculado por coincidencia única de año, NIF e importe. Cruce de expediente pendiente de confirmación documental.","[{""url"": ""https://clusters.ipyme.org/es-es/Identificar/Paginas/DatosAbiertos.aspx"", ""label"": ""Catálogo oficial de proyectos""}, {""url"": ""https://www.boe.es/diario_boe/txt.php?id=BOE-A-2011-18282"", ""label"": ""Fuente del estado e importe"", ""pagina"": """"}]"
sector:2011:AEI-010300-2011-83,2011,AEI-010300-2011-83,Transporte y distribución,ASOCIACION MURCIANA DE LOGISTICA (AML),G73517492,DISTRIBUCIÓN URBANA,55,concedida_segun_listado,37200.00,,general,"Transporte, distribución, almacenaje o servicios logísticos identificados en el título del proyecto.","Título vinculado por coincidencia única de año, NIF e importe. Cruce de expediente pendiente de confirmación documental.","[{""url"": ""https://clusters.ipyme.org/es-es/Identificar/Paginas/DatosAbiertos.aspx"", ""label"": ""Catálogo oficial de proyectos""}, {""url"": ""https://www.boe.es/diario_boe/txt.php?id=BOE-A-2011-18282"", ""label"": ""Fuente del estado e importe"", ""pagina"": """"}]"
sector:2011:AEI-010200-2011-45,2011,AEI-010200-2011-45,Transporte y distribución,ASOCIACION MURCIANA DE LOGISTICA (AML),G73517492,ESTRUCTURA DE COORDINACIÓN Y FUNCIONAMIENTO DEL CLUSTER DE LA LOGÍSTICA DE LA REGIÓN DE MURCIA,53,concedida_segun_listado,38400.00,,general,"Transporte, distribución, almacenaje o servicios logísticos identificados en el título del proyecto.","Título vinculado por coincidencia única de año, NIF e importe. Cruce de expediente pendiente de confirmación documental.","[{""url"": ""https://clusters.ipyme.org/es-es/Identificar/Paginas/DatosAbiertos.aspx"", ""label"": ""Catálogo oficial de proyectos""}, {""url"": ""https://www.boe.es/diario_boe/txt.php?id=BOE-A-2011-18282"", ""label"": ""Fuente del estado e importe"", ""pagina"": """"}]"
sector:2011:AEI-010300-2011-70,2011,AEI-010300-2011-70,Transporte y distribución,ASOCIACION LOGISTICA INNOVADORA DE ARAN,G99299299,ESTUDIO DE BENCHMARKING DEL SECTOR LOGÍSTICO EN ARAGÓN 2011,50,concedida_segun_listado,6480.00,,general,"Transporte, distribución, almacenaje o servicios logísticos identificados en el título del proyecto.","Título vinculado por coincidencia única de año, NIF e importe. Cruce de expediente pendiente de confirmación documental.","[{""url"": ""https://clusters.ipyme.org/es-es/Identificar/Paginas/DatosAbiertos.aspx"", ""label"": ""Catálogo oficial de proyectos""}, {""url"": ""https://www.boe.es/diario_boe/txt.php?id=BOE-A-2011-18282"", ""label"": ""Fuente del estado e importe"", ""pagina"": """"}]"
sector:2011:AEI-010200-2011-74,2011,AEI-010200-2011-74,Transporte y distribución,ASOCIACION LOGISTICA INNOVADORA DE ARAN,G99299299,PUESTA EN MARCHA Y DESARROLLO DE LAS ESTRUCTURAS DE COORDINACIÓN Y GESTIÓN DE LA ASOCIACIÓN LOGÍSTICA INNOVADORA DE ARAGÓN (ALIA),50,concedida_segun_listado,58497.00,,general,"Transporte, distribución, almacenaje o servicios logísticos identificados en el título del proyecto.","Título vinculado por coincidencia única de año, NIF e importe. Cruce de expediente pendiente de confirmación documental.","[{""url"": ""https://clusters.ipyme.org/es-es/Identificar/Paginas/DatosAbiertos.aspx"", ""label"": ""Catálogo oficial de proyectos""}, {""url"": ""https://www.boe.es/diario_boe/txt.php?id=BOE-A-2011-18282"", ""label"": ""Fuente del estado e importe"", ""pagina"": """"}]"
sector:2011:AEI-010400-2011-52,2011,AEI-010400-2011-52,Transporte y distribución,ASOCIACION LOGISTICA INNOVADORA DE ARAN,G99299299,ESTUDIO DE BENCHMARKING DEL SECTOR LOGÍSTICO EN ARAGÓN 2011,50,concedida_segun_listado,9650.00,,general,"Transporte, distribución, almacenaje o servicios logísticos identificados en el título del proyecto.","Título vinculado por coincidencia única de año, NIF e importe. Cruce de expediente pendiente de confirmación documental.","[{""url"": ""https://clusters.ipyme.org/es-es/Identificar/Paginas/DatosAbiertos.aspx"", ""label"": ""Catálogo oficial de proyectos""}, {""url"": ""https://www.boe.es/diario_boe/txt.php?id=BOE-A-2011-18282"", ""label"": ""Fuente del estado e importe"", ""pagina"": """"}]"
sector:2012:AEI-010200-2012-16,2012,AEI-010200-2012-16,Transporte y distribución,ASOCIACIÓN CLUSTER DE MOVILIDAD Y LOGISTICA DE EUSKADI,G01387414,MEMORIA DE LA SOLICITUD DE AYUDA PARA EL APOYO AL FUNCIONAMIENTO DE LAS ESTRUCTURAS DE COORDINACIÓN Y GESTIÓ DEL CLÚSTER DE MOVILIDAD Y LOGÍSTICA DE EUSKADI 2012,,concedida_segun_listado,74837.00,,general,"Transporte, distribución, almacenaje o servicios logísticos identificados en el título del proyecto.","Título vinculado por coincidencia única de año, NIF e importe. Cruce de expediente pendiente de confirmación documental.","[{""url"": ""https://clusters.ipyme.org/es-es/Identificar/Paginas/DatosAbiertos.aspx"", ""label"": ""Catálogo oficial de proyectos""}, {""url"": ""https://www.boe.es/diario_boe/txt.php?id=BOE-A-2013-1009"", ""label"": ""Fuente del estado e importe"", ""pagina"": """"}]"
sector:2012:AEI-010300-2012-71,2012,AEI-010300-2012-71,Transporte y distribución,"ASOCIACION CLUSTER DEL ENVASE, TRANSPORTE, LOGISTICA Y MERCANCÍAS DE EXTREMADURA.",G06421929,HERMES DE LA TIERRA A LA MESA CREACION DE OFICINA TECNICA PARA LA GESTION Y CORDINACIÓN GRUPAL DE MERCANCÍAS DE EXTREMADURA,,concedida_segun_listado,26176.00,,general,"Transporte, distribución, almacenaje o servicios logísticos identificados en el título del proyecto.","Título vinculado por coincidencia única de año, NIF e importe. Cruce de expediente pendiente de confirmación documental.","[{""url"": ""https://clusters.ipyme.org/es-es/Identificar/Paginas/DatosAbiertos.aspx"", ""label"": ""Catálogo oficial de proyectos""}, {""url"": ""https://www.boe.es/diario_boe/txt.php?id=BOE-A-2013-1009"", ""label"": ""Fuente del estado e importe"", ""pagina"": """"}]"
sector:2012:AEI-010300-2012-80,2012,AEI-010300-2012-80,Transporte y distribución,"ASOCIACION CLUSTER DEL ENVASE, TRANSPORTE, LOGISTICA Y MERCANCÍAS DE EXTREMADURA",G06421929,HERMES I DE LA TIERRA A LA MESA LOCALIZACIÓN DE LOS PUNTOS INTERMODALES DE CARGAS OPTIMOS EN EXTREMADURA PARA LA SALIDA GRUPAL DE LAS MERCANCÍAS DE ESTA COMUNIDAD AUTÓNOMA,,concedida_segun_listado,12840.00,,general,"Transporte, distribución, almacenaje o servicios logísticos identificados en el título del proyecto.","Título vinculado por coincidencia única de año, NIF e importe. Cruce de expediente pendiente de confirmación documental.","[{""url"": ""https://clusters.ipyme.org/es-es/Identificar/Paginas/DatosAbiertos.aspx"", ""label"": ""Catálogo oficial de proyectos""}, {""url"": ""https://www.boe.es/diario_boe/txt.php?id=BOE-A-2013-1009"", ""label"": ""Fuente del estado e importe"", ""pagina"": """"}]"
sector:2012:AEI-010200-2012-73,2012,AEI-010200-2012-73,Transporte y distribución,BARCELONA-CATALUNYA CENTRE LOGISTIC,G60498854,BARCELONA-CATALUNYA CENTRE LOGÍSTIC DINAMIZACIÓN Y GESTIÓN,,concedida_segun_listado,52884.00,,general,"Transporte, distribución, almacenaje o servicios logísticos identificados en el título del proyecto.","Título vinculado por coincidencia única de año, NIF e importe. Cruce de expediente pendiente de confirmación documental.","[{""url"": ""https://clusters.ipyme.org/es-es/Identificar/Paginas/DatosAbiertos.aspx"", ""label"": ""Catálogo oficial de proyectos""}, {""url"": ""https://www.boe.es/diario_boe/txt.php?id=BOE-A-2013-1009"", ""label"": ""Fuente del estado e importe"", ""pagina"": """"}]"
sector:2012:AEI-010200-2012-80,2012,AEI-010200-2012-80,Transporte y distribución,ASOCIACIÓN CLUSTER DE LOGISTICA Y TRANSPORTES DE MERCANCIAS DE GALICIA,G70314109,"PROYECTO DE APOYO A LA EXTRUCTURA DE GESTIÓN, SEGUIMIENTO Y COORDINACION DEL CLUSTER DE LOGISTICA Y TRANSPORTES DE MERCANCIAS DE GALICIA",,concedida_segun_listado,51128.00,,general,"Transporte, distribución, almacenaje o servicios logísticos identificados en el título del proyecto.","Título vinculado por coincidencia única de año, NIF e importe. Cruce de expediente pendiente de confirmación documental.","[{""url"": ""https://clusters.ipyme.org/es-es/Identificar/Paginas/DatosAbiertos.aspx"", ""label"": ""Catálogo oficial de proyectos""}, {""url"": ""https://www.boe.es/diario_boe/txt.php?id=BOE-A-2013-1009"", ""label"": ""Fuente del estado e importe"", ""pagina"": """"}]"
sector:2012:AEI-010200-2012-9,2012,AEI-010200-2012-9,Transporte y distribución,ASOCIACION MURCIANA DE LOGISTICA (AML),G73517492,ESTRUCTURA DE COORDINACION Y FUNCIONAMIENTO DEL CLUSTER DE LA LOGISTICA DE LA REGION DE MURCIA,,concedida_segun_listado,29044.00,,general,"Transporte, distribución, almacenaje o servicios logísticos identificados en el título del proyecto.","Título vinculado por coincidencia única de año, NIF e importe. Cruce de expediente pendiente de confirmación documental.","[{""url"": ""https://clusters.ipyme.org/es-es/Identificar/Paginas/DatosAbiertos.aspx"", ""label"": ""Catálogo oficial de proyectos""}, {""url"": ""https://www.boe.es/diario_boe/txt.php?id=BOE-A-2013-1009"", ""label"": ""Fuente del estado e importe"", ""pagina"": """"}]"
sector:2012:AEI-010300-2012-140,2012,AEI-010300-2012-140,Transporte y distribución,ASOCIACION MURCIANA DE LOGISTICA (AML),G73517492,INNOVACION EN CONTROL TELEMATICO DE ZONAS DE CARGA Y DESCARGA,,concedida_segun_listado,30982.00,,general,"Transporte, distribución, almacenaje o servicios logísticos identificados en el título del proyecto.","Título vinculado por coincidencia única de año, NIF e importe. Cruce de expediente pendiente de confirmación documental.","[{""url"": ""https://clusters.ipyme.org/es-es/Identificar/Paginas/DatosAbiertos.aspx"", ""label"": ""Catálogo oficial de proyectos""}, {""url"": ""https://www.boe.es/diario_boe/txt.php?id=BOE-A-2013-1009"", ""label"": ""Fuente del estado e importe"", ""pagina"": """"}]"
sector:2012:AEI-010300-2012-142,2012,AEI-010300-2012-142,Transporte y distribución,ASOCIACION MURCIANA DE LOGISTICA (AML),G73517492,TECNOLOGÍA DE INYECCIÓN DE HIDRÓGENO Y METANO EN MOTORES DIESEL PARA SU USO EN TRANSPORTE PESADO   SEGUNDA FASE,,concedida_segun_listado,34894.00,,general,"Transporte, distribución, almacenaje o servicios logísticos identificados en el título del proyecto.","Título vinculado por coincidencia única de año, NIF e importe. Cruce de expediente pendiente de confirmación documental.","[{""url"": ""https://clusters.ipyme.org/es-es/Identificar/Paginas/DatosAbiertos.aspx"", ""label"": ""Catálogo oficial de proyectos""}, {""url"": ""https://www.boe.es/diario_boe/txt.php?id=BOE-A-2013-1009"", ""label"": ""Fuente del estado e importe"", ""pagina"": """"}]"
sector:2012:AEI-010300-2012-146,2012,AEI-010300-2012-146,Transporte y distribución,ASOCIACION MURCIANA DE LOGISTICA (AML),G73517492,INNOVACIÓN EN ENERGÍA SOLAR APLICADA A VEHÍCULOS DE DISTRIBUCIÓN URBANA DE MERCANCÍAS,,concedida_segun_listado,23674.00,,general,"Transporte, distribución, almacenaje o servicios logísticos identificados en el título del proyecto.","Título vinculado por coincidencia única de año, NIF e importe. Cruce de expediente pendiente de confirmación documental.","[{""url"": ""https://clusters.ipyme.org/es-es/Identificar/Paginas/DatosAbiertos.aspx"", ""label"": ""Catálogo oficial de proyectos""}, {""url"": ""https://www.boe.es/diario_boe/txt.php?id=BOE-A-2013-1009"", ""label"": ""Fuente del estado e importe"", ""pagina"": """"}]"
sector:2012:AEI-010300-2012-107,2012,AEI-010300-2012-107,Transporte y distribución,ASOCIACIÓN LOGÍSTICA INNOVADORA DE ARAGÓN (ALIA),G99299299,IMPLANTACIÓN DE UN SISTEMA RFID EN UNA CADENA DE SUMINISTRO.,,concedida_segun_listado,20719.00,,general,"Transporte, distribución, almacenaje o servicios logísticos identificados en el título del proyecto.","Título vinculado por coincidencia única de año, NIF e importe. Cruce de expediente pendiente de confirmación documental.","[{""url"": ""https://clusters.ipyme.org/es-es/Identificar/Paginas/DatosAbiertos.aspx"", ""label"": ""Catálogo oficial de proyectos""}, {""url"": ""https://www.boe.es/diario_boe/txt.php?id=BOE-A-2013-1009"", ""label"": ""Fuente del estado e importe"", ""pagina"": """"}]"
sector:2012:AEI-010300-2012-108,2012,AEI-010300-2012-108,Transporte y distribución,ASOCIACIÓN LOGÍSTICA INNOVADORA DE ARAGÓN (ALIA),G99299299,ANÁLISIS Y OPTIMIZACIÓN DE LA DISTRIBUCIÓN URBANA DE MERCANCÍAS  DE ZARAZA.,,concedida_segun_listado,40570.00,,general,"Transporte, distribución, almacenaje o servicios logísticos identificados en el título del proyecto.","Título vinculado por coincidencia única de año, NIF e importe. Cruce de expediente pendiente de confirmación documental.","[{""url"": ""https://clusters.ipyme.org/es-es/Identificar/Paginas/DatosAbiertos.aspx"", ""label"": ""Catálogo oficial de proyectos""}, {""url"": ""https://www.boe.es/diario_boe/txt.php?id=BOE-A-2013-1009"", ""label"": ""Fuente del estado e importe"", ""pagina"": """"}]"
sector:2025:AEI-010500-2025-108,2025,AEI-010500-2025-108,Transporte y distribución,ASSOCIACIO CLUSTER DE LA INDUSTRIA D'AUTOMOCIO DE CATALUNYA (CIAC),G66028978,TRAZABILIDAD Y GESTIÓN DE LA LOGÍSTICA EN TODA LA CADENA DE SUMINISTRO CON SENSORES INTELIGENTES y TECNOLOGÍA RFID,47.52,propuesta_desestimada_puntuacion,,,general,"Transporte, distribución, almacenaje o servicios logísticos identificados en el título del proyecto.",,"[{""url"": ""https://www.mintur.gob.es/PortalAyudas/AgrupacionesEmpresariales/Concesion/2025/Documents/Listado Propuesta Resolución Definitiva.pdf"", ""label"": ""Anexo: título y entidad"", ""pagina"": 15}]"
sector:2025:AEI-010500-2025-99,2025,AEI-010500-2025-99,Transporte y distribución,ASOCIACIÓN CLUSTER DA FUNCIÓN LOXÍSTICA DE GALICIA,G94194594,VIITRAL - Viaxe Intelixente e Interconectada do TRAnsporte Loxístico de Galicia,47.29,propuesta_desestimada_puntuacion,,,general,"Transporte, distribución, almacenaje o servicios logísticos identificados en el título del proyecto.",,"[{""url"": ""https://www.mintur.gob.es/PortalAyudas/AgrupacionesEmpresariales/Concesion/2025/Documents/Listado Propuesta Resolución Definitiva.pdf"", ""label"": ""Anexo: título y entidad"", ""pagina"": 15}]"
sector:2025:AEI-010500-2025-164,2025,AEI-010500-2025-164,Transporte y distribución,ASSOCIACIO CLUSTER DE LA INDUSTRIA D'AUTOMOCIO DE CATALUNYA (CIAC),G66028978,DESARROLLO DE UN TRANSPORTE AUTÓNOMO DE GRAN CARGA EN EL SECTOR DE LA AUTOMOCIÓN,39.5,propuesta_desestimada_puntuacion,,,general,"Transporte, distribución, almacenaje o servicios logísticos identificados en el título del proyecto.",,"[{""url"": ""https://www.mintur.gob.es/PortalAyudas/AgrupacionesEmpresariales/Concesion/2025/Documents/Listado Propuesta Resolución Definitiva.pdf"", ""label"": ""Anexo: título y entidad"", ""pagina"": 18}]"
sector:2024:AEI-010500-2024-162,2024,AEI-010500-2024-162,Transporte y distribución,CENTRO DE INNOVACION TECNOLOGICA PARA LA LOGISTICA Y EL TRANSPORTE DE MERCANCIAS POR CARRETERA (CITET),G85321883,Cool E-Cargo,,propuesta_desestimada_motivos,,,general,"Transporte, distribución, almacenaje o servicios logísticos identificados en el título del proyecto.",,"[{""url"": ""https://www.mintur.gob.es/PortalAyudas/AgrupacionesEmpresariales/Concesion/2024/Documents/Propuesta de solicitudes desestimadas por otros motivos.pdf"", ""label"": ""Anexo: título y entidad"", ""pagina"": 1}]"
sector:2024:AEI-010500-2024-182,2024,AEI-010500-2024-182,Transporte y distribución,ASOCIACIÓN AERONAÚTICA ARAGONESA,G99171951,"LOGÍSTICA SOSTENIBLE A FARMACIAS Y MOVILIDAD INTELIGENTE CON ROBOTS AÉREOS AUTÓNOMOS, UAS/DRONES - PHARMADRON FASE 3",,propuesta_desestimada_motivos,,,general,"Transporte, distribución, almacenaje o servicios logísticos identificados en el título del proyecto.",,"[{""url"": ""https://www.mintur.gob.es/PortalAyudas/AgrupacionesEmpresariales/Concesion/2024/Documents/Propuesta de solicitudes desestimadas por otros motivos.pdf"", ""label"": ""Anexo: título y entidad"", ""pagina"": 1}]"
sector:2024:AEI-010500-2024-9,2024,AEI-010500-2024-9,Transporte y distribución,CLUB ASTURIANO DE LA INNOVACIÓN,G33849118,"""SEGUNDA FASE Desarrollo de modelos predictivos en procesos de logística de punto de entrega en farmacia (PRELOGFAR II)""",58.72,concedida_segun_listado,100603.00,,general,"Transporte, distribución, almacenaje o servicios logísticos identificados en el título del proyecto.",,"[{""url"": ""https://www.mintur.gob.es/PortalAyudas/AgrupacionesEmpresariales/Concesion/2024/Documents/Propuesta de solicitudes aprobadas subvencionadas.pdf"", ""label"": ""Anexo: título y entidad"", ""pagina"": 1}, {""url"": ""https://www.mintur.gob.es/PortalAyudas/AgrupacionesEmpresariales/Concesion/2024/Documents/Listado%20de%20solicitudes%20concedidas.pdf"", ""label"": ""Fuente del estado e importe"", ""pagina"": ""1""}]"
sector:2024:AEI-010500-2024-38,2024,AEI-010500-2024-38,Transporte y distribución,ASOCIACIÓN CLÚSTER DE MOVILIDAD Y LOGÍSTICA DE EUSKADI,G01387414,PLENCO DLT Fase 2: Plazo entre entrega y cobro - DLT,58.04,concedida_segun_listado,215553.00,,general,"Transporte, distribución, almacenaje o servicios logísticos identificados en el título del proyecto.",,"[{""url"": ""https://www.mintur.gob.es/PortalAyudas/AgrupacionesEmpresariales/Concesion/2024/Documents/Propuesta de solicitudes aprobadas subvencionadas.pdf"", ""label"": ""Anexo: título y entidad"", ""pagina"": 1}, {""url"": ""https://www.mintur.gob.es/PortalAyudas/AgrupacionesEmpresariales/Concesion/2024/Documents/Listado%20de%20solicitudes%20concedidas.pdf"", ""label"": ""Fuente del estado e importe"", ""pagina"": ""1""}]"
sector:2024:AEI-010500-2024-216,2024,AEI-010500-2024-216,Transporte y distribución,CENTRO DE INNOVACION TECNOLOGICA PARA LA LOGISTICA Y EL TRANSPORTE DE MERCANCIAS POR CARRETERA (CITET),G85321883,PLAGEDILOG STG3,57.71,concedida_segun_listado,127717.00,,general,"Transporte, distribución, almacenaje o servicios logísticos identificados en el título del proyecto.",,"[{""url"": ""https://www.mintur.gob.es/PortalAyudas/AgrupacionesEmpresariales/Concesion/2024/Documents/Propuesta de solicitudes aprobadas subvencionadas.pdf"", ""label"": ""Anexo: título y entidad"", ""pagina"": 2}, {""url"": ""https://www.mintur.gob.es/PortalAyudas/AgrupacionesEmpresariales/Concesion/2024/Documents/Listado%20de%20solicitudes%20concedidas.pdf"", ""label"": ""Fuente del estado e importe"", ""pagina"": ""2""}]"
sector:2024:AEI-010500-2024-136,2024,AEI-010500-2024-136,Transporte y distribución,ASOCIACIÓN LOGÍSTICA INNOVADORA DE ARAGÓN (ALIA),G99299299,WINGWAY Fase II: Optimización de operaciones y utilización de drones en logística,56.96,concedida_segun_listado,153853.00,,general,"Transporte, distribución, almacenaje o servicios logísticos identificados en el título del proyecto.",,"[{""url"": ""https://www.mintur.gob.es/PortalAyudas/AgrupacionesEmpresariales/Concesion/2024/Documents/Propuesta de solicitudes aprobadas subvencionadas.pdf"", ""label"": ""Anexo: título y entidad"", ""pagina"": 2}, {""url"": ""https://www.mintur.gob.es/PortalAyudas/AgrupacionesEmpresariales/Concesion/2024/Documents/Listado%20de%20solicitudes%20concedidas.pdf"", ""label"": ""Fuente del estado e importe"", ""pagina"": ""2""}]"
sector:2024:AEI-010500-2024-40,2024,AEI-010500-2024-40,Transporte y distribución,ASOCIACIÓN CLÚSTER DE MOVILIDAD Y LOGÍSTICA DE EUSKADI,G01387414,AI-MOBOT,56.04,concedida_segun_listado,332798.00,,general,"Transporte, distribución, almacenaje o servicios logísticos identificados en el título del proyecto.",,"[{""url"": ""https://www.mintur.gob.es/PortalAyudas/AgrupacionesEmpresariales/Concesion/2024/Documents/Propuesta de solicitudes aprobadas subvencionadas.pdf"", ""label"": ""Anexo: título y entidad"", ""pagina"": 3}, {""url"": ""https://www.mintur.gob.es/PortalAyudas/AgrupacionesEmpresariales/Concesion/2024/Documents/Listado%20de%20solicitudes%20concedidas.pdf"", ""label"": ""Fuente del estado e importe"", ""pagina"": ""1""}]"
sector:2024:AEI-010500-2024-97,2024,AEI-010500-2024-97,Transporte y distribución,ASSOCIACIÓ CLÚSTER DE MATERIALS AVANÇATS DE CATALUNYA,G66522269,MatOnTime. Solución integral basada en inteligencia artificial para optimizar la planificación de la producción y la distribución de materiales en el sector de la construcción.,56.01,concedida_segun_listado,223351.00,,general,"Transporte, distribución, almacenaje o servicios logísticos identificados en el título del proyecto.",,"[{""url"": ""https://www.mintur.gob.es/PortalAyudas/AgrupacionesEmpresariales/Concesion/2024/Documents/Propuesta de solicitudes aprobadas subvencionadas.pdf"", ""label"": ""Anexo: título y entidad"", ""pagina"": 3}, {""url"": ""https://www.mintur.gob.es/PortalAyudas/AgrupacionesEmpresariales/Concesion/2024/Documents/Listado%20de%20solicitudes%20concedidas.pdf"", ""label"": ""Fuente del estado e importe"", ""pagina"": ""1""}]"
sector:2024:AEI-010500-2024-134,2024,AEI-010500-2024-134,Transporte y distribución,ASOCIACIÓN LOGÍSTICA INNOVADORA DE ARAGÓN (ALIA),G99299299,SICHOCK FASE II: Innovación para la seguridad en operaciones de carga y descarga de camiones.,53.79,concedida_segun_listado,91761.00,,general,"Transporte, distribución, almacenaje o servicios logísticos identificados en el título del proyecto.",,"[{""url"": ""https://www.mintur.gob.es/PortalAyudas/AgrupacionesEmpresariales/Concesion/2024/Documents/Propuesta de solicitudes aprobadas en lista de espera.pdf"", ""label"": ""Anexo: título y entidad"", ""pagina"": 1}, {""url"": ""https://www.mintur.gob.es/PortalAyudas/AgrupacionesEmpresariales/Concesion/2024/Documents/Listado%20de%20solicitudes%20concedidas.pdf"", ""label"": ""Fuente del estado e importe"", ""pagina"": ""2""}]"
sector:2024:AEI-010500-2024-91,2024,AEI-010500-2024-91,Transporte y distribución,"CLÚSTER DE LAS TECNOLOGÍAS INTELIGENTES PARA LAS CIUDADES, LOS EDIFICIOS Y LA INDUSTRIA (SMARTECH CLUSTER)",G65270035,SMARTLog - Logística Inteligente,53.39,lista_espera_sin_concesion,,,general,"Transporte, distribución, almacenaje o servicios logísticos identificados en el título del proyecto.",,"[{""url"": ""https://www.mintur.gob.es/PortalAyudas/AgrupacionesEmpresariales/Concesion/2024/Documents/Propuesta de solicitudes aprobadas en lista de espera.pdf"", ""label"": ""Anexo: título y entidad"", ""pagina"": 1}]"
sector:2024:AEI-010500-2024-217,2024,AEI-010500-2024-217,Transporte y distribución,"CENTRE DE DIFUSIO TECNOLOGICA DE LA FUSTA I EL MOBLE DE CATALUNYA, FUNDACIO PRIVADA",G43831338,ROWOOD Fase 2 - Desarrollo de algoritmos de paletización caótica integrables en sistemas de robótica avanzada y celdas de fabricación de mobiliario a través de algoritmos heurísticos.,53.31,lista_espera_sin_concesion,,,general,"Transporte, distribución, almacenaje o servicios logísticos identificados en el título del proyecto.",,"[{""url"": ""https://www.mintur.gob.es/PortalAyudas/AgrupacionesEmpresariales/Concesion/2024/Documents/Propuesta de solicitudes aprobadas en lista de espera.pdf"", ""label"": ""Anexo: título y entidad"", ""pagina"": 1}]"
sector:2024:AEI-010500-2024-72,2024,AEI-010500-2024-72,Transporte y distribución,ASOCIACIÓN LOGÍSTICA INNOVADORA DE ARAGÓN (ALIA),G99299299,OptiTrans: Sistema Inteligente de Selección y Evaluación de Canales de Transporte de Mercancías,52.86,lista_espera_sin_concesion,,,general,"Transporte, distribución, almacenaje o servicios logísticos identificados en el título del proyecto.",,"[{""url"": ""https://www.mintur.gob.es/PortalAyudas/AgrupacionesEmpresariales/Concesion/2024/Documents/Propuesta de solicitudes aprobadas en lista de espera.pdf"", ""label"": ""Anexo: título y entidad"", ""pagina"": 2}]"
sector:2024:AEI-010500-2024-281,2024,AEI-010500-2024-281,Transporte y distribución,INNOVAC CLUSTER CATALÁ DE LA CARN I LA PROTEÏNA ALTERNATIVA,G17995978,ALECTRYON: Innovación avanzada para la seguridad avícola- Sistema inteligente para la monitorización Ambiental y Control de Riesgos en el transporte de Pollitos,52.79,lista_espera_sin_concesion,,,general,"Transporte, distribución, almacenaje o servicios logísticos identificados en el título del proyecto.",,"[{""url"": ""https://www.mintur.gob.es/PortalAyudas/AgrupacionesEmpresariales/Concesion/2024/Documents/Propuesta de solicitudes aprobadas en lista de espera.pdf"", ""label"": ""Anexo: título y entidad"", ""pagina"": 3}]"
sector:2024:AEI-010500-2024-231,2024,AEI-010500-2024-231,Transporte y distribución,CENTRO DE INNOVACION TECNOLOGICA PARA LA LOGISTICA Y EL TRANSPORTE DE MERCANCIAS POR CARRETERA (CITET),G85321883,GeoTrack STG2 (Trazabilidad física y concepto geoblockchain para la mejora de los procesos logísticos y de transporte aplicados al Transporte de Mercancías),52.69,lista_espera_sin_concesion,,,general,"Transporte, distribución, almacenaje o servicios logísticos identificados en el título del proyecto.",,"[{""url"": ""https://www.mintur.gob.es/PortalAyudas/AgrupacionesEmpresariales/Concesion/2024/Documents/Propuesta de solicitudes aprobadas en lista de espera.pdf"", ""label"": ""Anexo: título y entidad"", ""pagina"": 3}]"
sector:2024:AEI-010500-2024-127,2024,AEI-010500-2024-127,Transporte y distribución,ASOCIACIÓN LOGÍSTICA INNOVADORA DE ARAGÓN (ALIA),G99299299,"UrbanDUM 4.0 Fase 2: Distribución Urbana, Inteligente y Sostenible de Mercancías.",52.5,concedida_segun_listado,93369.00,,general,"Transporte, distribución, almacenaje o servicios logísticos identificados en el título del proyecto.",,"[{""url"": ""https://www.mintur.gob.es/PortalAyudas/AgrupacionesEmpresariales/Concesion/2024/Documents/Propuesta de solicitudes aprobadas en lista de espera.pdf"", ""label"": ""Anexo: título y entidad"", ""pagina"": 3}, {""url"": ""https://www.mintur.gob.es/PortalAyudas/AgrupacionesEmpresariales/Concesion/2024/Documents/Listado%20de%20solicitudes%20concedidas.pdf"", ""label"": ""Fuente del estado e importe"", ""pagina"": ""1""}]"
sector:2024:AEI-010500-2024-111,2024,AEI-010500-2024-111,Transporte y distribución,FORO MARITIMO VASCO,G48976823,CIRCULAR PIT_Fase II - Optimización de operativas productivas en almacenes a granel gracias a la identificación y caracterización de materiales a través de Visión e Inteligencia Artificial.,52.28,lista_espera_sin_concesion,,,general,"Transporte, distribución, almacenaje o servicios logísticos identificados en el título del proyecto.",,"[{""url"": ""https://www.mintur.gob.es/PortalAyudas/AgrupacionesEmpresariales/Concesion/2024/Documents/Propuesta de solicitudes aprobadas en lista de espera.pdf"", ""label"": ""Anexo: título y entidad"", ""pagina"": 3}]"
sector:2024:AEI-010500-2024-37,2024,AEI-010500-2024-37,Transporte y distribución,FUNDACIÓN CLUSTER DE AUTOMOCIÓN Y MOVILIDAD DE GALICIA (CEAGA),G36983575,DATA LOGISTICS. Big Data y Business Intelligence para aumentar la sincronización de la Supply Chain - FASE 3,52.17,lista_espera_sin_concesion,,,general,"Transporte, distribución, almacenaje o servicios logísticos identificados en el título del proyecto.",,"[{""url"": ""https://www.mintur.gob.es/PortalAyudas/AgrupacionesEmpresariales/Concesion/2024/Documents/Propuesta de solicitudes aprobadas en lista de espera.pdf"", ""label"": ""Anexo: título y entidad"", ""pagina"": 3}]"
sector:2024:AEI-010500-2024-131,2024,AEI-010500-2024-131,Transporte y distribución,ASOCIACIÓN LOGÍSTICA INNOVADORA DE ARAGÓN (ALIA),G99299299,DIGITAIL FASE 3. Transformación sostenible y digital mediante IA de todos los procesos intralogísticos de cadenas de suministro con baja digitalización.,51.47,lista_espera_sin_concesion,,,general,"Transporte, distribución, almacenaje o servicios logísticos identificados en el título del proyecto.",,"[{""url"": ""https://www.mintur.gob.es/PortalAyudas/AgrupacionesEmpresariales/Concesion/2024/Documents/Propuesta de solicitudes aprobadas en lista de espera.pdf"", ""label"": ""Anexo: título y entidad"", ""pagina"": 5}]"
sector:2024:AEI-010500-2024-39,2024,AEI-010500-2024-39,Transporte y distribución,ASOCIACIÓN CLÚSTER DE MOVILIDAD Y LOGÍSTICA DE EUSKADI,G01387414,PICKAPP,51.41,lista_espera_sin_concesion,,,general,"Transporte, distribución, almacenaje o servicios logísticos identificados en el título del proyecto.",,"[{""url"": ""https://www.mintur.gob.es/PortalAyudas/AgrupacionesEmpresariales/Concesion/2024/Documents/Propuesta de solicitudes aprobadas en lista de espera.pdf"", ""label"": ""Anexo: título y entidad"", ""pagina"": 5}]"
sector:2024:AEI-010500-2024-227,2024,AEI-010500-2024-227,Transporte y distribución,ASOCIACIÓN CLUSTER DA FUNCIÓN LOXÍSTICA DE GALICIA,G94194594,PREMODEL DUM II Simulación y Optimización de la Distribución Urbana de Mercancías mediante Gemelo Digital en la ciudad de A Coruña,51.04,lista_espera_sin_concesion,,,general,"Transporte, distribución, almacenaje o servicios logísticos identificados en el título del proyecto.",,"[{""url"": ""https://www.mintur.gob.es/PortalAyudas/AgrupacionesEmpresariales/Concesion/2024/Documents/Propuesta de solicitudes aprobadas en lista de espera.pdf"", ""label"": ""Anexo: título y entidad"", ""pagina"": 5}]"
sector:2024:AEI-010500-2024-292,2024,AEI-010500-2024-292,Transporte y distribución,CENTRO DE INNOVACION TECNOLOGICA PARA LA LOGISTICA Y EL TRANSPORTE DE MERCANCIAS POR CARRETERA (CITET),G85321883,SMART DUM DATA ANALYTICS STG2,50.97,lista_espera_sin_concesion,,,general,"Transporte, distribución, almacenaje o servicios logísticos identificados en el título del proyecto.",,"[{""url"": ""https://www.mintur.gob.es/PortalAyudas/AgrupacionesEmpresariales/Concesion/2024/Documents/Propuesta de solicitudes aprobadas en lista de espera.pdf"", ""label"": ""Anexo: título y entidad"", ""pagina"": 5}]"
sector:2024:AEI-010500-2024-81,2024,AEI-010500-2024-81,Transporte y distribución,ASOCIACIÓN PARA LA DIGITALIZACIÓN DE LA INDUSTRIA DE GALICIA,G27877166,PowerLog Fase 2: La primera plataforma de Logística para la optimización de rutas con Inteligencia Artificial - fase 2,50.63,lista_espera_sin_concesion,,,general,"Transporte, distribución, almacenaje o servicios logísticos identificados en el título del proyecto.",,"[{""url"": ""https://www.mintur.gob.es/PortalAyudas/AgrupacionesEmpresariales/Concesion/2024/Documents/Propuesta de solicitudes aprobadas en lista de espera.pdf"", ""label"": ""Anexo: título y entidad"", ""pagina"": 6}]"
sector:2024:AEI-010500-2024-77,2024,AEI-010500-2024-77,Transporte y distribución,ASOCIACION CLUSTER GRANADA PLAZA TECNOLOGICA Y BIOTECNOLOGICA,G19532209,"Inteligencia Artificial para la gestión de la logística en el sector editorial - Fase 2 (colocación de novedades editoriales), ""IA BOOK II""",50.32,lista_espera_sin_concesion,,,general,"Transporte, distribución, almacenaje o servicios logísticos identificados en el título del proyecto.",,"[{""url"": ""https://www.mintur.gob.es/PortalAyudas/AgrupacionesEmpresariales/Concesion/2024/Documents/Propuesta de solicitudes aprobadas en lista de espera.pdf"", ""label"": ""Anexo: título y entidad"", ""pagina"": 6}]"
sector:2024:AEI-010500-2024-13,2024,AEI-010500-2024-13,Transporte y distribución,ASSOCIACIO CLUSTER DE LA INDUSTRIA D'AUTOMOCIO DE CATALUNYA (CIAC),G66028978,DESARROLLO DE UNA NOVEDOSA HERRAMIENTA TIC BASADA EN INTELIGENCIA ARTIFICIAL Y ROBÓTICA COLABORATIVA PARA LA AUTOMATIZACIÓN DE PROCESOS SUPPLY CHAIN,50.17,lista_espera_sin_concesion,,,general,"Transporte, distribución, almacenaje o servicios logísticos identificados en el título del proyecto.",,"[{""url"": ""https://www.mintur.gob.es/PortalAyudas/AgrupacionesEmpresariales/Concesion/2024/Documents/Propuesta de solicitudes aprobadas en lista de espera.pdf"", ""label"": ""Anexo: título y entidad"", ""pagina"": 7}]"
sector:2025:AEI-010500-2025-18,2025,AEI-010500-2025-18,Transporte y distribución,ASOCIACIÓN LOGÍSTICA INNOVADORA DE ARAGÓN (ALIA),G99299299,WINGWAY Fase III: Optimización de operaciones y utilización de drones en logística,,desistida,,,general,"Transporte, distribución, almacenaje o servicios logísticos identificados en el título del proyecto.",,"[{""url"": ""https://www.mintur.gob.es/PortalAyudas/AgrupacionesEmpresariales/Concesion/2025/Documents/Listado ayudas desistidas.pdf"", ""label"": ""Anexo: título y entidad"", ""pagina"": 1}]"
sector:2025:AEI-010500-2025-21,2025,AEI-010500-2025-21,Transporte y distribución,ASOCIACIÓN LOGÍSTICA INNOVADORA DE ARAGÓN (ALIA),G99299299,PUNTOLOCKER - Soluciones Inteligentes de Entrega y Devolución en Zonas Rurales,61.86,concedida_segun_listado,217843.0,,general,"Transporte, distribución, almacenaje o servicios logísticos identificados en el título del proyecto.",,"[{""url"": ""https://www.mintur.gob.es/PortalAyudas/AgrupacionesEmpresariales/Concesion/2025/Documents/Listado Propuesta Resolución Definitiva.pdf"", ""label"": ""Anexo: título y entidad"", ""pagina"": 3}, {""url"": ""https://www.mintur.gob.es/PortalAyudas/AgrupacionesEmpresariales/Concesion/2025/Documents/Listado_AyudasConcedidas.pdf"", ""label"": ""Fuente del estado e importe"", ""pagina"": ""1""}]"
sector:2025:AEI-010500-2025-101,2025,AEI-010500-2025-101,Transporte y distribución,CENTRO DE INNOVACION TECNOLOGICA PARA LA LOGISTICA Y EL TRANSPORTE DE MERCANCIAS POR CARRETERA (CITET),G85321883,COLOGIS (Plataforma interoperable de trazabilidad para logística urbana),60.01,concedida_segun_listado,307397.0,,general,"Transporte, distribución, almacenaje o servicios logísticos identificados en el título del proyecto.",,"[{""url"": ""https://www.mintur.gob.es/PortalAyudas/AgrupacionesEmpresariales/Concesion/2025/Documents/Listado Propuesta Resolución Definitiva.pdf"", ""label"": ""Anexo: título y entidad"", ""pagina"": 4}, {""url"": ""https://www.mintur.gob.es/PortalAyudas/AgrupacionesEmpresariales/Concesion/2025/Documents/Listado_AyudasConcedidas.pdf"", ""label"": ""Fuente del estado e importe"", ""pagina"": ""5""}]"
sector:2025:AEI-010500-2025-66,2025,AEI-010500-2025-66,Transporte y distribución,INNOVAC CLUSTER CATALÁ DE LA CARN I LA PROTEÏNA ALTERNATIVA,G17995978,ALECTRYON. Innovación avanzada para la seguridad avícola. Sistema inteligente para la monitorización ambiental y control de riesgos en el transporte de pollitos,58.51,propuesta_provisional_aprobada,,,general,"Transporte, distribución, almacenaje o servicios logísticos identificados en el título del proyecto.",,"[{""url"": ""https://www.mintur.gob.es/PortalAyudas/AgrupacionesEmpresariales/Concesion/2025/Documents/Listado Propuesta Resolución Definitiva.pdf"", ""label"": ""Anexo: título y entidad"", ""pagina"": 6}]"
sector:2024:AEI-010500-2024-45,2024,AEI-010500-2024-45,Transporte y distribución,ASOCIACIÓN CLÚSTER DE MOVILIDAD Y LOGÍSTICA DE EUSKADI,G01387414,CISEG: Curvas Inteligentes y Seguras de Gipuzkoa,49.91,propuesta_desestimada_puntuacion,,,general,"Transporte, distribución, almacenaje o servicios logísticos identificados en el título del proyecto.",,"[{""url"": ""https://www.mintur.gob.es/PortalAyudas/AgrupacionesEmpresariales/Concesion/2024/Documents/Propuesta de solicitudes desestimadas por puntuacion.pdf"", ""label"": ""Anexo: título y entidad"", ""pagina"": 1}]"
sector:2024:AEI-010500-2024-55,2024,AEI-010500-2024-55,Transporte y distribución,ASOCIACIÓN CLÚSTER DE MOVILIDAD Y LOGÍSTICA DE EUSKADI,G01387414,"IA4MOV: Aplicación de la Inteligencia Artificial al análisis, planificación y gestión de la movilidad",49.8,propuesta_desestimada_puntuacion,,,general,"Transporte, distribución, almacenaje o servicios logísticos identificados en el título del proyecto.",,"[{""url"": ""https://www.mintur.gob.es/PortalAyudas/AgrupacionesEmpresariales/Concesion/2024/Documents/Propuesta de solicitudes desestimadas por puntuacion.pdf"", ""label"": ""Anexo: título y entidad"", ""pagina"": 1}]"
sector:2024:AEI-010500-2024-76,2024,AEI-010500-2024-76,Transporte y distribución,ASOCIACIÓN LOGÍSTICA INNOVADORA DE ARAGÓN (ALIA),G99299299,"ECONTDATA Optimización de la cadena de valor y la sostenibilidad del transporte intermodal mediante el uso de IoT y técnicas avanzadas de analítica de datos relativos al uso, estado y",49.58,propuesta_desestimada_puntuacion,,,general,"Transporte, distribución, almacenaje o servicios logísticos identificados en el título del proyecto.",,"[{""url"": ""https://www.mintur.gob.es/PortalAyudas/AgrupacionesEmpresariales/Concesion/2024/Documents/Propuesta de solicitudes desestimadas por puntuacion.pdf"", ""label"": ""Anexo: título y entidad"", ""pagina"": 1}]"
sector:2024:AEI-010500-2024-282,2024,AEI-010500-2024-282,Transporte y distribución,ASSOCIACIO CLUSTER DE LA INDUSTRIA D'AUTOMOCIO DE CATALUNYA (CIAC),G66028978,Automatización de la gestión de flota AGVs y trazabilidad de mercancía,49.12,propuesta_desestimada_puntuacion,,,general,"Transporte, distribución, almacenaje o servicios logísticos identificados en el título del proyecto.",,"[{""url"": ""https://www.mintur.gob.es/PortalAyudas/AgrupacionesEmpresariales/Concesion/2024/Documents/Propuesta de solicitudes desestimadas por puntuacion.pdf"", ""label"": ""Anexo: título y entidad"", ""pagina"": 2}]"
sector:2024:AEI-010500-2024-250,2024,AEI-010500-2024-250,Transporte y distribución,ASOC. CLUSTER DE ENVASE Y EMBALAJE COM. VALENCIANA,G97857692,"DESARRROLLO DE UN SISTEMA INTELIGENTE Y EN TIEMPO REAL DE GESTIÓN DE ALMACENES PARA AUMENTAR EL CICLO DE VIDA DE LOS ENVASES Y EMBALAJES TERCIARIOS, MEDIANTE IA GENERATIVA DEEP LEARNING",,propuesta_desestimada_puntuacion,,,general,"Transporte, distribución, almacenaje o servicios logísticos identificados en el título del proyecto.",,"[{""url"": ""https://www.mintur.gob.es/PortalAyudas/AgrupacionesEmpresariales/Concesion/2024/Documents/Propuesta de solicitudes desestimadas por puntuacion.pdf"", ""label"": ""Anexo: título y entidad"", ""pagina"": 3}]"
sector:2024:AEI-010500-2024-234,2024,AEI-010500-2024-234,Transporte y distribución,CENTRO DE INNOVACION TECNOLOGICA PARA LA LOGISTICA Y EL TRANSPORTE DE MERCANCIAS POR CARRETERA (CITET),G85321883,ALE-HOP STG2,,propuesta_desestimada_puntuacion,,,general,"Transporte, distribución, almacenaje o servicios logísticos identificados en el título del proyecto.",,"[{""url"": ""https://www.mintur.gob.es/PortalAyudas/AgrupacionesEmpresariales/Concesion/2024/Documents/Propuesta de solicitudes desestimadas por puntuacion.pdf"", ""label"": ""Anexo: título y entidad"", ""pagina"": 3}]"
sector:2024:AEI-010500-2024-69,2024,AEI-010500-2024-69,Transporte y distribución,ASOCIACIÓN LOGÍSTICA INNOVADORA DE ARAGÓN (ALIA),G99299299,EcoPalet Circular SDDR - Innovación en trazabilidad y sostenibilidad para palets de madera.,48.37,propuesta_desestimada_puntuacion,,,general,"Transporte, distribución, almacenaje o servicios logísticos identificados en el título del proyecto.",,"[{""url"": ""https://www.mintur.gob.es/PortalAyudas/AgrupacionesEmpresariales/Concesion/2024/Documents/Propuesta de solicitudes desestimadas por puntuacion.pdf"", ""label"": ""Anexo: título y entidad"", ""pagina"": 4}]"
sector:2024:AEI-010500-2024-172,2024,AEI-010500-2024-172,Transporte y distribución,INNOVAC CLUSTER CATALÁ DE LA CARN I LA PROTEÏNA ALTERNATIVA,G17995978,COBOXIA: Sistema de formado y encajado de sobres de producto loncheado con IA colaborativo de paletizado,47.54,propuesta_desestimada_puntuacion,,,general,"Transporte, distribución, almacenaje o servicios logísticos identificados en el título del proyecto.",,"[{""url"": ""https://www.mintur.gob.es/PortalAyudas/AgrupacionesEmpresariales/Concesion/2024/Documents/Propuesta de solicitudes desestimadas por puntuacion.pdf"", ""label"": ""Anexo: título y entidad"", ""pagina"": 5}]"
sector:2024:AEI-010500-2024-223,2024,AEI-010500-2024-223,Transporte y distribución,CENTRO DE INNOVACION TECNOLOGICA PARA LA LOGISTICA Y EL TRANSPORTE DE MERCANCIAS POR CARRETERA (CITET),G85321883,PriorityDrone STG2,,propuesta_desestimada_puntuacion,,,general,"Transporte, distribución, almacenaje o servicios logísticos identificados en el título del proyecto.",,"[{""url"": ""https://www.mintur.gob.es/PortalAyudas/AgrupacionesEmpresariales/Concesion/2024/Documents/Propuesta de solicitudes desestimadas por puntuacion.pdf"", ""label"": ""Anexo: título y entidad"", ""pagina"": 8}]"
sector:2024:AEI-010500-2024-254,2024,AEI-010500-2024-254,Transporte y distribución,ASOCIACION CLUSTER DEL NAVAL GALLEGO,G15710338,AISMARTNAV. PLATAFORMA PARA OPTIMIZACIÓN DE RUTAS DE NAVEGACIÓN A TRAVÉS DE INTELIGENCIA ARTIFICIAL,45.79,propuesta_desestimada_puntuacion,,,general,"Transporte, distribución, almacenaje o servicios logísticos identificados en el título del proyecto.",,"[{""url"": ""https://www.mintur.gob.es/PortalAyudas/AgrupacionesEmpresariales/Concesion/2024/Documents/Propuesta de solicitudes desestimadas por puntuacion.pdf"", ""label"": ""Anexo: título y entidad"", ""pagina"": 8}]"
sector:2024:AEI-010500-2024-201,2024,AEI-010500-2024-201,Transporte y distribución,FUNDACION PARA EL DESARROLLO DE LA NUEVAS TECNOLOGIAS DEL HIDROGENO EN ARAGON,G22280010,"Optimización de producción, almacenamiento y distribución de hidrógeno renovable, con automatización del acondicionamiento para su dispensación eficiente en hidrogeneras, HYMOOD",44.09,propuesta_desestimada_puntuacion,,,general,"Transporte, distribución, almacenaje o servicios logísticos identificados en el título del proyecto.",,"[{""url"": ""https://www.mintur.gob.es/PortalAyudas/AgrupacionesEmpresariales/Concesion/2024/Documents/Propuesta de solicitudes desestimadas por puntuacion.pdf"", ""label"": ""Anexo: título y entidad"", ""pagina"": 10}]"
sector:2024:AEI-010500-2024-262,2024,AEI-010500-2024-262,Transporte y distribución,ASSOCIACIO CLUSTER DE LA INDUSTRIA D'AUTOMOCIO DE CATALUNYA (CIAC),G66028978,Automatización de la gestión de flota AGVs y trazabilidad de mercancía,38.85,propuesta_desestimada_puntuacion,,,general,"Transporte, distribución, almacenaje o servicios logísticos identificados en el título del proyecto.",,"[{""url"": ""https://www.mintur.gob.es/PortalAyudas/AgrupacionesEmpresariales/Concesion/2024/Documents/Propuesta de solicitudes desestimadas por puntuacion.pdf"", ""label"": ""Anexo: título y entidad"", ""pagina"": 13}]"
sector:2024:AEI-010500-2024-307,2024,AEI-010500-2024-307,Transporte y distribución,ASSOCIACIO CLUSTER DE LA INDUSTRIA D'AUTOMOCIO DE CATALUNYA (CIAC),G66028978,DESARROLLO DE UN TRANSPORTE AUTÓNOMO DE GRAN CARGA EN EL SECTOR DE LA AUTOMOCIÓN,37.8,propuesta_desestimada_puntuacion,,,general,"Transporte, distribución, almacenaje o servicios logísticos identificados en el título del proyecto.",,"[{""url"": ""https://www.mintur.gob.es/PortalAyudas/AgrupacionesEmpresariales/Concesion/2024/Documents/Propuesta de solicitudes desestimadas por puntuacion.pdf"", ""label"": ""Anexo: título y entidad"", ""pagina"": 13}]"
sector:2025:AEI-010500-2025-123,2025,AEI-010500-2025-123,Transporte y distribución,"CENTRE DE DIFUSIO TECNOLOGICA DE LA FUSTA I EL MOBLE DE CATALUNYA, FUNDACIO PRIVADA",G43831338,COGBOTIA: Desarrollo de algoritmos de paletización caótica integrables en celdas inteligentes de fabricación flexible de mobiliario basadas en Robótica Cognitiva e Inteligencia Artificial,57.08,lista_espera_sin_concesion,,,general,"Transporte, distribución, almacenaje o servicios logísticos identificados en el título del proyecto.",,"[{""url"": ""https://www.mintur.gob.es/PortalAyudas/AgrupacionesEmpresariales/Concesion/2025/Documents/Listado Propuesta Resolución Definitiva.pdf"", ""label"": ""Anexo: título y entidad"", ""pagina"": 7}]"
sector:2025:AEI-010500-2025-159,2025,AEI-010500-2025-159,Transporte y distribución,ASOC. CLUSTER DE ENVASE Y EMBALAJE COM. VALENCIANA,G97857692,"VISIONPACK. Desarrollo de un sistema inteligente para la gestión en tiempo real de almacenes, basado en visión artificial e IA, que optimiza la trazabilidad y gestión de envases terciarios, la volumetría de la carga y la sostenibilidad en logística",56.82,lista_espera_sin_concesion,,,general,"Transporte, distribución, almacenaje o servicios logísticos identificados en el título del proyecto.",,"[{""url"": ""https://www.mintur.gob.es/PortalAyudas/AgrupacionesEmpresariales/Concesion/2025/Documents/Listado Propuesta Resolución Definitiva.pdf"", ""label"": ""Anexo: título y entidad"", ""pagina"": 7}]"
sector:2025:AEI-010500-2025-35,2025,AEI-010500-2025-35,Transporte y distribución,ASOCIACIÓN DE LA INDUSTRIA ALIMENTARIA DE CASTILLA Y LEÓN (VITARTIS),G47646773,TECNOLOGÍA DE PALETIZADO CON AUTOAPRENDIZAJE VISUAL PARA LA INDUSTRIA ALIMENTARIA - TRAZO,55.87,lista_espera_sin_concesion,,,general,"Transporte, distribución, almacenaje o servicios logísticos identificados en el título del proyecto.",,"[{""url"": ""https://www.mintur.gob.es/PortalAyudas/AgrupacionesEmpresariales/Concesion/2025/Documents/Listado Propuesta Resolución Definitiva.pdf"", ""label"": ""Anexo: título y entidad"", ""pagina"": 8}]"
sector:2025:AEI-010600-2025-2,2025,AEI-010600-2025-2,Transporte y distribución,ASOCIACIÓN LOGÍSTICA INNOVADORA DE ARAGÓN (ALIA),G99299299,UAS4LOGISTICS: Estudio de viabilidad para la incorporación de sistemas aéreos no tripulados (UAS) en la logística avanzada,55.79,lista_espera_sin_concesion,,,general,"Transporte, distribución, almacenaje o servicios logísticos identificados en el título del proyecto.",,"[{""url"": ""https://www.mintur.gob.es/PortalAyudas/AgrupacionesEmpresariales/Concesion/2025/Documents/Listado Propuesta Resolución Definitiva.pdf"", ""label"": ""Anexo: título y entidad"", ""pagina"": 8}]"
sector:2025:AEI-010500-2025-23,2025,AEI-010500-2025-23,Transporte y distribución,ASOCIACIÓN LOGÍSTICA INNOVADORA DE ARAGÓN (ALIA),G99299299,"UrbanDUM 4.0 Fase 3: Distribución Urbana, Inteligente y Sostenible de Mercancías.",55.62,concedida_segun_listado,234802.0,,general,"Transporte, distribución, almacenaje o servicios logísticos identificados en el título del proyecto.",,"[{""url"": ""https://www.mintur.gob.es/PortalAyudas/AgrupacionesEmpresariales/Concesion/2025/Documents/Listado Propuesta Resolución Definitiva.pdf"", ""label"": ""Anexo: título y entidad"", ""pagina"": 5}, {""url"": ""https://www.mintur.gob.es/PortalAyudas/AgrupacionesEmpresariales/Concesion/2025/Documents/Listado_AyudasConcedidas.pdf"", ""label"": ""Fuente del estado e importe"", ""pagina"": ""1""}]"
sector:2025:AEI-010500-2025-20,2025,AEI-010500-2025-20,Transporte y distribución,ASOCIACIÓN LOGÍSTICA INNOVADORA DE ARAGÓN (ALIA),G99299299,PHARMALOCK - Sistema Inteligente de Entrega Segura para Producto Farmacéutico,55.53,lista_espera_sin_concesion,,,general,"Transporte, distribución, almacenaje o servicios logísticos identificados en el título del proyecto.",,"[{""url"": ""https://www.mintur.gob.es/PortalAyudas/AgrupacionesEmpresariales/Concesion/2025/Documents/Listado Propuesta Resolución Definitiva.pdf"", ""label"": ""Anexo: título y entidad"", ""pagina"": 8}]"
sector:2025:AEI-010500-2025-19,2025,AEI-010500-2025-19,Transporte y distribución,ASOCIACIÓN LOGÍSTICA INNOVADORA DE ARAGÓN (ALIA),G99299299,"ECONTDATA: Optimización de la cadena de valor y la sostenibilidad del transporte intermodal mediante el uso de IoT y técnicas avanzadas de analítica de datos relativos al uso,estado y movimientos de soluciones containerizadas ...",55.08,lista_espera_sin_concesion,,,general,"Transporte, distribución, almacenaje o servicios logísticos identificados en el título del proyecto.",,"[{""url"": ""https://www.mintur.gob.es/PortalAyudas/AgrupacionesEmpresariales/Concesion/2025/Documents/Listado Propuesta Resolución Definitiva.pdf"", ""label"": ""Anexo: título y entidad"", ""pagina"": 9}]"
sector:2025:AEI-010500-2025-109,2025,AEI-010500-2025-109,Transporte y distribución,ASSOCIACIO CLUSTER DE LA INDUSTRIA D'AUTOMOCIO DE CATALUNYA (CIAC),G66028978,Automatización de la gestión de flota AGVs y trazabilidad de mercancía - FlotaAGVs,54.54,lista_espera_sin_concesion,,,general,"Transporte, distribución, almacenaje o servicios logísticos identificados en el título del proyecto.",,"[{""url"": ""https://www.mintur.gob.es/PortalAyudas/AgrupacionesEmpresariales/Concesion/2025/Documents/Listado Propuesta Resolución Definitiva.pdf"", ""label"": ""Anexo: título y entidad"", ""pagina"": 9}]"
sector:2025:AEI-010500-2025-119,2025,AEI-010500-2025-119,Transporte y distribución,ASOCIACIÓN LOGÍSTICA INNOVADORA DE ARAGÓN (ALIA),G99299299,WINGWAY Fase III: Optimización de operaciones y utilización de drones en logística,54.4,lista_espera_sin_concesion,,,general,"Transporte, distribución, almacenaje o servicios logísticos identificados en el título del proyecto.",,"[{""url"": ""https://www.mintur.gob.es/PortalAyudas/AgrupacionesEmpresariales/Concesion/2025/Documents/Listado Propuesta Resolución Definitiva.pdf"", ""label"": ""Anexo: título y entidad"", ""pagina"": 9}]"
sector:2025:AEI-010500-2025-83,2025,AEI-010500-2025-83,Transporte y distribución,ASSOCIACIÓ CLÚSTER DE MATERIALS AVANÇATS DE CATALUNYA,G66522269,MatOnTime II. Solución integral basada en inteligencia artificial para optimizar la planificación de la producción y la distribución de materiales en el sector de la construcción,53.43,lista_espera_sin_concesion,,,general,"Transporte, distribución, almacenaje o servicios logísticos identificados en el título del proyecto.",,"[{""url"": ""https://www.mintur.gob.es/PortalAyudas/AgrupacionesEmpresariales/Concesion/2025/Documents/Listado Propuesta Resolución Definitiva.pdf"", ""label"": ""Anexo: título y entidad"", ""pagina"": 11}]"
sector:2025:AEI-010500-2025-22,2025,AEI-010500-2025-22,Transporte y distribución,ASOCIACIÓN LOGÍSTICA INNOVADORA DE ARAGÓN (ALIA),G99299299,PharmAI Vision: Sistema de Visión Artificial para Optimización del Picking Farmacéutico,52.77,lista_espera_sin_concesion,,,general,"Transporte, distribución, almacenaje o servicios logísticos identificados en el título del proyecto.",,"[{""url"": ""https://www.mintur.gob.es/PortalAyudas/AgrupacionesEmpresariales/Concesion/2025/Documents/Listado Propuesta Resolución Definitiva.pdf"", ""label"": ""Anexo: título y entidad"", ""pagina"": 11}]"
sector:2025:AEI-010500-2025-77,2025,AEI-010500-2025-77,Transporte y distribución,ASOCIACIÓN LOGÍSTICA INNOVADORA DE ARAGÓN (ALIA),G99299299,EcoPalet Circular SDDR - Innovación en trazabilidad y sostenibilidad para palets de madera,52.01,lista_espera_sin_concesion,,,general,"Transporte, distribución, almacenaje o servicios logísticos identificados en el título del proyecto.",,"[{""url"": ""https://www.mintur.gob.es/PortalAyudas/AgrupacionesEmpresariales/Concesion/2025/Documents/Listado Propuesta Resolución Definitiva.pdf"", ""label"": ""Anexo: título y entidad"", ""pagina"": 12}]"
sector:2025:AEI-010500-2025-24,2025,AEI-010500-2025-24,Transporte y distribución,ASOCIACIÓN LOGÍSTICA INNOVADORA DE ARAGÓN (ALIA),G99299299,DIGITAIL FASE 3. Transformación sostenible y digital mediante IA de todos los procesos intralogísticos de cadenas de suministro con baja digitalización.,51.57,lista_espera_sin_concesion,,,general,"Transporte, distribución, almacenaje o servicios logísticos identificados en el título del proyecto.",,"[{""url"": ""https://www.mintur.gob.es/PortalAyudas/AgrupacionesEmpresariales/Concesion/2025/Documents/Listado Propuesta Resolución Definitiva.pdf"", ""label"": ""Anexo: título y entidad"", ""pagina"": 12}]"
sector:2025:AEI-010500-2025-38,2025,AEI-010500-2025-38,Transporte y distribución,CLUB ASTURIANO DE LA INNOVACIÓN,G33849118,PRELOGFAR III - TERCERA FASE Desarrollo de modelos predictivos en procesos de logística de punto de entrega en farmacia,50.91,lista_espera_sin_concesion,,,general,"Transporte, distribución, almacenaje o servicios logísticos identificados en el título del proyecto.",,"[{""url"": ""https://www.mintur.gob.es/PortalAyudas/AgrupacionesEmpresariales/Concesion/2025/Documents/Listado Propuesta Resolución Definitiva.pdf"", ""label"": ""Anexo: título y entidad"", ""pagina"": 13}]"
sector:2025:AEI-010500-2025-74,2025,AEI-010500-2025-74,Transporte y distribución,ASOCIACIÓN LOGÍSTICA INNOVADORA DE ARAGÓN (ALIA),G99299299,SICHOCK FASE III: Innovación para la seguridad en operaciones de carga y descarga de camiones.,50.88,lista_espera_sin_concesion,,,general,"Transporte, distribución, almacenaje o servicios logísticos identificados en el título del proyecto.",,"[{""url"": ""https://www.mintur.gob.es/PortalAyudas/AgrupacionesEmpresariales/Concesion/2025/Documents/Listado Propuesta Resolución Definitiva.pdf"", ""label"": ""Anexo: título y entidad"", ""pagina"": 10}]"
sector:2025:AEI-010500-2025-157,2025,AEI-010500-2025-157,Transporte y distribución,ASSOCIACIO CLUSTER DE LA INDUSTRIA D'AUTOMOCIO DE CATALUNYA (CIAC),G66028978,DESARROLLO DE UNA HERRAMIENTA BASADA EN GEMELO DIGITAL E INTELIGENCIA ARTIFICIAL PARA LA OPTIMIZACIÓN DE PROCESOS SUPPLY CHAIN,50.53,lista_espera_sin_concesion,,,general,"Transporte, distribución, almacenaje o servicios logísticos identificados en el título del proyecto.",,"[{""url"": ""https://www.mintur.gob.es/PortalAyudas/AgrupacionesEmpresariales/Concesion/2025/Documents/Listado Propuesta Resolución Definitiva.pdf"", ""label"": ""Anexo: título y entidad"", ""pagina"": 13}]"
sector:2025 RETOS:AEI-010700-2025-7,2025 RETOS,AEI-010700-2025-7,Transporte y distribución,ASOCIACIÓN LOGÍSTICA INNOVADORA DE ARAGÓN (ALIA),G99299299,SMART-BAYS: Ciudad Inteligente con Gestión Flexible y Conectada en Zonas de Carga y Descarga Urbanas,54.49,concedida_segun_listado,609652.0,,general,"Transporte, distribución, almacenaje o servicios logísticos identificados en el título del proyecto.",,"[{""url"": ""https://www.mintur.gob.es/PortalAyudas/AgrupacionesEmpresariales/Concesion/2025 RETOS/Documents/Listado Propuesta Resolucion Definitiva RETOS.pdf"", ""label"": ""Anexo: título y entidad"", ""pagina"": 1}, {""url"": ""https://www.mintur.gob.es/PortalAyudas/AgrupacionesEmpresariales/Concesion/Retos-2025/Documents/Listado_Ayudas_Concedidas_Beneficiario.pdf"", ""label"": ""Fuente del estado e importe"", ""pagina"": ""2""}]"
