{"type":"FeatureCollection","name":"Spain NUTS3 2021 10M","source":"Eurostat GISCO NUTS 2021 10M EPSG:4326","features":[{"type":"Feature","properties":{"nuts_id":"ES111","name":"A Coruña"},"geometry":{"type":"MultiPolygon","coordinates":[[[[-7.882384527999932,43.74087450700006],[-7.860300595999945,43.69046735900008],[-7.699736499999972,43.735114999000075],[-7.696182674999932,43.66244577100008],[-7.722561593999956,43.594939784000076],[-7.771190609999962,43.47049382900008],[-7.879640561999963,43.38877605700003],[-7.935825273999967,43.27880378900005],[-7.952255882999964,43.17360398000005],[-7.94486776399998,43.13208489700003],[-7.915850137999939,42.96901428000007],[-7.999684499999944,42.848857999000074],[-8.018432541999971,42.84789746800004],[-8.31206156099995,42.83285378000005],[-8.367068625999934,42.794224953000025],[-8.42587838999998,42.75292567200006],[-8.576294089999976,42.744552773000066],[-8.726749499999926,42.688251499000046],[-9.034252652999953,42.54027199800004],[-9.061485818999927,42.612931536000076],[-8.953905755999926,42.77460577000005],[-9.098206017999928,42.763744032000034],[-9.10968408499997,42.794224953000025],[-9.129895308999949,42.84789746800004],[-9.14998289099998,42.90124164000008],[-9.283097588999965,42.94573944000007],[-9.26457139699994,43.04811206100004],[-9.189345809999963,43.106920641000045],[-9.183060756999964,43.13208489700003],[-9.17290458499997,43.172748444000035],[-8.967922233999957,43.226072663000025],[-8.972185577999937,43.278517097000076],[-8.86088340599997,43.32087046600003],[-8.680136655999945,43.298083579000036],[-8.44358720799994,43.36718817000008],[-8.36826419099998,43.35378988900004],[-8.311080613999934,43.39087381400003],[-8.22519239099995,43.34837045800003],[-8.225997768999946,43.40752599000007],[-8.304764140999964,43.47049382900008],[-8.273802710999973,43.55019682100004],[-8.204576484999961,43.594939784000076],[-8.028116858999965,43.70899087400005],[-7.91708700199996,43.75055696900006],[-7.882384527999932,43.74087450700006]]]]}},{"type":"Feature","properties":{"nuts_id":"ES112","name":"Lugo"},"geometry":{"type":"MultiPolygon","coordinates":[[[[-7.031837,43.54447149900005],[-7.067308959999934,43.47049382900008],[-7.165456672999937,43.42270852300004],[-7.171714382999937,43.39629699000005],[-6.953756390999956,43.145437823000066],[-6.842214974999933,43.160104251000064],[-6.841934812999966,43.13208489700003],[-6.974315154999942,43.02366094800004],[-6.867907125999977,42.97604611000003],[-6.824167,42.915012499000056],[-6.852857472999972,42.84789746800004],[-6.875801511999953,42.794224953000025],[-7.023176965999937,42.69463983300005],[-7.076834,42.50812399900008],[-7.204010322999977,42.34778257700003],[-7.318335632999947,42.42688092800006],[-7.62248896899996,42.39669878800004],[-7.878974078999931,42.51096202700006],[-7.930711,42.57857449900007],[-7.876845295999942,42.71643706300006],[-7.961382388999937,42.76460831600008],[-7.964057332999971,42.794224953000025],[-7.999684499999944,42.848857999000074],[-7.915850137999939,42.96901428000007],[-7.94486776399998,43.13208489700003],[-7.952255882999964,43.17360398000005],[-7.935825273999967,43.27880378900005],[-7.879640561999963,43.38877605700003],[-7.771190609999962,43.47049382900008],[-7.722561593999956,43.594939784000076],[-7.696182674999932,43.66244577100008],[-7.699736499999972,43.735114999000075],[-7.632739641999933,43.73759499400006],[-7.59977009499994,43.68438403300007],[-7.546840825999936,43.72450319200004],[-7.485769355999935,43.722294831000056],[-7.361608604999958,43.66826746800007],[-7.277472450999937,43.594939784000076],[-7.257143164999945,43.57722208000007],[-7.031837,43.54447149900005]]]]}},{"type":"Feature","properties":{"nuts_id":"ES113","name":"Ourense"},"geometry":{"type":"MultiPolygon","coordinates":[[[[-7.076834,42.50812399900008],[-6.930140756999947,42.51612045100006],[-6.837462193999954,42.488009530000056],[-6.82280045899995,42.42347732200005],[-6.824230593999971,42.39279452000005],[-6.736634391999928,42.34172601300003],[-6.784308,42.25360849900005],[-6.929296490999945,42.17606181800005],[-7.01977427199995,42.07514170700006],[-6.969817621999937,42.03658676100008],[-6.985800499999925,41.97144699900008],[-7.047392017999925,41.951298293000036],[-7.161363489999928,41.98076959000008],[-7.200464499999953,41.87974949900007],[-7.41815835999995,41.81814535600006],[-7.469249973999979,41.862783284000045],[-7.599167315999978,41.83485791700008],[-7.615720051999972,41.87496645200008],[-7.70714714099995,41.90291998500004],[-7.879458988999943,41.86042159500005],[-7.898434957999939,41.91935412200007],[-8.05186249999997,41.820613999000045],[-8.165075499999944,41.81830199900003],[-8.207400547999953,41.919494119000035],[-8.089048979999973,42.03924105800007],[-8.113085182999953,42.07302032700005],[-8.179484595999952,42.07893803500008],[-8.199000499999954,42.15441899900003],[-8.177619061999962,42.22697997800003],[-8.25567243699993,42.25368053400007],[-8.332031279999967,42.42347732200005],[-8.33540269599996,42.47725112400008],[-8.182415209999931,42.56038717500007],[-8.027148976999968,42.549014157000045],[-7.930711,42.57857449900007],[-7.878974078999931,42.51096202700006],[-7.62248896899996,42.39669878800004],[-7.318335632999947,42.42688092800006],[-7.204010322999977,42.34778257700003],[-7.076834,42.50812399900008]]]]}},{"type":"Feature","properties":{"nuts_id":"ES114","name":"Pontevedra"},"geometry":{"type":"MultiPolygon","coordinates":[[[[-7.930711,42.57857449900007],[-8.027148976999968,42.549014157000045],[-8.182415209999931,42.56038717500007],[-8.33540269599996,42.47725112400008],[-8.332031279999967,42.42347732200005],[-8.25567243699993,42.25368053400007],[-8.177619061999962,42.22697997800003],[-8.199000499999954,42.15441899900003],[-8.35404047999998,42.084017233000054],[-8.625571070999968,42.045391635000044],[-8.863186,41.87206649900003],[-8.874611572999981,42.08763636700007],[-8.737726640999938,42.24650467200007],[-8.824269995999941,42.29003434700007],[-8.753685804999975,42.392044860000055],[-8.836251669999967,42.409685624000076],[-8.88778864699998,42.45932107600004],[-8.839610323999977,42.49581794900007],[-8.726749499999926,42.688251499000046],[-8.576294089999976,42.744552773000066],[-8.42587838999998,42.75292567200006],[-8.367068625999934,42.794224953000025],[-8.31206156099995,42.83285378000005],[-8.018432541999971,42.84789746800004],[-7.999684499999944,42.848857999000074],[-7.964057332999971,42.794224953000025],[-7.961382388999937,42.76460831600008],[-7.876845295999942,42.71643706300006],[-7.930711,42.57857449900007]]]]}},{"type":"Feature","properties":{"nuts_id":"ES120","name":"Asturias"},"geometry":{"type":"MultiPolygon","coordinates":[[[[-4.512301,43.393203999000036],[-4.529115414999978,43.28908279800004],[-4.694243582999945,43.26376668900008],[-4.742135808999933,43.194733893000034],[-4.841038499999968,43.180709499000045],[-4.914093555999955,43.23170752100003],[-5.069588252999949,43.17493273800005],[-5.096223219999956,43.13208489700003],[-5.110331603999953,43.10938865000003],[-5.321921522999958,43.07953342900004],[-5.368130398999938,43.087228131000074],[-5.521549805999939,43.02051886100003],[-5.700453529999947,43.05023814500004],[-5.771543428999962,42.97612589200003],[-5.81918315799993,42.967201732000035],[-5.986733037999954,43.05904620200005],[-6.073875149999935,43.06790694000006],[-6.116994467999973,43.028295910000054],[-6.197640521999972,43.044595651000066],[-6.239838150999958,43.01882292800008],[-6.366649646999974,43.05093637600004],[-6.45644886599996,42.93704180700007],[-6.691875180999943,42.90124164000008],[-6.760325998999974,42.89083264800007],[-6.787808404999964,42.90124164000008],[-6.824167,42.915012499000056],[-6.867907125999977,42.97604611000003],[-6.974315154999942,43.02366094800004],[-6.841934812999966,43.13208489700003],[-6.842214974999933,43.160104251000064],[-6.953756390999956,43.145437823000066],[-7.171714382999937,43.39629699000005],[-7.165456672999937,43.42270852300004],[-7.067308959999934,43.47049382900008],[-7.031837,43.54447149900005],[-6.926625574999946,43.572146641000074],[-6.369490862999953,43.552054987000076],[-6.241407392999974,43.58549957400004],[-6.113092697999946,43.55828090800003],[-5.952943715999936,43.58539577500005],[-5.936572265999928,43.594939784000076],[-5.845036087999972,43.64830231900004],[-5.750049739999952,43.594939784000076],[-5.668140148999953,43.54892366100006],[-5.321921522999958,43.53480379900003],[-5.209864108999966,43.47806958800004],[-5.14759423199996,43.47049382900008],[-4.512301,43.393203999000036]]]]}},{"type":"Feature","properties":{"nuts_id":"ES130","name":"Cantabria"},"geometry":{"type":"MultiPolygon","coordinates":[[[[-3.578222535999942,43.50203963000007],[-3.407758926999975,43.42063779600005],[-3.259040690999939,43.39797524900007],[-3.153338,43.35322199900003],[-3.169745021999972,43.32118328800004],[-3.184065686999929,43.29321870000007],[-3.322591772999942,43.29561512400005],[-3.435233366999967,43.23636577900004],[-3.417681499999958,43.133369499000025],[-3.651664456999924,43.17066518000007],[-3.698511398999926,43.13208489700003],[-3.744950069999959,43.09384084100003],[-3.832487023999931,43.07126868000006],[-3.947173153999927,42.99752829100004],[-3.98149609099994,42.93429438100003],[-3.940780558999961,42.91252181200008],[-3.854874479999978,42.93968420300007],[-3.846811295999942,42.91846217500006],[-3.868661328999963,42.90124164000008],[-3.851313240999957,42.84789746800004],[-3.838703729999963,42.80912409300004],[-3.898374393999973,42.794224953000025],[-3.99967,42.76893249900007],[-3.99709437599995,42.794224953000025],[-3.996784894999962,42.79726403800004],[-4.00139498599998,42.825008687000036],[-4.007421378999936,42.82978617200007],[-4.017698512999971,42.821881218000044],[-4.017945220999934,42.808722180000075],[-4.03042353799998,42.80044393600008],[-4.031126917999927,42.794224953000025],[-4.04593,42.76656699900008],[-4.081359,42.76141749900006],[-4.08407914299994,42.794224953000025],[-4.087387469999953,42.834126447000074],[-4.151487756999927,42.80230534700007],[-4.152701814999944,42.84789746800004],[-4.21302708099995,42.87477096400005],[-4.267729083999939,42.95565245200004],[-4.415551075999929,43.03273351800004],[-4.737023,43.02092349900005],[-4.754713034999952,43.06283367900005],[-4.838509701999953,43.114095184000064],[-4.839192622999974,43.13208489700003],[-4.841038499999968,43.180709499000045],[-4.742135808999933,43.194733893000034],[-4.694243582999945,43.26376668900008],[-4.529115414999978,43.28908279800004],[-4.512301,43.393203999000036],[-4.190436973999965,43.403573626000025],[-3.835623310999949,43.477359275000026],[-3.781243218999975,43.43631231200004],[-3.578222535999942,43.50203963000007]]],[[[-3.248821822999957,43.259959123000044],[-3.266286569999977,43.20562239900005],[-3.296993781999959,43.20665939200006],[-3.305097699999976,43.25246936800005],[-3.248821822999957,43.259959123000044]]]]}},{"type":"Feature","properties":{"nuts_id":"ES211","name":"Araba/Álava"},"geometry":{"type":"MultiPolygon","coordinates":[[[[-2.546387,43.08800899900007],[-2.575743177999925,42.97881975300004],[-2.401407821999953,42.95374975400006],[-2.250807,42.89569099900007],[-2.244867408999937,42.84789746800004],[-2.27305488199994,42.794224953000025],[-2.307136329999935,42.72932956000005],[-2.311177654999938,42.66263920700004],[-2.422297569999955,42.648368712000035],[-2.467587176999928,42.607876314000066],[-2.458516962999965,42.58254819000007],[-2.408495685999981,42.57740415300003],[-2.420719,42.489269499000045],[-2.649965243999929,42.49254687500007],[-2.686849011999925,42.525459099000045],[-2.69829083999997,42.59852508700004],[-2.75565045999997,42.614366],[-2.821319992999975,42.56500172700004],[-2.858117499999935,42.63816849900007],[-2.944500308999977,42.710430055000074],[-3.126460812999937,42.77028764900007],[-3.129305736999925,42.794224953000025],[-3.135684660999971,42.84789746800004],[-3.169745021999972,42.85284881900003],[-3.235171726999965,42.86235989100004],[-3.230801991999954,42.920098970000026],[-3.200961182999947,42.93744891400007],[-3.169745021999972,42.93307001000005],[-3.030264771999953,42.91350416200004],[-3.00385100699998,42.939832144000036],[-3.036989499999947,42.982185499000025],[-3.003804316999947,42.985563970000044],[-2.989667451999935,43.00453702200008],[-3.026366457999927,43.02130432700005],[-3.030851694999967,43.04447428800006],[-3.050170510999976,43.043190707000065],[-3.089023499999939,43.00158299900005],[-3.14860312299993,43.03353203000006],[-3.163698651999937,43.13208489700003],[-3.141396,43.16148349900004],[-3.07264040299998,43.15186453100006],[-2.981760402999953,43.19538054700007],[-2.943867936999936,43.15043755600004],[-2.948600777999957,43.13208489700003],[-2.959130174999927,43.091254793000076],[-2.811187066999935,43.03587489200004],[-2.647614447999956,43.024552683000024],[-2.638786226999969,43.079149769000026],[-2.546387,43.08800899900007]],[[-2.855136030999972,42.74197265600003],[-2.824354351999943,42.70893582600007],[-2.783822205999968,42.69900706200008],[-2.767327910999938,42.666295140000045],[-2.717181755999945,42.66287260200005],[-2.65828498299993,42.67210735100008],[-2.63830020499995,42.65012343400008],[-2.584767499999941,42.65150581800003],[-2.55026509399994,42.63884597500004],[-2.518797056999972,42.64766709500003],[-2.524151045999929,42.684170100000074],[-2.57914987099997,42.67057891700006],[-2.607102569999938,42.69598771900007],[-2.564163483999948,42.73944409100005],[-2.602863787999979,42.770225045000075],[-2.643467764999968,42.76503799500006],[-2.731610286999967,42.79336916600005],[-2.769511301999955,42.794224953000025],[-2.835023421999949,42.794224953000025],[-2.855136030999972,42.74197265600003]]]]}},{"type":"Feature","properties":{"nuts_id":"ES212","name":"Gipuzkoa"},"geometry":{"type":"MultiPolygon","coordinates":[[[[-1.785978,43.350478999000075],[-1.728903,43.29608899900006],[-1.83124377799993,43.24162014700005],[-1.902053270999943,43.20393319800007],[-1.91529866999997,43.13208489700003],[-2.012658124999973,43.06291771100007],[-2.074175451999963,42.97801533900008],[-2.250807,42.89569099900007],[-2.401407821999953,42.95374975400006],[-2.575743177999925,42.97881975300004],[-2.546387,43.08800899900007],[-2.50525347599995,43.108525936000035],[-2.501394767999955,43.13208489700003],[-2.488097227999958,43.213271716000065],[-2.432907175999958,43.25519136200006],[-2.412847,43.321082999000055],[-2.16570222699994,43.292508877000046],[-2.033772690999967,43.32532458000003],[-1.83124377799993,43.37570093200003],[-1.785978,43.350478999000075]]]]}},{"type":"Feature","properties":{"nuts_id":"ES213","name":"Bizkaia"},"geometry":{"type":"MultiPolygon","coordinates":[[[[-2.760994614999959,43.44755801200006],[-2.412847,43.321082999000055],[-2.432907175999958,43.25519136200006],[-2.488097227999958,43.213271716000065],[-2.501394767999955,43.13208489700003],[-2.50525347599995,43.108525936000035],[-2.546387,43.08800899900007],[-2.638786226999969,43.079149769000026],[-2.647614447999956,43.024552683000024],[-2.811187066999935,43.03587489200004],[-2.959130174999927,43.091254793000076],[-2.948600777999957,43.13208489700003],[-2.943867936999936,43.15043755600004],[-2.981760402999953,43.19538054700007],[-3.07264040299998,43.15186453100006],[-3.141396,43.16148349900004],[-3.169745021999972,43.16842803800006],[-3.263994546999925,43.191515940000045],[-3.417681499999958,43.133369499000025],[-3.435233366999967,43.23636577900004],[-3.322591772999942,43.29561512400005],[-3.184065686999929,43.29321870000007],[-3.169745021999972,43.32118328800004],[-3.153338,43.35322199900003],[-3.027387641999951,43.33253922200004],[-3.024604557999965,43.37595582100005],[-2.943529309999974,43.42865578300007],[-2.760994614999959,43.44755801200006]],[[-3.296993781999959,43.20665939200006],[-3.266286569999977,43.20562239900005],[-3.248821822999957,43.259959123000044],[-3.305097699999976,43.25246936800005],[-3.296993781999959,43.20665939200006]]],[[[-3.003804316999947,42.985563970000044],[-3.036989499999947,42.982185499000025],[-3.089023499999939,43.00158299900005],[-3.050170510999976,43.043190707000065],[-3.030851694999967,43.04447428800006],[-3.026366457999927,43.02130432700005],[-2.989667451999935,43.00453702200008],[-3.003804316999947,42.985563970000044]]]]}},{"type":"Feature","properties":{"nuts_id":"ES220","name":"Navarra"},"geometry":{"type":"MultiPolygon","coordinates":[[[[-1.659892420999938,43.30757035200003],[-1.593553206999957,43.26529863400003],[-1.513168235999956,43.285972351000055],[-1.402209483999968,43.251775354000074],[-1.391984372999957,43.195134600000074],[-1.426591750999933,43.13208489700003],[-1.452908457999968,43.08413961200006],[-1.419700386999978,43.04685997400003],[-1.364356098999963,43.042374848000065],[-1.30726257699996,43.09421942400007],[-1.225530000999925,43.04077651000006],[-0.949236423999935,42.962197081000056],[-0.771132779999959,42.957885463000025],[-0.724501,42.92015849900008],[-0.807957710999972,42.894921787000044],[-0.869556091999925,42.794224953000025],[-0.901080499999978,42.74269099900005],[-1.152889933999973,42.625477955000065],[-1.273206055999935,42.52041769500005],[-1.324110201999929,42.408159373000046],[-1.403492641999946,42.23309820000003],[-1.389085652999938,42.134800281000025],[-1.320931899999948,42.04796433900003],[-1.406793413999935,41.932181607000075],[-1.532667658999969,41.91552899200008],[-1.847183499999971,42.00798799900008],[-1.894540839999934,42.035632881000026],[-1.887125700999945,42.08710064500008],[-1.83124377799993,42.13768547300003],[-1.703920958999959,42.167789277000054],[-1.723679940999943,42.20172800600005],[-1.83124377799993,42.243635846000075],[-1.988938101999963,42.35809873900007],[-2.033772690999967,42.35502057800005],[-2.066410657999938,42.35277978800008],[-2.125314712999966,42.408159373000046],[-2.420719,42.489269499000045],[-2.408495685999981,42.57740415300003],[-2.458516962999965,42.58254819000007],[-2.467587176999928,42.607876314000066],[-2.422297569999955,42.648368712000035],[-2.311177654999938,42.66263920700004],[-2.307136329999935,42.72932956000005],[-2.27305488199994,42.794224953000025],[-2.244867408999937,42.84789746800004],[-2.250807,42.89569099900007],[-2.074175451999963,42.97801533900008],[-2.012658124999973,43.06291771100007],[-1.91529866999997,43.13208489700003],[-1.902053270999943,43.20393319800007],[-1.83124377799993,43.24162014700005],[-1.728903,43.29608899900006],[-1.659892420999938,43.30757035200003]]],[[[-1.067989240999964,42.467068066000024],[-1.055673976999969,42.43266797300004],[-1.132539249999979,42.446012522000046],[-1.102913303999969,42.485182948000045],[-1.067989240999964,42.467068066000024]]],[[[-1.145726688999957,42.40049030500006],[-1.185934216999954,42.39351294700003],[-1.203773674999979,42.43111374100005],[-1.136146160999942,42.43675671500006],[-1.145726688999957,42.40049030500006]]]]}},{"type":"Feature","properties":{"nuts_id":"ES230","name":"La Rioja"},"geometry":{"type":"MultiPolygon","coordinates":[[[[-2.420719,42.489269499000045],[-2.125314712999966,42.408159373000046],[-2.066410657999938,42.35277978800008],[-2.033772690999967,42.35502057800005],[-1.988938101999963,42.35809873900007],[-1.83124377799993,42.243635846000075],[-1.723679940999943,42.20172800600005],[-1.703920958999959,42.167789277000054],[-1.83124377799993,42.13768547300003],[-1.887125700999945,42.08710064500008],[-1.894540839999934,42.035632881000026],[-1.847183499999971,42.00798799900008],[-1.85653949999994,41.96638849900006],[-1.964772996999955,41.92378793300003],[-2.033772690999967,41.94274063300003],[-2.095094936999942,41.959584506000056],[-2.144996104999962,42.09557418300005],[-2.260459019999928,42.09664639600004],[-2.324418090999927,42.142236437000065],[-2.506201491999946,42.10701733600007],[-2.58778297899994,42.00242268900007],[-2.742171806999977,42.01631467400006],[-2.716830680999976,42.09050833100008],[-2.75075333999996,42.12179137800007],[-2.82002624699993,42.03800741200007],[-2.913637499999936,42.022838499000045],[-2.946504571999981,42.07573554500004],[-3.039005730999975,42.103457398000046],[-3.112154431999954,42.19471880300006],[-3.103523166999935,42.31770660600006],[-3.073646741999937,42.367857109000056],[-3.106650569999942,42.408159373000046],[-3.08333100699997,42.46028191500005],[-3.09817948999995,42.55135044100007],[-3.054947737999953,42.61879335500004],[-2.858117499999935,42.63816849900007],[-2.821319992999975,42.56500172700004],[-2.75565045999997,42.614366],[-2.69829083999997,42.59852508700004],[-2.686849011999925,42.525459099000045],[-2.649965243999929,42.49254687500007],[-2.420719,42.489269499000045]]]]}},{"type":"Feature","properties":{"nuts_id":"ES241","name":"Huesca"},"geometry":{"type":"MultiPolygon","coordinates":[[[[-0.724501,42.92015849900008],[-0.554150424999932,42.796603608000055],[-0.403966428999979,42.80581566600006],[-0.313342,42.849364999000045],[-0.215683252999952,42.794224953000025],[-0.029766836999954,42.68925289300006],[0.096919667000066,42.71573849600003],[0.178117930000042,42.73271414000004],[0.294804129000056,42.68353444600007],[0.360403452000071,42.71691233000007],[0.477755500000058,42.70001999900006],[0.660127,42.69095249900005],[0.751991763000035,42.599298188000034],[0.705659573000048,42.461445662000074],[0.729312383000035,42.408159373000046],[0.741314193000051,42.38112106700004],[0.735980385000062,42.274774860000036],[0.654069283000069,42.014385118000064],[0.562457637000023,41.937987433000046],[0.599594843000034,41.91336484400006],[0.596491049000065,41.873829691000026],[0.334365626000022,41.67950897800006],[0.357960114000036,41.60707034600006],[0.421793214000047,41.59523399100004],[0.440043192000076,41.55234632500003],[0.355454368000039,41.480609704000074],[0.335948500000029,41.40743249900004],[0.240227071000049,41.41380819700004],[0.094033313000068,41.36485205400004],[-0.039673239999956,41.38695682800005],[-0.170464146999961,41.56710681000004],[-0.439224163999938,41.70277467400007],[-0.625092717999962,41.91598852200008],[-0.821269540999936,41.999424684000076],[-0.824758669999937,42.053237918000036],[-0.761437422999961,42.134173969000074],[-0.745192067999938,42.287826335000034],[-0.768470572999945,42.33128061300005],[-0.853762119999942,42.30804488500007],[-0.862757993999935,42.408159373000046],[-0.885685450999972,42.461445662000074],[-0.917050672999949,42.534342380000055],[-0.901080499999978,42.74269099900005],[-0.869556091999925,42.794224953000025],[-0.807957710999972,42.894921787000044],[-0.724501,42.92015849900008]]],[[[-0.875561953999977,42.246426874000065],[-0.940094984999973,42.244625719000055],[-0.908553391999931,42.288146045000076],[-0.874023942999941,42.28337585400004],[-0.875561953999977,42.246426874000065]]]]}},{"type":"Feature","properties":{"nuts_id":"ES242","name":"Teruel"},"geometry":{"type":"MultiPolygon","coordinates":[[[[0.220409500000073,41.07142999900003],[0.283333817000027,40.97919727100003],[0.253819485000065,40.897812927000075],[0.267379174000041,40.82361324200008],[0.170789500000069,40.73283699900003],[0.096919667000066,40.713400988000046],[0.045327617000055,40.699826521000034],[-0.176295458999959,40.78374965200004],[-0.254896386999974,40.68446896100005],[-0.360651688999951,40.668375808000064],[-0.361104828999942,40.61731087000004],[-0.294709730999955,40.593769344000066],[-0.283635540999967,40.47809536600005],[-0.335501977999968,40.44008854000003],[-0.290418249999959,40.37193051400004],[-0.414237939999964,40.25161970100004],[-0.543266604999928,40.239183353000044],[-0.640016551999963,40.07141679000006],[-0.754865029999962,40.03780675400003],[-0.829167367999958,39.97488571100007],[-0.837717435999934,39.93001079000004],[-0.797643,39.88107649900007],[-0.886939721999966,39.86005322800003],[-0.915043381999965,39.94085153700007],[-0.986498228999949,39.97711560000005],[-1.142361499999936,39.97185549900007],[-1.165154,40.01010899900007],[-1.095876785999963,40.03643225400003],[-1.091022542999951,40.07139459200005],[-1.147578584999962,40.10983945100003],[-1.237764234999929,40.121555889000035],[-1.29350132299993,40.188496480000026],[-1.349606727999969,40.13501966800004],[-1.448831499999926,40.145358499000054],[-1.449491188999957,40.18935700800006],[-1.551962713999956,40.20242383500005],[-1.673135198999944,40.298554738000064],[-1.705943638999941,40.298206221000044],[-1.806344,40.39824699900004],[-1.702076603999956,40.48853928200003],[-1.673135198999944,40.59067096700005],[-1.577425293999966,40.57607528300008],[-1.54165686999994,40.66325296000008],[-1.545281880999937,40.80248240100008],[-1.611853854999936,40.87888938400005],[-1.617433499999947,40.943740999000056],[-1.468533214999979,40.959239049000075],[-1.393723152999939,41.06675106700004],[-1.286805664999974,41.05517909200006],[-1.236105321999958,41.12284998800004],[-1.099468098999978,41.15801388300008],[-0.958078289999946,41.08193035700003],[-0.878558760999965,41.11746963400003],[-0.805235469999957,41.10569318800003],[-0.758460913999954,41.15864021800007],[-0.688191632999974,41.12301084400008],[-0.623369859999968,41.183792383000025],[-0.623989191999954,41.29699683300004],[-0.541165154999931,41.35087051600004],[-0.236466865999944,41.19778814400007],[-0.035878411999931,41.13056919600007],[0.033560432000058,41.05904451500004],[0.096919667000066,41.06324434800007],[0.220409500000073,41.07142999900003]],[[-0.506047682999963,41.25692014800006],[-0.548059408999961,41.30489565400006],[-0.57316194699996,41.298005216000035],[-0.530720938999934,41.22358986300003],[-0.506047682999963,41.25692014800006]]]]}},{"type":"Feature","properties":{"nuts_id":"ES243","name":"Zaragoza"},"geometry":{"type":"MultiPolygon","coordinates":[[[[-0.917050672999949,42.534342380000055],[-0.885685450999972,42.461445662000074],[-0.862757993999935,42.408159373000046],[-0.853762119999942,42.30804488500007],[-0.768470572999945,42.33128061300005],[-0.745192067999938,42.287826335000034],[-0.761437422999961,42.134173969000074],[-0.824758669999937,42.053237918000036],[-0.821269540999936,41.999424684000076],[-0.625092717999962,41.91598852200008],[-0.439224163999938,41.70277467400007],[-0.170464146999961,41.56710681000004],[-0.039673239999956,41.38695682800005],[0.094033313000068,41.36485205400004],[0.240227071000049,41.41380819700004],[0.335948500000029,41.40743249900004],[0.385724,41.27883949900007],[0.296683844000029,41.17055509100004],[0.222802166000065,41.12744076300004],[0.220409500000073,41.07142999900003],[0.096919667000066,41.06324434800007],[0.033560432000058,41.05904451500004],[-0.035878411999931,41.13056919600007],[-0.236466865999944,41.19778814400007],[-0.541165154999931,41.35087051600004],[-0.623989191999954,41.29699683300004],[-0.623369859999968,41.183792383000025],[-0.688191632999974,41.12301084400008],[-0.758460913999954,41.15864021800007],[-0.805235469999957,41.10569318800003],[-0.878558760999965,41.11746963400003],[-0.958078289999946,41.08193035700003],[-1.099468098999978,41.15801388300008],[-1.236105321999958,41.12284998800004],[-1.286805664999974,41.05517909200006],[-1.393723152999939,41.06675106700004],[-1.468533214999979,40.959239049000075],[-1.617433499999947,40.943740999000056],[-1.673135198999944,40.98359033700007],[-1.83124377799993,41.08325064500008],[-1.960103538999931,41.16447459600005],[-2.033772690999967,41.15030438200006],[-2.05169,41.146857999000076],[-2.145191410999928,41.19660070700007],[-2.166164956999978,41.32902079300004],[-2.101058531999968,41.43673489300005],[-2.033772690999967,41.396757569000044],[-1.966536352999981,41.423590165000064],[-1.974694366999927,41.592886632000045],[-1.83124377799993,41.68307591000007],[-1.796847998999965,41.70470099000005],[-1.83124377799993,41.855492068000046],[-1.85653949999994,41.96638849900006],[-1.847183499999971,42.00798799900008],[-1.532667658999969,41.91552899200008],[-1.406793413999935,41.932181607000075],[-1.320931899999948,42.04796433900003],[-1.389085652999938,42.134800281000025],[-1.403492641999946,42.23309820000003],[-1.324110201999929,42.408159373000046],[-1.273206055999935,42.52041769500005],[-1.152889933999973,42.625477955000065],[-0.901080499999978,42.74269099900005],[-0.917050672999949,42.534342380000055]],[[-1.132539249999979,42.446012522000046],[-1.055673976999969,42.43266797300004],[-1.067989240999964,42.467068066000024],[-1.102913303999969,42.485182948000045],[-1.132539249999979,42.446012522000046]],[[-0.908553391999931,42.288146045000076],[-0.940094984999973,42.244625719000055],[-0.875561953999977,42.246426874000065],[-0.874023942999941,42.28337585400004],[-0.908553391999931,42.288146045000076]],[[-1.145726688999957,42.40049030500006],[-1.136146160999942,42.43675671500006],[-1.203773674999979,42.43111374100005],[-1.185934216999954,42.39351294700003],[-1.145726688999957,42.40049030500006]]],[[[-0.506047682999963,41.25692014800006],[-0.530720938999934,41.22358986300003],[-0.57316194699996,41.298005216000035],[-0.548059408999961,41.30489565400006],[-0.506047682999963,41.25692014800006]]]]}},{"type":"Feature","properties":{"nuts_id":"ES300","name":"Madrid"},"geometry":{"type":"MultiPolygon","coordinates":[[[[-3.138111248999962,40.403500104000045],[-3.169745021999972,40.30661235900004],[-3.187255193999931,40.25298230300007],[-3.169745021999972,40.257260408000036],[-3.107173358999944,40.27254799200006],[-3.067689,40.15788499900003],[-3.068321737999952,40.092920424000056],[-3.161419499999965,40.06489699900004],[-3.345206631999929,40.06992192600006],[-3.508417521999945,40.03477135400004],[-3.823351116999959,39.89999625300004],[-3.849342362999948,39.931323672000076],[-3.653235797999969,40.03890391600004],[-3.631850223999948,40.10813524400004],[-4.186378373999958,40.27953609000008],[-4.309692993999931,40.23568527600003],[-4.376271233999944,40.29891064700007],[-4.461863387999927,40.23596895900005],[-4.579076,40.21719599900007],[-4.538196761999927,40.33062455400005],[-4.461767588999976,40.324819854000054],[-4.424583759999962,40.39859601200004],[-4.33878842799993,40.42213621500008],[-4.315034407999974,40.546901486000024],[-4.270498086999964,40.597833311000045],[-4.17341645099998,40.62321266600003],[-4.160293499999966,40.68985349900004],[-4.073987056999954,40.78390535700004],[-3.979122892999953,40.79492890100005],[-3.899346782999942,40.95828377500004],[-3.785034388999975,41.00384617900005],[-3.613856312999928,41.14586711800007],[-3.539573,41.16499349900005],[-3.438655234999942,41.08001800900007],[-3.403359141999942,40.99939290900005],[-3.478471070999944,40.82446215200008],[-3.456018835999942,40.69112975200005],[-3.377510832999974,40.669532727000046],[-3.281718098999931,40.55043397500003],[-3.20738008099994,40.51285716700005],[-3.19285948199996,40.45053807000005],[-3.169745021999972,40.43067885100004],[-3.138111248999962,40.403500104000045]]],[[[-4.269151407999971,40.65533171200008],[-4.319344,40.64759949900008],[-4.323343312999953,40.65742294100005],[-4.31468216199994,40.66719943600003],[-4.288231245999953,40.68060574300006],[-4.274165,40.67708949900003],[-4.269151407999971,40.65533171200008]]]]}},{"type":"Feature","properties":{"nuts_id":"ES411","name":"Ávila"},"geometry":{"type":"MultiPolygon","coordinates":[[[[-4.722127499999942,41.14932999900003],[-4.704617817999974,41.06483457600007],[-4.574360774999946,40.95305867500008],[-4.537255792999929,40.83445332600007],[-4.495740232999935,40.82233581400004],[-4.438465597999937,40.738341234000075],[-4.415941887999963,40.64277843000008],[-4.319344,40.64759949900008],[-4.269151407999971,40.65533171200008],[-4.274165,40.67708949900003],[-4.160293499999966,40.68985349900004],[-4.17341645099998,40.62321266600003],[-4.270498086999964,40.597833311000045],[-4.315034407999974,40.546901486000024],[-4.33878842799993,40.42213621500008],[-4.424583759999962,40.39859601200004],[-4.461767588999976,40.324819854000054],[-4.538196761999927,40.33062455400005],[-4.579076,40.21719599900007],[-4.658202871999947,40.20749432100007],[-4.705168906999972,40.273625380000055],[-4.793787165999959,40.267587063000065],[-4.971656955999947,40.12301925500003],[-5.036954880999929,40.15338093300005],[-5.169031867999934,40.08845855100003],[-5.336016499999971,40.115855999000075],[-5.368863457999964,40.25469468400007],[-5.534302071999946,40.19881997900006],[-5.73760249999998,40.29416299900004],[-5.689020891999974,40.347188981000045],[-5.664220145999934,40.43217187600004],[-5.590428269999961,40.464488765000056],[-5.511451638999972,40.448547215000076],[-5.444573910999964,40.540288876000034],[-5.47425489099993,40.58142000300006],[-5.174566728999935,40.81316895400005],[-5.10385688599996,40.982134090000045],[-5.13908181599993,41.063710644000025],[-5.124957,41.13205699900004],[-5.007413229999941,41.15773438600007],[-4.846752996999953,41.101868771000056],[-4.722127499999942,41.14932999900003]]]]}},{"type":"Feature","properties":{"nuts_id":"ES412","name":"Burgos"},"geometry":{"type":"MultiPolygon","coordinates":[[[[-3.141396,43.16148349900004],[-3.163698651999937,43.13208489700003],[-3.14860312299993,43.03353203000006],[-3.089023499999939,43.00158299900005],[-3.036989499999947,42.982185499000025],[-3.00385100699998,42.939832144000036],[-3.030264771999953,42.91350416200004],[-3.169745021999972,42.93307001000005],[-3.200961182999947,42.93744891400007],[-3.230801991999954,42.920098970000026],[-3.235171726999965,42.86235989100004],[-3.169745021999972,42.85284881900003],[-3.135684660999971,42.84789746800004],[-3.129305736999925,42.794224953000025],[-3.126460812999937,42.77028764900007],[-2.944500308999977,42.710430055000074],[-2.858117499999935,42.63816849900007],[-3.054947737999953,42.61879335500004],[-3.09817948999995,42.55135044100007],[-3.08333100699997,42.46028191500005],[-3.106650569999942,42.408159373000046],[-3.073646741999937,42.367857109000056],[-3.103523166999935,42.31770660600006],[-3.112154431999954,42.19471880300006],[-3.039005730999975,42.103457398000046],[-2.946504571999981,42.07573554500004],[-2.913637499999936,42.022838499000045],[-3.013397153999961,41.90534335900003],[-3.169745021999972,41.81093984600005],[-3.275594779999949,41.85643946500005],[-3.286718958999927,41.76979780400006],[-3.454320983999935,41.602334358000064],[-3.520729353999968,41.60446501800004],[-3.541596,41.57760249900008],[-3.671226108999974,41.55788408900003],[-3.752846975999944,41.464399393000065],[-3.779716419999943,41.51717618500004],[-3.822053432999951,41.48715465400005],[-3.980689499999926,41.58336649900008],[-4.056209455999976,41.72454281300003],[-4.040900499999964,41.76834449900008],[-4.062876917999972,41.85955164200004],[-3.959326303999944,41.95957658800006],[-4.002934335999953,41.97889835700005],[-4.006966871999964,42.03530886100003],[-4.074218793999933,42.065815781000026],[-4.082935666999958,42.156640733000074],[-4.150419377999981,42.13387313700008],[-4.193687744999977,42.156489699000076],[-4.316096011999946,42.41184327600007],[-4.269813734999957,42.47820721100004],[-4.284415376999959,42.57391474700006],[-4.256483318999926,42.669775446000074],[-4.177933004999943,42.73122182100008],[-4.081359,42.76141749900006],[-4.04593,42.76656699900008],[-3.99967,42.76893249900007],[-3.898374393999973,42.794224953000025],[-3.838703729999963,42.80912409300004],[-3.851313240999957,42.84789746800004],[-3.868661328999963,42.90124164000008],[-3.846811295999942,42.91846217500006],[-3.854874479999978,42.93968420300007],[-3.940780558999961,42.91252181200008],[-3.98149609099994,42.93429438100003],[-3.947173153999927,42.99752829100004],[-3.832487023999931,43.07126868000006],[-3.744950069999959,43.09384084100003],[-3.698511398999926,43.13208489700003],[-3.651664456999924,43.17066518000007],[-3.417681499999958,43.133369499000025],[-3.263994546999925,43.191515940000045],[-3.169745021999972,43.16842803800006],[-3.141396,43.16148349900004]]],[[[-2.731610286999967,42.79336916600005],[-2.643467764999968,42.76503799500006],[-2.602863787999979,42.770225045000075],[-2.564163483999948,42.73944409100005],[-2.607102569999938,42.69598771900007],[-2.57914987099997,42.67057891700006],[-2.524151045999929,42.684170100000074],[-2.518797056999972,42.64766709500003],[-2.55026509399994,42.63884597500004],[-2.584767499999941,42.65150581800003],[-2.63830020499995,42.65012343400008],[-2.65828498299993,42.67210735100008],[-2.717181755999945,42.66287260200005],[-2.767327910999938,42.666295140000045],[-2.783822205999968,42.69900706200008],[-2.824354351999943,42.70893582600007],[-2.855136030999972,42.74197265600003],[-2.835023421999949,42.794224953000025],[-2.769511301999955,42.794224953000025],[-2.731610286999967,42.79336916600005]]]]}},{"type":"Feature","properties":{"nuts_id":"ES413","name":"León"},"geometry":{"type":"MultiPolygon","coordinates":[[[[-4.841038499999968,43.180709499000045],[-4.839192622999974,43.13208489700003],[-4.838509701999953,43.114095184000064],[-4.754713034999952,43.06283367900005],[-4.737023,43.02092349900005],[-4.891269851999937,42.84789746800004],[-4.910028410999928,42.794224953000025],[-4.92527440799995,42.75060267500004],[-4.882430772999953,42.70214466400006],[-4.905951516999949,42.42347732200005],[-4.975516714999969,42.35617805000004],[-4.961609697999961,42.302876275000074],[-5.002154499999961,42.289104499000075],[-5.135752977999971,42.29607464900005],[-5.283499691999964,42.21944698500005],[-5.313249843999927,42.22499127400005],[-5.304553251999948,42.27042987500005],[-5.333398424999928,42.27012587000007],[-5.376507223999965,42.196381882000026],[-5.376311499999929,42.041457999000045],[-5.421605499999941,42.03066649900006],[-5.471112707999964,42.048421346000055],[-5.520905499999969,42.09712999900006],[-5.572155729999963,42.06465837800005],[-5.657806386999937,42.12701782400006],[-6.203713899999968,42.15163447700007],[-6.34618566599994,42.19970849400005],[-6.693793980999942,42.21345256300003],[-6.784308,42.25360849900005],[-6.736634391999928,42.34172601300003],[-6.824230593999971,42.39279452000005],[-6.82280045899995,42.42347732200005],[-6.837462193999954,42.488009530000056],[-6.930140756999947,42.51612045100006],[-7.076834,42.50812399900008],[-7.023176965999937,42.69463983300005],[-6.875801511999953,42.794224953000025],[-6.852857472999972,42.84789746800004],[-6.824167,42.915012499000056],[-6.787808404999964,42.90124164000008],[-6.760325998999974,42.89083264800007],[-6.691875180999943,42.90124164000008],[-6.45644886599996,42.93704180700007],[-6.366649646999974,43.05093637600004],[-6.239838150999958,43.01882292800008],[-6.197640521999972,43.044595651000066],[-6.116994467999973,43.028295910000054],[-6.073875149999935,43.06790694000006],[-5.986733037999954,43.05904620200005],[-5.81918315799993,42.967201732000035],[-5.771543428999962,42.97612589200003],[-5.700453529999947,43.05023814500004],[-5.521549805999939,43.02051886100003],[-5.368130398999938,43.087228131000074],[-5.321921522999958,43.07953342900004],[-5.110331603999953,43.10938865000003],[-5.096223219999956,43.13208489700003],[-5.069588252999949,43.17493273800005],[-4.914093555999955,43.23170752100003],[-4.841038499999968,43.180709499000045]]]]}},{"type":"Feature","properties":{"nuts_id":"ES414","name":"Palencia"},"geometry":{"type":"MultiPolygon","coordinates":[[[[-4.152701814999944,42.84789746800004],[-4.151487756999927,42.80230534700007],[-4.087387469999953,42.834126447000074],[-4.08407914299994,42.794224953000025],[-4.081359,42.76141749900006],[-4.177933004999943,42.73122182100008],[-4.256483318999926,42.669775446000074],[-4.284415376999959,42.57391474700006],[-4.269813734999957,42.47820721100004],[-4.316096011999946,42.41184327600007],[-4.193687744999977,42.156489699000076],[-4.150419377999981,42.13387313700008],[-4.082935666999958,42.156640733000074],[-4.074218793999933,42.065815781000026],[-4.006966871999964,42.03530886100003],[-4.002934335999953,41.97889835700005],[-3.959326303999944,41.95957658800006],[-4.062876917999972,41.85955164200004],[-4.040900499999964,41.76834449900008],[-4.237648977999925,41.80286518200006],[-4.320914741999957,41.76890341100005],[-4.465616562999969,41.76436907100003],[-4.49276281899995,41.77991889800006],[-4.482851647999951,41.832029016000035],[-4.575147947999938,41.82304045200004],[-4.658957328999975,41.89299001900008],[-4.78093486399996,41.824719026000025],[-4.874106641999958,41.92078462400008],[-4.985925913999949,41.92225813700003],[-4.993373579999968,41.962399203000075],[-4.913479177999932,42.085198958000035],[-4.934374903999981,42.14230859000003],[-5.017953704999968,42.15941628300004],[-5.002154499999961,42.289104499000075],[-4.961609697999961,42.302876275000074],[-4.975516714999969,42.35617805000004],[-4.905951516999949,42.42347732200005],[-4.882430772999953,42.70214466400006],[-4.92527440799995,42.75060267500004],[-4.910028410999928,42.794224953000025],[-4.891269851999937,42.84789746800004],[-4.737023,43.02092349900005],[-4.415551075999929,43.03273351800004],[-4.267729083999939,42.95565245200004],[-4.21302708099995,42.87477096400005],[-4.152701814999944,42.84789746800004]]],[[[-3.99967,42.76893249900007],[-4.04593,42.76656699900008],[-4.031126917999927,42.794224953000025],[-4.03042353799998,42.80044393600008],[-4.017945220999934,42.808722180000075],[-4.017698512999971,42.821881218000044],[-4.007421378999936,42.82978617200007],[-4.00139498599998,42.825008687000036],[-3.996784894999962,42.79726403800004],[-3.99709437599995,42.794224953000025],[-3.99967,42.76893249900007]]]]}},{"type":"Feature","properties":{"nuts_id":"ES415","name":"Salamanca"},"geometry":{"type":"MultiPolygon","coordinates":[[[[-5.288771,41.182006999000066],[-5.244283892999931,41.18911232000005],[-5.124957,41.13205699900004],[-5.13908181599993,41.063710644000025],[-5.10385688599996,40.982134090000045],[-5.174566728999935,40.81316895400005],[-5.47425489099993,40.58142000300006],[-5.444573910999964,40.540288876000034],[-5.511451638999972,40.448547215000076],[-5.590428269999961,40.464488765000056],[-5.664220145999934,40.43217187600004],[-5.689020891999974,40.347188981000045],[-5.73760249999998,40.29416299900004],[-5.784205345999965,40.29200411800008],[-5.810971715999926,40.345860051000045],[-5.924994045999938,40.28829320300008],[-5.979711592999934,40.29834755400003],[-6.221562156999937,40.48250615000006],[-6.535129532999974,40.34071722300007],[-6.592859293999936,40.272623950000025],[-6.771738337999977,40.242175530000054],[-6.865144,40.27069449900006],[-6.789064908999933,40.35151035900003],[-6.842867229999968,40.44280312800004],[-6.801222655999936,40.51945884000003],[-6.837674772999947,40.58011168200005],[-6.800733905999948,40.66183584400005],[-6.825928633999979,40.74960548300004],[-6.808208407999928,40.85961229600008],[-6.929903499999966,41.02946649900008],[-6.809455260999925,41.047512622000056],[-6.689786,41.20524149900007],[-6.479713,41.29437999900006],[-6.352454451999961,41.27783072900007],[-6.147429227999964,41.197905330000026],[-6.032567631999939,41.20253960000008],[-6.010978075999958,41.16225353400006],[-5.949464252999974,41.15099254200004],[-5.889072828999929,41.23271740100006],[-5.658382130999939,41.23658268200006],[-5.418137636999973,41.18062936500007],[-5.323945510999977,41.12359845700007],[-5.288771,41.182006999000066]]]]}},{"type":"Feature","properties":{"nuts_id":"ES416","name":"Segovia"},"geometry":{"type":"MultiPolygon","coordinates":[[[[-3.541596,41.57760249900008],[-3.351573956999971,41.45286278400005],[-3.328876276999949,41.37958419700004],[-3.207373,41.30424499900005],[-3.265663660999962,41.261672635000025],[-3.386132703999976,41.25380888500007],[-3.539573,41.16499349900005],[-3.613856312999928,41.14586711800007],[-3.785034388999975,41.00384617900005],[-3.899346782999942,40.95828377500004],[-3.979122892999953,40.79492890100005],[-4.073987056999954,40.78390535700004],[-4.160293499999966,40.68985349900004],[-4.274165,40.67708949900003],[-4.288231245999953,40.68060574300006],[-4.31468216199994,40.66719943600003],[-4.323343312999953,40.65742294100005],[-4.319344,40.64759949900008],[-4.415941887999963,40.64277843000008],[-4.438465597999937,40.738341234000075],[-4.495740232999935,40.82233581400004],[-4.537255792999929,40.83445332600007],[-4.574360774999946,40.95305867500008],[-4.704617817999974,41.06483457600007],[-4.722127499999942,41.14932999900003],[-4.63823741799996,41.178732625000066],[-4.586615239999958,41.311520106000046],[-4.477066665999928,41.30354307700003],[-4.493581796999933,41.40334595000007],[-4.407205671999975,41.44019030100003],[-4.114629257999979,41.48248149900007],[-4.006316812999955,41.52232567800007],[-3.980689499999926,41.58336649900008],[-3.822053432999951,41.48715465400005],[-3.779716419999943,41.51717618500004],[-3.752846975999944,41.464399393000065],[-3.671226108999974,41.55788408900003],[-3.541596,41.57760249900008]]]]}},{"type":"Feature","properties":{"nuts_id":"ES417","name":"Soria"},"geometry":{"type":"MultiPolygon","coordinates":[[[[-1.85653949999994,41.96638849900006],[-1.83124377799993,41.855492068000046],[-1.796847998999965,41.70470099000005],[-1.83124377799993,41.68307591000007],[-1.974694366999927,41.592886632000045],[-1.966536352999981,41.423590165000064],[-2.033772690999967,41.396757569000044],[-2.101058531999968,41.43673489300005],[-2.166164956999978,41.32902079300004],[-2.145191410999928,41.19660070700007],[-2.05169,41.146857999000076],[-2.068500711999945,41.08431749500005],[-2.131128823999973,41.10946024800006],[-2.294043491999957,41.062372151000034],[-2.424839452999947,41.063554914000065],[-2.521831581999948,41.139510260000066],[-2.577348977999975,41.14962729400003],[-2.600121730999945,41.21768844200005],[-2.727682749999929,41.27109545900004],[-2.840756798999962,41.26860574800003],[-2.896598093999955,41.32206903300005],[-3.061043107999978,41.27792342200007],[-3.169745021999972,41.29747654100004],[-3.207373,41.30424499900005],[-3.328876276999949,41.37958419700004],[-3.351573956999971,41.45286278400005],[-3.541596,41.57760249900008],[-3.520729353999968,41.60446501800004],[-3.454320983999935,41.602334358000064],[-3.286718958999927,41.76979780400006],[-3.275594779999949,41.85643946500005],[-3.169745021999972,41.81093984600005],[-3.013397153999961,41.90534335900003],[-2.913637499999936,42.022838499000045],[-2.82002624699993,42.03800741200007],[-2.75075333999996,42.12179137800007],[-2.716830680999976,42.09050833100008],[-2.742171806999977,42.01631467400006],[-2.58778297899994,42.00242268900007],[-2.506201491999946,42.10701733600007],[-2.324418090999927,42.142236437000065],[-2.260459019999928,42.09664639600004],[-2.144996104999962,42.09557418300005],[-2.095094936999942,41.959584506000056],[-2.033772690999967,41.94274063300003],[-1.964772996999955,41.92378793300003],[-1.85653949999994,41.96638849900006]]]]}},{"type":"Feature","properties":{"nuts_id":"ES418","name":"Valladolid"},"geometry":{"type":"MultiPolygon","coordinates":[[[[-5.002154499999961,42.289104499000075],[-5.017953704999968,42.15941628300004],[-4.934374903999981,42.14230859000003],[-4.913479177999932,42.085198958000035],[-4.993373579999968,41.962399203000075],[-4.985925913999949,41.92225813700003],[-4.874106641999958,41.92078462400008],[-4.78093486399996,41.824719026000025],[-4.658957328999975,41.89299001900008],[-4.575147947999938,41.82304045200004],[-4.482851647999951,41.832029016000035],[-4.49276281899995,41.77991889800006],[-4.465616562999969,41.76436907100003],[-4.320914741999957,41.76890341100005],[-4.237648977999925,41.80286518200006],[-4.040900499999964,41.76834449900008],[-4.056209455999976,41.72454281300003],[-3.980689499999926,41.58336649900008],[-4.006316812999955,41.52232567800007],[-4.114629257999979,41.48248149900007],[-4.407205671999975,41.44019030100003],[-4.493581796999933,41.40334595000007],[-4.477066665999928,41.30354307700003],[-4.586615239999958,41.311520106000046],[-4.63823741799996,41.178732625000066],[-4.722127499999942,41.14932999900003],[-4.846752996999953,41.101868771000056],[-5.007413229999941,41.15773438600007],[-5.124957,41.13205699900004],[-5.244283892999931,41.18911232000005],[-5.288771,41.182006999000066],[-5.329953190999959,41.18984848800005],[-5.297223219999978,41.26116546700007],[-5.334327397999971,41.45528793100004],[-5.241723728999943,41.53017616400007],[-5.380623669999977,41.74000096200007],[-5.289570541999979,41.81862177600004],[-5.318433677999963,41.83744147400006],[-5.30063734099997,41.990286111000046],[-5.376311499999929,42.041457999000045],[-5.376507223999965,42.196381882000026],[-5.333398424999928,42.27012587000007],[-5.304553251999948,42.27042987500005],[-5.313249843999927,42.22499127400005],[-5.283499691999964,42.21944698500005],[-5.135752977999971,42.29607464900005],[-5.002154499999961,42.289104499000075]]],[[[-5.421605499999941,42.03066649900006],[-5.440063497999972,41.97894749000005],[-5.468831092999949,41.98173706800003],[-5.520905499999969,42.09712999900006],[-5.471112707999964,42.048421346000055],[-5.421605499999941,42.03066649900006]]]]}},{"type":"Feature","properties":{"nuts_id":"ES419","name":"Zamora"},"geometry":{"type":"MultiPolygon","coordinates":[[[[-5.520905499999969,42.09712999900006],[-5.468831092999949,41.98173706800003],[-5.440063497999972,41.97894749000005],[-5.421605499999941,42.03066649900006],[-5.376311499999929,42.041457999000045],[-5.30063734099997,41.990286111000046],[-5.318433677999963,41.83744147400006],[-5.289570541999979,41.81862177600004],[-5.380623669999977,41.74000096200007],[-5.241723728999943,41.53017616400007],[-5.334327397999971,41.45528793100004],[-5.297223219999978,41.26116546700007],[-5.329953190999959,41.18984848800005],[-5.288771,41.182006999000066],[-5.323945510999977,41.12359845700007],[-5.418137636999973,41.18062936500007],[-5.658382130999939,41.23658268200006],[-5.889072828999929,41.23271740100006],[-5.949464252999974,41.15099254200004],[-6.010978075999958,41.16225353400006],[-6.032567631999939,41.20253960000008],[-6.147429227999964,41.197905330000026],[-6.352454451999961,41.27783072900007],[-6.479713,41.29437999900006],[-6.325209154999925,41.39405207400006],[-6.203923432999943,41.58575411600003],[-6.324108014999979,41.668111933000034],[-6.53390660499997,41.67859255900004],[-6.56054607599998,41.74638258400006],[-6.52360959799995,41.859701726000026],[-6.560461093999947,41.88793664000008],[-6.576678270999935,41.95480028900005],[-6.716546029999961,41.938021363000075],[-6.796026691999941,41.98685588500007],[-6.834534969999936,41.94867252300003],[-6.903809023999941,41.94168457100005],[-6.985800499999925,41.97144699900008],[-6.969817621999937,42.03658676100008],[-7.01977427199995,42.07514170700006],[-6.929296490999945,42.17606181800005],[-6.784308,42.25360849900005],[-6.693793980999942,42.21345256300003],[-6.34618566599994,42.19970849400005],[-6.203713899999968,42.15163447700007],[-5.657806386999937,42.12701782400006],[-5.572155729999963,42.06465837800005],[-5.520905499999969,42.09712999900006]]]]}},{"type":"Feature","properties":{"nuts_id":"ES531","name":"Eivissa y Formentera"},"geometry":{"type":"MultiPolygon","coordinates":[[[[1.540132756000048,39.11482520200008],[1.55618830700007,39.09303638700004],[1.591930683000044,39.095315852000056],[1.587375206000047,39.06246250800007],[1.60534384500005,39.02868691000003],[1.577481522000028,38.99070496100006],[1.532647198000063,38.98171737600006],[1.525533969000037,38.94627307300004],[1.456357063000041,38.90342702200007],[1.422612834000063,38.90486696200003],[1.404105204000075,38.87748282800004],[1.40393163400006,38.835602927000025],[1.372042548000024,38.83474932200005],[1.344354381000073,38.87085030900005],[1.302816005000068,38.86367340900006],[1.273208907000026,38.87931327800004],[1.248942494000062,38.85845646000007],[1.215451208000047,38.899389333000045],[1.236156394000034,38.938121324000065],[1.217374134000067,38.958348371000056],[1.289417659000037,38.97302822700004],[1.292857568000045,39.028386725000075],[1.363114362000033,39.07328290000004],[1.380705188000036,39.065689417000044],[1.425147367000022,39.091017038000075],[1.540132756000048,39.11482520200008]]],[[[1.470169919000057,38.72221247900006],[1.490324158000021,38.67984068100003],[1.45112679600004,38.68492009100004],[1.388412514000038,38.64362906400004],[1.382878396000024,38.68840172800003],[1.383296552000047,38.718603889000065],[1.437230352000029,38.751129967000054],[1.470169919000057,38.72221247900006]]],[[[1.591185516000053,38.68139935200003],[1.570246936000046,38.64387394600004],[1.516326345000039,38.66775655400005],[1.558623772000033,38.69565490000008],[1.591185516000053,38.68139935200003]]]]}},{"type":"Feature","properties":{"nuts_id":"ES532","name":"Mallorca"},"geometry":{"type":"MultiPolygon","coordinates":[[[[3.195384601000058,39.75763643300007],[3.253081991000045,39.73520893700004],[3.357099578000032,39.777946738000026],[3.446306001000039,39.74305564600007],[3.455705210000076,39.68508558600007],[3.300497992000032,39.49724070000008],[3.240778797000075,39.37651623900007],[3.195384601000058,39.34763953300006],[3.052592080000068,39.27279341600007],[2.952980784000033,39.352128020000066],[2.773952124000061,39.38429363000006],[2.734670453000035,39.507133837000026],[2.691555093000034,39.54369105600006],[2.595498259000067,39.53975752500003],[2.505293761000075,39.47682995200006],[2.38453155000002,39.54170516100004],[2.364748194000072,39.578906809000046],[2.753852477000066,39.83851478100007],[2.943721310000058,39.91023607600005],[3.09966270700005,39.92050656600003],[3.106973525000058,39.87540287300004],[3.152690831000029,39.85612578700005],[3.142350316000034,39.79338875700006],[3.195384601000058,39.75763643300007]]],[[[2.966831772000035,39.17102371000004],[2.96141942600002,39.12094464000006],[2.911674775000051,39.12360901000005],[2.919114656000033,39.15773025100003],[2.966831772000035,39.17102371000004]]],[[[3.188681446000032,39.93441993300007],[3.154041087000053,39.91607160800004],[3.114583755000069,39.93201329900006],[3.186471350000033,39.97157805400008],[3.188681446000032,39.93441993300007]]]]}},{"type":"Feature","properties":{"nuts_id":"ES533","name":"Menorca"},"geometry":{"type":"MultiPolygon","coordinates":[[[[4.287461062000034,39.82237188500005],[4.245931434000056,39.816098357000044],[4.033672599000056,39.916328702000044],[3.835782041000073,39.92952437100007],[3.802725845000055,40.02082802700005],[3.84662576300002,40.05271266300008],[4.033672599000056,40.06324063300008],[4.151818510000055,40.06132118900007],[4.260940277000032,39.988596065000024],[4.312050576000047,39.86573461900008],[4.287461062000034,39.82237188500005]]]]}},{"type":"Feature","properties":{"nuts_id":"ES611","name":"Almería"},"geometry":{"type":"MultiPolygon","coordinates":[[[[-1.630033,37.37518299900006],[-1.673135198999944,37.355314118000024],[-1.710603809999952,37.303483732000075],[-1.799974642999928,37.22382899000007],[-1.821363691999977,37.17865759400007],[-1.83124377799993,37.15236684400003],[-1.908228609999981,36.947511451000025],[-2.033772690999967,36.830280437000056],[-2.135532265999927,36.735259007000025],[-2.196241056999952,36.73127246200005],[-2.353431566999973,36.83774222200003],[-2.551756911999973,36.81644303300004],[-2.635893990999932,36.71404656900006],[-2.711592353999947,36.68378908400007],[-2.853527183999972,36.703275992000044],[-2.92159050999993,36.743885875000046],[-3.128691,36.75088799900004],[-3.126519457999962,36.79166781300006],[-3.040798019999954,36.84373493700008],[-3.059001603999945,36.90109118000004],[-2.986265273999948,36.981645739000044],[-3.015147611999964,37.09077268900006],[-2.953864062999969,37.10371105400003],[-2.889985757999966,37.17865759400007],[-2.839815537999925,37.270386872000074],[-2.668088411999975,37.22129346200006],[-2.617806959999939,37.406374296000024],[-2.368888450999975,37.52748354400006],[-2.369036441999981,37.60751974200008],[-2.322645351999938,37.63182279700004],[-2.285924102999957,37.76564250200005],[-2.288881673999924,37.86726415600003],[-2.207631499999934,37.91658799900006],[-2.005507621999925,37.859081401000026],[-1.992394899999965,37.66410683500004],[-1.83124377799993,37.46014268500005],[-1.630033,37.37518299900006]]]]}},{"type":"Feature","properties":{"nuts_id":"ES612","name":"Cádiz"},"geometry":{"type":"MultiPolygon","coordinates":[[[[-5.142423,37.00389099900008],[-5.102732983999942,36.91921243500008],[-5.133786360999977,36.853618210000036],[-5.179821258999937,36.83456040100003],[-5.304759463999972,36.855229301000065],[-5.342815478999967,36.67373720200004],[-5.559073747999946,36.53097420300003],[-5.533767090999959,36.50998276200005],[-5.428195459999927,36.51790818000006],[-5.320057861999942,36.356540178000046],[-5.252405,36.31127549900003],[-5.339225,36.15203499900008],[-5.35152249999993,36.15256899900004],[-5.416576125999939,36.16112714800005],[-5.455865616999972,36.06941690800005],[-5.599331082999981,36.01867338900007],[-5.795494785999949,36.087938818000055],[-5.914766370999928,36.17521807500003],[-6.035528747999933,36.19625847800006],[-6.224753458999942,36.41752351500003],[-6.21004430399995,36.49931332600005],[-6.241040126999962,36.56891685000005],[-6.372584980999932,36.63125141000006],[-6.419551052999964,36.69035542300003],[-6.420870333999972,36.74344539400005],[-6.345561,36.798766999000065],[-6.331072499999948,36.89883799900008],[-5.904985966999959,36.84886731100005],[-5.848696557999972,36.904935359000035],[-5.723110909999946,36.923067057000026],[-5.672265548999974,36.96665690900005],[-5.552048144999958,36.92596481500004],[-5.483265819999929,36.97781050800006],[-5.499066156999959,37.03072829800004],[-5.462867788999972,37.044935621000036],[-5.427896398999962,37.029448857000034],[-5.451748239999972,36.97020899000006],[-5.429746127999977,36.942068490000054],[-5.310249398999929,37.025967112000046],[-5.235140391999948,36.95153542800006],[-5.142423,37.00389099900008]]]]}},{"type":"Feature","properties":{"nuts_id":"ES613","name":"Córdoba"},"geometry":{"type":"MultiPolygon","coordinates":[[[[-4.447063639999953,38.405227757000034],[-4.268895,38.34721299900008],[-4.220184441999947,38.31126020700003],[-4.168173627999977,38.157196043000056],[-4.274146350999956,38.006537657000024],[-4.282758900999966,37.81180813800006],[-4.222686139999951,37.779601324000055],[-4.227704585999959,37.72469809200004],[-4.175262328999963,37.68922113900004],[-4.213876415999948,37.62555368000005],[-4.073814517999949,37.50539117200003],[-4.000835,37.40211499900005],[-4.089524022999967,37.397592700000075],[-4.21945054899993,37.342602742000054],[-4.26573061199997,37.228940581000074],[-4.327640499999973,37.184356499000046],[-4.399024150999935,37.272220858000026],[-4.536415784999974,37.21580107400007],[-4.653374499999927,37.25585549900006],[-4.686991485999954,37.33244718900005],[-4.780184519999978,37.33366612200007],[-4.821670089999941,37.36328942000006],[-4.933781985999929,37.51972592100003],[-4.935220543999947,37.60361994700003],[-5.006949077999934,37.703045994000036],[-5.056015465999963,37.71065983700004],[-5.125678891999939,37.66565848300007],[-5.18783029399998,37.671821582000064],[-5.34506543699996,37.59691432600005],[-5.375502235999932,37.60603297400007],[-5.404808990999925,37.67701450100003],[-5.315975632999937,37.707192658000054],[-5.31318799099995,37.76279210300004],[-5.584845499999972,38.13175199900007],[-5.524622739999927,38.222161380000045],[-5.569217518999949,38.33639775000006],[-5.563892443999976,38.43018098500005],[-5.16330329799996,38.706006503000026],[-5.046996,38.729133499000056],[-4.982354166999926,38.69084824000004],[-4.88583162499998,38.68102996700003],[-4.842382101999931,38.61053931200007],[-4.653656547999958,38.53789681400008],[-4.447063639999953,38.405227757000034]]]]}},{"type":"Feature","properties":{"nuts_id":"ES614","name":"Granada"},"geometry":{"type":"MultiPolygon","coordinates":[[[[-2.341602,38.02601999900003],[-2.207631499999934,37.91658799900006],[-2.288881673999924,37.86726415600003],[-2.285924102999957,37.76564250200005],[-2.322645351999938,37.63182279700004],[-2.369036441999981,37.60751974200008],[-2.368888450999975,37.52748354400006],[-2.617806959999939,37.406374296000024],[-2.668088411999975,37.22129346200006],[-2.839815537999925,37.270386872000074],[-2.889985757999966,37.17865759400007],[-2.953864062999969,37.10371105400003],[-3.015147611999964,37.09077268900006],[-2.986265273999948,36.981645739000044],[-3.059001603999945,36.90109118000004],[-3.040798019999954,36.84373493700008],[-3.126519457999962,36.79166781300006],[-3.128691,36.75088799900004],[-3.169745021999972,36.74999513800003],[-3.288556484999958,36.747411174000035],[-3.436943153999948,36.69596247100003],[-3.618051948999948,36.743493786000045],[-3.777457499999969,36.737926499000025],[-3.781990567999969,36.80130556300003],[-3.821567479999942,36.84240656600008],[-4.038930060999974,36.905779804000076],[-4.255870239999979,37.01866346000003],[-4.327640499999973,37.184356499000046],[-4.26573061199997,37.228940581000074],[-4.21945054899993,37.342602742000054],[-4.089524022999967,37.397592700000075],[-4.000835,37.40211499900005],[-3.852324127999964,37.38865018700005],[-3.780036723999956,37.47556829500007],[-3.505066799999952,37.608040232000064],[-3.382049493999943,37.56761325100007],[-3.23757231899998,37.63923286700003],[-3.169745021999972,37.622711690000074],[-3.087487636999981,37.60267567400007],[-2.985748906999959,37.61085315200006],[-2.913344029999962,37.666853212000035],[-2.897234313999945,37.74730180300003],[-2.781590287999961,37.91142309300005],[-2.620760987999972,37.992689840000025],[-2.596821328999965,38.058699954000076],[-2.551274,38.08411799900006],[-2.341602,38.02601999900003]]]]}},{"type":"Feature","properties":{"nuts_id":"ES615","name":"Huelva"},"geometry":{"type":"MultiPolygon","coordinates":[[[[-6.180307499999969,37.94107799900007],[-6.137402096999949,37.89977718700004],[-6.139604648999978,37.80664836500006],[-6.201107362999949,37.797222429000044],[-6.226014950999968,37.75314258800006],[-6.325364569999977,37.76122873600008],[-6.464701068999943,37.719608246000064],[-6.528059389999953,37.644157122000024],[-6.40456973199997,37.606597830000055],[-6.318476713999928,37.44468469700007],[-6.372933131999957,37.339401172000066],[-6.341624890999981,37.29295792700003],[-6.347349082999926,37.17865759400007],[-6.379441498999938,37.06661042700006],[-6.370063483999957,36.93623881900004],[-6.331072499999948,36.89883799900008],[-6.345561,36.798766999000065],[-6.394146503999934,36.81340644900007],[-6.464158641999973,36.92168611900007],[-6.581393209999931,37.013121709000075],[-6.970827678999967,37.17865759400007],[-7.039782104999972,37.20525183400008],[-7.132970913999941,37.20735401700006],[-7.28722,37.199773004000065],[-7.350894990999961,37.17865759400007],[-7.368577788999971,37.17200939600008],[-7.40191649999997,37.17482749900006],[-7.451863551999963,37.42107718800003],[-7.51269149999996,37.526256499000056],[-7.500949831999947,37.603300337000064],[-7.418903330999967,37.74094063000007],[-7.297780774999978,37.853662916000076],[-7.250536002999979,37.97913890500007],[-7.103400731999955,38.036375029000055],[-7.013278902999957,38.02545081200003],[-6.931738499999938,38.20837799900005],[-6.806503081999949,38.173514827000076],[-6.806672281999965,38.12589282400006],[-6.752554203999978,38.09806049000008],[-6.620216007999943,38.08958153000003],[-6.570550632999925,38.02925536600003],[-6.477628158999948,38.01752858100008],[-6.391802089999942,38.05254212400007],[-6.311245314999951,37.98571074100005],[-6.180307499999969,37.94107799900007]]]]}},{"type":"Feature","properties":{"nuts_id":"ES616","name":"Jaén"},"geometry":{"type":"MultiPolygon","coordinates":[[[[-2.551274,38.08411799900006],[-2.596821328999965,38.058699954000076],[-2.620760987999972,37.992689840000025],[-2.781590287999961,37.91142309300005],[-2.897234313999945,37.74730180300003],[-2.913344029999962,37.666853212000035],[-2.985748906999959,37.61085315200006],[-3.087487636999981,37.60267567400007],[-3.169745021999972,37.622711690000074],[-3.23757231899998,37.63923286700003],[-3.382049493999943,37.56761325100007],[-3.505066799999952,37.608040232000064],[-3.780036723999956,37.47556829500007],[-3.852324127999964,37.38865018700005],[-4.000835,37.40211499900005],[-4.073814517999949,37.50539117200003],[-4.213876415999948,37.62555368000005],[-4.175262328999963,37.68922113900004],[-4.227704585999959,37.72469809200004],[-4.222686139999951,37.779601324000055],[-4.282758900999966,37.81180813800006],[-4.274146350999956,38.006537657000024],[-4.168173627999977,38.157196043000056],[-4.220184441999947,38.31126020700003],[-4.268895,38.34721299900008],[-4.248977986999932,38.396933656000044],[-3.935194769999953,38.36887701000006],[-3.764731294999933,38.41977557100006],[-3.614071716999945,38.39974228300008],[-3.565007901999934,38.445780823000064],[-3.453918563999935,38.40254038900008],[-3.341720601999953,38.47687711000003],[-3.169745021999972,38.446529801000054],[-3.146033810999938,38.44234565200003],[-3.06770989599994,38.468904757000075],[-3.010343042999978,38.428503060000025],[-2.95857256599993,38.46739411000004],[-2.859999334999941,38.46508147000003],[-2.762069,38.53277949900007],[-2.591616315999943,38.50331470800006],[-2.564454658999978,38.41786729700004],[-2.488049047999937,38.38608728600008],[-2.481872454999973,38.31392050300008],[-2.442331874999979,38.268321239000045],[-2.452324112999975,38.190988823000055],[-2.551274,38.08411799900006]]]]}},{"type":"Feature","properties":{"nuts_id":"ES617","name":"Málaga"},"geometry":{"type":"MultiPolygon","coordinates":[[[[-4.327640499999973,37.184356499000046],[-4.255870239999979,37.01866346000003],[-4.038930060999974,36.905779804000076],[-3.821567479999942,36.84240656600008],[-3.781990567999969,36.80130556300003],[-3.777457499999969,36.737926499000025],[-4.406735024999932,36.71398334700007],[-4.513240577999966,36.59931527300006],[-4.654088549999926,36.504126014000065],[-4.935394912999925,36.49613721500003],[-5.178451690999964,36.40837131700005],[-5.252405,36.31127549900003],[-5.320057861999942,36.356540178000046],[-5.428195459999927,36.51790818000006],[-5.533767090999959,36.50998276200005],[-5.559073747999946,36.53097420300003],[-5.342815478999967,36.67373720200004],[-5.304759463999972,36.855229301000065],[-5.179821258999937,36.83456040100003],[-5.133786360999977,36.853618210000036],[-5.102732983999942,36.91921243500008],[-5.142423,37.00389099900008],[-4.947738551999976,37.09572724800006],[-4.84618975099994,37.185921214000075],[-4.778898269999956,37.16739039400005],[-4.70484489599994,37.24233157500004],[-4.653374499999927,37.25585549900006],[-4.536415784999974,37.21580107400007],[-4.399024150999935,37.272220858000026],[-4.327640499999973,37.184356499000046]]]]}},{"type":"Feature","properties":{"nuts_id":"ES618","name":"Sevilla"},"geometry":{"type":"MultiPolygon","coordinates":[[[[-5.584845499999972,38.13175199900007],[-5.31318799099995,37.76279210300004],[-5.315975632999937,37.707192658000054],[-5.404808990999925,37.67701450100003],[-5.375502235999932,37.60603297400007],[-5.34506543699996,37.59691432600005],[-5.18783029399998,37.671821582000064],[-5.125678891999939,37.66565848300007],[-5.056015465999963,37.71065983700004],[-5.006949077999934,37.703045994000036],[-4.935220543999947,37.60361994700003],[-4.933781985999929,37.51972592100003],[-4.821670089999941,37.36328942000006],[-4.780184519999978,37.33366612200007],[-4.686991485999954,37.33244718900005],[-4.653374499999927,37.25585549900006],[-4.70484489599994,37.24233157500004],[-4.778898269999956,37.16739039400005],[-4.84618975099994,37.185921214000075],[-4.947738551999976,37.09572724800006],[-5.142423,37.00389099900008],[-5.235140391999948,36.95153542800006],[-5.310249398999929,37.025967112000046],[-5.429746127999977,36.942068490000054],[-5.451748239999972,36.97020899000006],[-5.427896398999962,37.029448857000034],[-5.462867788999972,37.044935621000036],[-5.499066156999959,37.03072829800004],[-5.483265819999929,36.97781050800006],[-5.552048144999958,36.92596481500004],[-5.672265548999974,36.96665690900005],[-5.723110909999946,36.923067057000026],[-5.848696557999972,36.904935359000035],[-5.904985966999959,36.84886731100005],[-6.331072499999948,36.89883799900008],[-6.370063483999957,36.93623881900004],[-6.379441498999938,37.06661042700006],[-6.347349082999926,37.17865759400007],[-6.341624890999981,37.29295792700003],[-6.372933131999957,37.339401172000066],[-6.318476713999928,37.44468469700007],[-6.40456973199997,37.606597830000055],[-6.528059389999953,37.644157122000024],[-6.464701068999943,37.719608246000064],[-6.325364569999977,37.76122873600008],[-6.226014950999968,37.75314258800006],[-6.201107362999949,37.797222429000044],[-6.139604648999978,37.80664836500006],[-6.137402096999949,37.89977718700004],[-6.180307499999969,37.94107799900007],[-6.096231705999969,37.98543794400007],[-5.95842687399994,38.00202727100003],[-5.914144273999966,38.11157929600006],[-5.848400003999927,38.16358143000008],[-5.706440019999945,38.18610574500008],[-5.692283429999975,38.16032176700003],[-5.735714175999931,38.11216326400006],[-5.713183228999981,38.08705022000004],[-5.584845499999972,38.13175199900007]]]]}},{"type":"Feature","properties":{"nuts_id":"ES620","name":"Murcia"},"geometry":{"type":"MultiPolygon","coordinates":[[[[-1.02687,38.65550949900006],[-1.007715855999948,38.568675203000055],[-1.082915199999945,38.38038400900007],[-1.072488668999938,38.34844923500003],[-0.99454906699998,38.31803699000005],[-0.974342392999972,38.27120954600008],[-1.029708552999978,38.14015206100004],[-1.024512297999934,38.089901101000066],[-0.902858969999954,37.92956845800006],[-0.762135499999943,37.84700799900003],[-0.851865884999938,37.72003876400004],[-0.814924231999953,37.67177765900004],[-0.714235362999943,37.62638981500004],[-0.72540629699995,37.60947167000006],[-0.91429222499994,37.56211814400007],[-1.061983399999974,37.579599028000075],[-1.146886482999946,37.544668616000024],[-1.219242859999952,37.573161380000045],[-1.328284168999971,37.55813612700007],[-1.496324858999969,37.43265787300004],[-1.630033,37.37518299900006],[-1.83124377799993,37.46014268500005],[-1.992394899999965,37.66410683500004],[-2.005507621999925,37.859081401000026],[-2.207631499999934,37.91658799900006],[-2.341602,38.02601999900003],[-2.208889541999952,38.200750010000036],[-2.052460027999928,38.29649289400004],[-2.033772690999967,38.29640302700005],[-1.92364904599998,38.29587344600003],[-1.83124377799993,38.336785519000045],[-1.740052405999961,38.37716014500006],[-1.673135198999944,38.321140412000034],[-1.588051542999949,38.31454503700007],[-1.488159608999979,38.374909596000066],[-1.491777475999925,38.54442815200008],[-1.398629850999953,38.689582846000064],[-1.331650188999959,38.686001470000065],[-1.172371185999964,38.75047212700008],[-1.02687,38.65550949900006]]]]}},{"type":"Feature","properties":{"nuts_id":"ES630","name":"Ceuta"},"geometry":{"type":"MultiPolygon","coordinates":[[[[-5.333478910999929,35.88552420900004],[-5.34337063199996,35.87087626600004],[-5.38193549999994,35.913023499000076],[-5.360519023999927,35.913459862000025],[-5.339488495999944,35.89863858800004],[-5.333478910999929,35.88552420900004]]]]}},{"type":"Feature","properties":{"nuts_id":"ES640","name":"Melilla"},"geometry":{"type":"MultiPolygon","coordinates":[[[[-2.92812349999997,35.27308149900006],[-2.95061235299994,35.269873475000054],[-2.970089,35.28942999900005],[-2.952486499999964,35.319768999000075],[-2.92812349999997,35.27308149900006]]]]}},{"type":"Feature","properties":{"nuts_id":"ES703","name":"El Hierro"},"geometry":{"type":"MultiPolygon","coordinates":[[[[-17.885259530999974,27.811492421000025],[-17.934415801999933,27.72869164900004],[-17.95760514699998,27.720484680000027],[-17.971964990999936,27.649214791000077],[-17.989589826999975,27.639643816000046],[-18.050497667999934,27.693284736000066],[-18.144416398999965,27.70457524300008],[-18.15838673299993,27.724938378000047],[-18.14948355799993,27.759561534000056],[-18.128299780999953,27.770854815000064],[-18.06811356399993,27.753646397000068],[-17.996318835999944,27.792105296000045],[-17.992205569999953,27.82087954600007],[-17.923809122999955,27.848074461000067],[-17.885259530999974,27.811492421000025]]]]}},{"type":"Feature","properties":{"nuts_id":"ES704","name":"Fuerteventura"},"geometry":{"type":"MultiPolygon","coordinates":[[[[-13.914463524999974,28.25751033100005],[-13.950420325999971,28.22762358600005],[-13.985104990999957,28.228004355000053],[-14.01126531999995,28.207883115000072],[-14.120759429999964,28.19080553400005],[-14.221765394999977,28.162389897000025],[-14.27491602899994,28.09689001600003],[-14.331439888999967,28.044256406000045],[-14.492004124999937,28.076549078000028],[-14.498771732999955,28.100246302000073],[-14.426645597999936,28.102643455000077],[-14.37145491299998,28.117310002000067],[-14.311583025999937,28.146554224000056],[-14.250186759999963,28.19135257000005],[-14.215935573999957,28.227698819000068],[-14.201157146999947,28.331006581000054],[-14.164230939999982,28.36852700700007],[-14.146009867999965,28.438790244000074],[-14.10113390999993,28.475748835000047],[-14.03347452099996,28.59642350200005],[-14.038346066999964,28.614946686000053],[-14.009332331999929,28.675891168000078],[-14.015582407999943,28.716009647000078],[-13.977540703999978,28.73436351400005],[-13.887494045999972,28.757746953000037],[-13.84247283999997,28.727120305000028],[-13.822402058999955,28.592108542000062],[-13.84287132999998,28.50485433500006],[-13.866535426999974,28.481088888000045],[-13.84988963099994,28.420669651000026],[-13.914463524999974,28.25751033100005]]]]}},{"type":"Feature","properties":{"nuts_id":"ES705","name":"Gran Canaria"},"geometry":{"type":"MultiPolygon","coordinates":[[[[-15.411651614999982,28.134045023000056],[-15.415210701999968,28.046575777000044],[-15.369615717999977,27.992234952000047],[-15.383072540999933,27.97277355500006],[-15.374529534999965,27.936838331000047],[-15.39376060099994,27.88966387100004],[-15.386484181999947,27.858252020000066],[-15.414794813999947,27.845516583000062],[-15.44205418599995,27.80042329500003],[-15.490529089999939,27.79274764200005],[-15.600247242999956,27.736036240000033],[-15.656941733999929,27.756928927000047],[-15.67283475399995,27.75032189500007],[-15.787567431999946,27.836057182000047],[-15.832903723999948,27.91224785600008],[-15.833461879999959,27.971474122000075],[-15.820769231999975,28.013648227000033],[-15.790150793999942,28.019356354000024],[-15.708911138999952,28.086415528000032],[-15.696788076999951,28.150533160000066],[-15.636384207999981,28.170266085000037],[-15.61296404899997,28.147366221000027],[-15.525398605999953,28.153601184000024],[-15.46787601099993,28.125784327000076],[-15.435803464999935,28.137503758000037],[-15.457010668999942,28.16166368100005],[-15.421865718999982,28.193238386000075],[-15.393157498999926,28.18511898500003],[-15.411651614999982,28.134045023000056]]]]}},{"type":"Feature","properties":{"nuts_id":"ES706","name":"La Gomera"},"geometry":{"type":"MultiPolygon","coordinates":[[[[-17.20094573199998,28.02348039000003],[-17.245540922999965,28.019940827000028],[-17.319864373999962,28.059525463000057],[-17.349077300999966,28.099762],[-17.347067610999943,28.147402285000055],[-17.31770230899997,28.204785868000045],[-17.260882884999944,28.217791894000072],[-17.242754911999953,28.20239901800005],[-17.195608644999936,28.19909129200005],[-17.183718193999937,28.181423641000038],[-17.11838769999997,28.15161633500003],[-17.09888884299994,28.094821817000025],[-17.20094573199998,28.02348039000003]]]]}},{"type":"Feature","properties":{"nuts_id":"ES707","name":"La Palma"},"geometry":{"type":"MultiPolygon","coordinates":[[[[-18.006741947999956,28.77526802500006],[-17.966305628999976,28.82651187600004],[-17.92054430199994,28.856684659000052],[-17.85715862799998,28.833280977000072],[-17.77799482599994,28.838795658000038],[-17.757799044999956,28.788211457000045],[-17.724535001999982,28.74114534100005],[-17.77023350999997,28.67603716600007],[-17.75025809899995,28.621169528000053],[-17.75943222199993,28.573763991000078],[-17.78715910799997,28.54221403500003],[-17.83377564999995,28.45764918800006],[-17.86655762299995,28.470869623000056],[-17.88005061599995,28.537220629000046],[-17.963479148999966,28.66763795600008],[-18.006741947999956,28.77526802500006]]]]}},{"type":"Feature","properties":{"nuts_id":"ES708","name":"Lanzarote"},"geometry":{"type":"MultiPolygon","coordinates":[[[[-13.464087048999943,29.127672619000066],[-13.464179823999928,29.031646281000064],[-13.53215415099993,28.968311941000024],[-13.72115297299996,28.909090352000078],[-13.783454303999974,28.85002987300004],[-13.868168992999927,28.864189054000065],[-13.808596446999957,29.035287655000047],[-13.604202358999942,29.13524514900007],[-13.55695045699997,29.116512753000052],[-13.537298626999927,29.127672619000066],[-13.503255208999974,29.28235988700004],[-13.425546435999934,29.194023383000058],[-13.464087048999943,29.127672619000066]]],[[[-13.472988427999951,29.40357056600004],[-13.502999518999957,29.37445169700004],[-13.547752837999951,29.39551439400003],[-13.50039333899997,29.428700070000048],[-13.472988427999951,29.40357056600004]]]]}},{"type":"Feature","properties":{"nuts_id":"ES709","name":"Tenerife"},"geometry":{"type":"MultiPolygon","coordinates":[[[[-16.92325905299998,28.351831864000076],[-16.829454219999946,28.39226503100008],[-16.80969461999996,28.37743663400005],[-16.750968286999978,28.37158033000003],[-16.673563718999958,28.400220357000023],[-16.602893947999974,28.394233902000053],[-16.554046211999946,28.41826360500005],[-16.523210614999982,28.417496580000034],[-16.430695769999943,28.48717412900004],[-16.42064192999993,28.51727978200006],[-16.384120979999977,28.54582828300005],[-16.335582193999926,28.557014932000072],[-16.32033271199998,28.577460978000033],[-16.22450446399995,28.565501063000056],[-16.158384785999942,28.587790618000042],[-16.120856095999955,28.55490584900008],[-16.127067910999926,28.532580565000046],[-16.235373247999974,28.485651096000026],[-16.250073403999977,28.45569864600003],[-16.360137373999976,28.378535794000072],[-16.36270361299995,28.30471479700003],[-16.424178430999973,28.205447624000044],[-16.42686853999993,28.151829101000033],[-16.46270705099994,28.12036093000006],[-16.540651019999927,28.03159925600005],[-16.597544321999976,28.028096892000065],[-16.644434672999978,28.004312818000074],[-16.707027060999962,28.01087133200008],[-16.71223449499996,28.046811268000056],[-16.735992972999952,28.054815064000024],[-16.738214076999952,28.087829885000076],[-16.772537417999956,28.114140534000057],[-16.835432241999968,28.207637025000054],[-16.838125846999958,28.257322181000063],[-16.881419733999962,28.313204031000055],[-16.92325905299998,28.351831864000076]]]]}},{"type":"Feature","properties":{"nuts_id":"ES421","name":"Albacete"},"geometry":{"type":"MultiPolygon","coordinates":[[[[-0.928884499999924,38.783839999000065],[-0.951693669999941,38.76723739500005],[-0.931450139999924,38.68541563800005],[-1.02687,38.65550949900006],[-1.172371185999964,38.75047212700008],[-1.331650188999959,38.686001470000065],[-1.398629850999953,38.689582846000064],[-1.491777475999925,38.54442815200008],[-1.488159608999979,38.374909596000066],[-1.588051542999949,38.31454503700007],[-1.673135198999944,38.321140412000034],[-1.740052405999961,38.37716014500006],[-1.83124377799993,38.336785519000045],[-1.92364904599998,38.29587344600003],[-2.033772690999967,38.29640302700005],[-2.052460027999928,38.29649289400004],[-2.208889541999952,38.200750010000036],[-2.341602,38.02601999900003],[-2.551274,38.08411799900006],[-2.452324112999975,38.190988823000055],[-2.442331874999979,38.268321239000045],[-2.481872454999973,38.31392050300008],[-2.488049047999937,38.38608728600008],[-2.564454658999978,38.41786729700004],[-2.591616315999943,38.50331470800006],[-2.762069,38.53277949900007],[-2.754442485999959,38.59733629500005],[-2.668171596999969,38.65973248800003],[-2.645654205999961,38.73329064700005],[-2.739553097999931,38.796347567000055],[-2.777818250999928,38.89051091500005],[-2.874846225999931,38.94222249500007],[-2.809997320999969,39.04404455500003],[-2.830719753999972,39.14269223200006],[-2.731155858999955,39.26386885200003],[-2.74224849999996,39.31818399900004],[-2.515954998999973,39.33066889000003],[-2.39255387399993,39.254098913000064],[-2.331308589999935,39.26911362800007],[-2.269280542999979,39.241836172000035],[-2.076943562999929,39.27624776700003],[-2.07302860599998,39.34487721800008],[-2.033772690999967,39.34968241900003],[-1.983306990999949,39.29852571500004],[-1.83124377799993,39.285792411000045],[-1.798267558999953,39.28303108400007],[-1.673135198999944,39.34567574300007],[-1.505146499999967,39.41801449900004],[-1.441247426999951,39.36471090300006],[-1.18074979499994,39.30769765700006],[-1.175599888999955,39.26761706700006],[-1.257875591999948,39.051247948000025],[-1.14035556999994,38.93317397800007],[-0.956748793999964,38.93430022700005],[-0.928884499999924,38.783839999000065]]]]}},{"type":"Feature","properties":{"nuts_id":"ES422","name":"Ciudad Real"},"geometry":{"type":"MultiPolygon","coordinates":[[[[-4.037157012999955,39.53089205200007],[-4.071258263999937,39.46543862900006],[-4.122625733999939,39.43711017500004],[-4.137217954999926,39.36409875900006],[-3.989885801999947,39.351831391000076],[-3.949164312999926,39.295065151000074],[-3.848542787999975,39.266354431000025],[-3.544714621999958,39.30709747100008],[-3.427444962999971,39.39463389500003],[-3.321285629999977,39.40486077000003],[-3.280573007999976,39.46911623200003],[-3.169745021999972,39.484891520000076],[-3.14359165299993,39.48861419800005],[-2.988484807999953,39.44877956900007],[-2.931376499999942,39.47151949900007],[-2.88257931399994,39.35977603400005],[-2.790457317999937,39.38541578000007],[-2.74224849999996,39.31818399900004],[-2.731155858999955,39.26386885200003],[-2.830719753999972,39.14269223200006],[-2.809997320999969,39.04404455500003],[-2.874846225999931,38.94222249500007],[-2.777818250999928,38.89051091500005],[-2.739553097999931,38.796347567000055],[-2.645654205999961,38.73329064700005],[-2.668171596999969,38.65973248800003],[-2.754442485999959,38.59733629500005],[-2.762069,38.53277949900007],[-2.859999334999941,38.46508147000003],[-2.95857256599993,38.46739411000004],[-3.010343042999978,38.428503060000025],[-3.06770989599994,38.468904757000075],[-3.146033810999938,38.44234565200003],[-3.169745021999972,38.446529801000054],[-3.341720601999953,38.47687711000003],[-3.453918563999935,38.40254038900008],[-3.565007901999934,38.445780823000064],[-3.614071716999945,38.39974228300008],[-3.764731294999933,38.41977557100006],[-3.935194769999953,38.36887701000006],[-4.248977986999932,38.396933656000044],[-4.268895,38.34721299900008],[-4.447063639999953,38.405227757000034],[-4.653656547999958,38.53789681400008],[-4.842382101999931,38.61053931200007],[-4.88583162499998,38.68102996700003],[-4.982354166999926,38.69084824000004],[-5.046996,38.729133499000056],[-4.98344213799993,38.75409171900003],[-4.924487687999942,38.87392373000006],[-4.841107595999972,38.90772023100004],[-4.846843209999975,38.93684155500006],[-4.928397485999938,38.973161910000044],[-4.954142866999973,39.04885122600007],[-4.844612812999969,39.04849179000007],[-4.865422771999931,39.116142754000066],[-4.806813014999932,39.191915169000026],[-4.675316596999949,39.178535692000025],[-4.751206845999945,39.30657445200006],[-4.683410066999954,39.398683928000025],[-4.687733,39.45033649900006],[-4.626548893999939,39.45919148400003],[-4.534202383999968,39.54550770700007],[-4.467150233999973,39.49072235600005],[-4.435950878999961,39.51032370100006],[-4.249419667999973,39.48092475400006],[-4.196689222999964,39.500330774000076],[-4.15307084899996,39.56842779600004],[-4.054009142999973,39.570288109000046],[-4.037157012999955,39.53089205200007]]],[[[-4.755411,39.415759999000045],[-4.867876001999946,39.37464350300007],[-4.940783499999952,39.39516449900003],[-4.85703744999995,39.548299996000026],[-4.764687900999945,39.50732838500005],[-4.755411,39.415759999000045]]]]}},{"type":"Feature","properties":{"nuts_id":"ES423","name":"Cuenca"},"geometry":{"type":"MultiPolygon","coordinates":[[[[-1.806344,40.39824699900004],[-1.705943638999941,40.298206221000044],[-1.673135198999944,40.298554738000064],[-1.551962713999956,40.20242383500005],[-1.449491188999957,40.18935700800006],[-1.448831499999926,40.145358499000054],[-1.367796129999931,40.02082556500005],[-1.165154,40.01010899900007],[-1.142361499999936,39.97185549900007],[-1.196544830999926,39.94295318300004],[-1.208507499999939,39.83410477100006],[-1.274850685999979,39.69091243300005],[-1.38581045199993,39.67649581100005],[-1.497393080999927,39.55844827900006],[-1.505146499999967,39.41801449900004],[-1.673135198999944,39.34567574300007],[-1.798267558999953,39.28303108400007],[-1.83124377799993,39.285792411000045],[-1.983306990999949,39.29852571500004],[-2.033772690999967,39.34968241900003],[-2.07302860599998,39.34487721800008],[-2.076943562999929,39.27624776700003],[-2.269280542999979,39.241836172000035],[-2.331308589999935,39.26911362800007],[-2.39255387399993,39.254098913000064],[-2.515954998999973,39.33066889000003],[-2.74224849999996,39.31818399900004],[-2.790457317999937,39.38541578000007],[-2.88257931399994,39.35977603400005],[-2.931376499999942,39.47151949900007],[-2.917604460999939,39.644572811000046],[-3.117276666999942,39.88022847900004],[-3.098685400999955,39.96859892200007],[-3.147494882999979,40.00089190400007],[-3.161419499999965,40.06489699900004],[-3.068321737999952,40.092920424000056],[-3.067689,40.15788499900003],[-3.025986081999974,40.15897270100004],[-2.997285141999953,40.20034202000005],[-2.906586579999953,40.16512722200008],[-2.827014485999939,40.21159984500008],[-2.783053084999949,40.43305533600005],[-2.726527699999963,40.40605906800005],[-2.626720569999975,40.44451940300007],[-2.520970395999939,40.43294840600004],[-2.533332474999952,40.53004699200005],[-2.399105883999937,40.53597550400008],[-2.399275548999981,40.60264236000006],[-2.316338802999951,40.57263744200003],[-2.274313320999966,40.63579510300008],[-2.205198778999943,40.62410481500007],[-2.128659376999963,40.652930096000034],[-2.033772690999967,40.60491918200006],[-2.014482260999955,40.59515858000003],[-1.933545089999939,40.59103306000003],[-1.855210390999957,40.43497464500007],[-1.83124377799993,40.41696150300004],[-1.806344,40.39824699900004]]]]}},{"type":"Feature","properties":{"nuts_id":"ES424","name":"Guadalajara"},"geometry":{"type":"MultiPolygon","coordinates":[[[[-2.05169,41.146857999000076],[-2.033772690999967,41.15030438200006],[-1.960103538999931,41.16447459600005],[-1.83124377799993,41.08325064500008],[-1.673135198999944,40.98359033700007],[-1.617433499999947,40.943740999000056],[-1.611853854999936,40.87888938400005],[-1.545281880999937,40.80248240100008],[-1.54165686999994,40.66325296000008],[-1.577425293999966,40.57607528300008],[-1.673135198999944,40.59067096700005],[-1.702076603999956,40.48853928200003],[-1.806344,40.39824699900004],[-1.83124377799993,40.41696150300004],[-1.855210390999957,40.43497464500007],[-1.933545089999939,40.59103306000003],[-2.014482260999955,40.59515858000003],[-2.033772690999967,40.60491918200006],[-2.128659376999963,40.652930096000034],[-2.205198778999943,40.62410481500007],[-2.274313320999966,40.63579510300008],[-2.316338802999951,40.57263744200003],[-2.399275548999981,40.60264236000006],[-2.399105883999937,40.53597550400008],[-2.533332474999952,40.53004699200005],[-2.520970395999939,40.43294840600004],[-2.626720569999975,40.44451940300007],[-2.726527699999963,40.40605906800005],[-2.783053084999949,40.43305533600005],[-2.827014485999939,40.21159984500008],[-2.906586579999953,40.16512722200008],[-2.997285141999953,40.20034202000005],[-3.025986081999974,40.15897270100004],[-3.067689,40.15788499900003],[-3.107173358999944,40.27254799200006],[-3.169745021999972,40.257260408000036],[-3.187255193999931,40.25298230300007],[-3.169745021999972,40.30661235900004],[-3.138111248999962,40.403500104000045],[-3.169745021999972,40.43067885100004],[-3.19285948199996,40.45053807000005],[-3.20738008099994,40.51285716700005],[-3.281718098999931,40.55043397500003],[-3.377510832999974,40.669532727000046],[-3.456018835999942,40.69112975200005],[-3.478471070999944,40.82446215200008],[-3.403359141999942,40.99939290900005],[-3.438655234999942,41.08001800900007],[-3.539573,41.16499349900005],[-3.386132703999976,41.25380888500007],[-3.265663660999962,41.261672635000025],[-3.207373,41.30424499900005],[-3.169745021999972,41.29747654100004],[-3.061043107999978,41.27792342200007],[-2.896598093999955,41.32206903300005],[-2.840756798999962,41.26860574800003],[-2.727682749999929,41.27109545900004],[-2.600121730999945,41.21768844200005],[-2.577348977999975,41.14962729400003],[-2.521831581999948,41.139510260000066],[-2.424839452999947,41.063554914000065],[-2.294043491999957,41.062372151000034],[-2.131128823999973,41.10946024800006],[-2.068500711999945,41.08431749500005],[-2.05169,41.146857999000076]]]]}},{"type":"Feature","properties":{"nuts_id":"ES425","name":"Toledo"},"geometry":{"type":"MultiPolygon","coordinates":[[[[-3.161419499999965,40.06489699900004],[-3.147494882999979,40.00089190400007],[-3.098685400999955,39.96859892200007],[-3.117276666999942,39.88022847900004],[-2.917604460999939,39.644572811000046],[-2.931376499999942,39.47151949900007],[-2.988484807999953,39.44877956900007],[-3.14359165299993,39.48861419800005],[-3.169745021999972,39.484891520000076],[-3.280573007999976,39.46911623200003],[-3.321285629999977,39.40486077000003],[-3.427444962999971,39.39463389500003],[-3.544714621999958,39.30709747100008],[-3.848542787999975,39.266354431000025],[-3.949164312999926,39.295065151000074],[-3.989885801999947,39.351831391000076],[-4.137217954999926,39.36409875900006],[-4.122625733999939,39.43711017500004],[-4.071258263999937,39.46543862900006],[-4.037157012999955,39.53089205200007],[-4.054009142999973,39.570288109000046],[-4.15307084899996,39.56842779600004],[-4.196689222999964,39.500330774000076],[-4.249419667999973,39.48092475400006],[-4.435950878999961,39.51032370100006],[-4.467150233999973,39.49072235600005],[-4.534202383999968,39.54550770700007],[-4.626548893999939,39.45919148400003],[-4.687733,39.45033649900006],[-4.755411,39.415759999000045],[-4.764687900999945,39.50732838500005],[-4.85703744999995,39.548299996000026],[-4.940783499999952,39.39516449900003],[-4.952554499999962,39.395038499000066],[-5.191730101999951,39.589673222000044],[-5.144670301999952,39.70113799100005],[-5.16925023899995,39.78919147800008],[-5.294956371999945,39.76171769800004],[-5.301380002999963,39.86944599700007],[-5.397449251999944,39.88734608400006],[-5.369655871999953,40.081989115000056],[-5.336016499999971,40.115855999000075],[-5.169031867999934,40.08845855100003],[-5.036954880999929,40.15338093300005],[-4.971656955999947,40.12301925500003],[-4.793787165999959,40.267587063000065],[-4.705168906999972,40.273625380000055],[-4.658202871999947,40.20749432100007],[-4.579076,40.21719599900007],[-4.461863387999927,40.23596895900005],[-4.376271233999944,40.29891064700007],[-4.309692993999931,40.23568527600003],[-4.186378373999958,40.27953609000008],[-3.631850223999948,40.10813524400004],[-3.653235797999969,40.03890391600004],[-3.849342362999948,39.931323672000076],[-3.823351116999959,39.89999625300004],[-3.508417521999945,40.03477135400004],[-3.345206631999929,40.06992192600006],[-3.161419499999965,40.06489699900004]]]]}},{"type":"Feature","properties":{"nuts_id":"ES431","name":"Badajoz"},"geometry":{"type":"MultiPolygon","coordinates":[[[[-5.046996,38.729133499000056],[-5.16330329799996,38.706006503000026],[-5.563892443999976,38.43018098500005],[-5.569217518999949,38.33639775000006],[-5.524622739999927,38.222161380000045],[-5.584845499999972,38.13175199900007],[-5.713183228999981,38.08705022000004],[-5.735714175999931,38.11216326400006],[-5.692283429999975,38.16032176700003],[-5.706440019999945,38.18610574500008],[-5.848400003999927,38.16358143000008],[-5.914144273999966,38.11157929600006],[-5.95842687399994,38.00202727100003],[-6.096231705999969,37.98543794400007],[-6.180307499999969,37.94107799900007],[-6.311245314999951,37.98571074100005],[-6.391802089999942,38.05254212400007],[-6.477628158999948,38.01752858100008],[-6.570550632999925,38.02925536600003],[-6.620216007999943,38.08958153000003],[-6.752554203999978,38.09806049000008],[-6.806672281999965,38.12589282400006],[-6.806503081999949,38.173514827000076],[-6.931738499999938,38.20837799900005],[-7.107952499999953,38.18812149900003],[-7.307674721999945,38.445610130000034],[-7.308985442999926,38.52100650600005],[-7.255102656999952,38.61584735800005],[-7.255303021999964,38.71136439600008],[-7.203135,38.751017499000056],[-7.049328848999949,38.86900154500006],[-6.959975303999954,39.03072252700008],[-7.011366331999966,39.100869087000035],[-7.134858838999946,39.11304997000008],[-7.14806705999996,39.16975393100006],[-7.237197135999963,39.21356203500005],[-7.231467,39.27843099900008],[-7.194172871999967,39.28059218900006],[-7.16146546799996,39.35363104800007],[-7.117292831999976,39.37845413000008],[-7.078198425999972,39.37320631600005],[-7.079241123999964,39.32707713900004],[-7.054540477999979,39.32446356500003],[-7.020164017999946,39.37985413300004],[-7.042357448999951,39.430556222000064],[-6.816376266999953,39.38570813700005],[-6.755335418999948,39.31640243500004],[-6.791784574999951,39.23587998200003],[-6.763038068999947,39.19264558300006],[-6.637426956999946,39.192672121000044],[-6.555083428999978,39.16009320200004],[-6.331241725999973,39.17741630300003],[-6.296855732999973,39.10531538400005],[-6.14236899499997,39.04166561300008],[-6.027847182999949,39.119430075000025],[-6.001624455999945,39.066823028000044],[-5.79945172999993,39.13855181500003],[-5.69226310199997,39.091303039000024],[-5.620516873999975,39.10295875300005],[-5.586845356999959,39.141925085000025],[-5.599914290999948,39.187882923000075],[-5.552150666999978,39.20896299300006],[-5.411389974999963,39.16213956100006],[-5.363059101999966,39.21659431900008],[-5.333971682999959,39.32443123200005],[-5.212920914999927,39.308994201000075],[-5.139526597999975,39.32986043200003],[-5.100792191999972,39.38370998100004],[-5.028554486999951,39.36666071900004],[-4.952554499999962,39.395038499000066],[-4.940783499999952,39.39516449900003],[-4.867876001999946,39.37464350300007],[-4.755411,39.415759999000045],[-4.687733,39.45033649900006],[-4.683410066999954,39.398683928000025],[-4.751206845999945,39.30657445200006],[-4.675316596999949,39.178535692000025],[-4.806813014999932,39.191915169000026],[-4.865422771999931,39.116142754000066],[-4.844612812999969,39.04849179000007],[-4.954142866999973,39.04885122600007],[-4.928397485999938,38.973161910000044],[-4.846843209999975,38.93684155500006],[-4.841107595999972,38.90772023100004],[-4.924487687999942,38.87392373000006],[-4.98344213799993,38.75409171900003],[-5.046996,38.729133499000056]]]]}},{"type":"Feature","properties":{"nuts_id":"ES432","name":"Cáceres"},"geometry":{"type":"MultiPolygon","coordinates":[[[[-5.979711592999934,40.29834755400003],[-5.924994045999938,40.28829320300008],[-5.810971715999926,40.345860051000045],[-5.784205345999965,40.29200411800008],[-5.73760249999998,40.29416299900004],[-5.534302071999946,40.19881997900006],[-5.368863457999964,40.25469468400007],[-5.336016499999971,40.115855999000075],[-5.369655871999953,40.081989115000056],[-5.397449251999944,39.88734608400006],[-5.301380002999963,39.86944599700007],[-5.294956371999945,39.76171769800004],[-5.16925023899995,39.78919147800008],[-5.144670301999952,39.70113799100005],[-5.191730101999951,39.589673222000044],[-4.952554499999962,39.395038499000066],[-5.028554486999951,39.36666071900004],[-5.100792191999972,39.38370998100004],[-5.139526597999975,39.32986043200003],[-5.212920914999927,39.308994201000075],[-5.333971682999959,39.32443123200005],[-5.363059101999966,39.21659431900008],[-5.411389974999963,39.16213956100006],[-5.552150666999978,39.20896299300006],[-5.599914290999948,39.187882923000075],[-5.586845356999959,39.141925085000025],[-5.620516873999975,39.10295875300005],[-5.69226310199997,39.091303039000024],[-5.79945172999993,39.13855181500003],[-6.001624455999945,39.066823028000044],[-6.027847182999949,39.119430075000025],[-6.14236899499997,39.04166561300008],[-6.296855732999973,39.10531538400005],[-6.331241725999973,39.17741630300003],[-6.555083428999978,39.16009320200004],[-6.637426956999946,39.192672121000044],[-6.763038068999947,39.19264558300006],[-6.791784574999951,39.23587998200003],[-6.755335418999948,39.31640243500004],[-6.816376266999953,39.38570813700005],[-7.042357448999951,39.430556222000064],[-7.020164017999946,39.37985413300004],[-7.054540477999979,39.32446356500003],[-7.079241123999964,39.32707713900004],[-7.078198425999972,39.37320631600005],[-7.117292831999976,39.37845413000008],[-7.16146546799996,39.35363104800007],[-7.194172871999967,39.28059218900006],[-7.231467,39.27843099900008],[-7.312741409999944,39.35385641200003],[-7.308861225999976,39.45926061100005],[-7.497017134999965,39.593731545000026],[-7.542929,39.662814999000034],[-7.343952003999959,39.64354084400003],[-7.017615736999971,39.678921968000054],[-6.974741575999929,39.81308457700004],[-6.910501386999954,39.873276720000035],[-6.873357243999976,40.007570936000036],[-7.018749361999937,40.15867851400003],[-7.013987619999966,40.213064676000045],[-6.95129849999995,40.257445999000026],[-6.865144,40.27069449900006],[-6.771738337999977,40.242175530000054],[-6.592859293999936,40.272623950000025],[-6.535129532999974,40.34071722300007],[-6.221562156999937,40.48250615000006],[-5.979711592999934,40.29834755400003]]]]}},{"type":"Feature","properties":{"nuts_id":"ES511","name":"Barcelona"},"geometry":{"type":"MultiPolygon","coordinates":[[[[2.166458417000058,42.128023076000034],[2.258475780000026,42.14041132600005],[2.477272212000059,42.06661697800007],[2.498265840000045,42.026965088000054],[2.453416066000045,41.948498278000045],[2.471861002000026,41.937987433000046],[2.450433485000076,41.89669979100006],[2.337064475000034,41.87567560200006],[2.351114321000068,41.818600048000064],[2.444279279000057,41.795302597000045],[2.551657534000071,41.72490819400008],[2.741569501000072,41.73799552000003],[2.778513,41.64880749900004],[2.280824034000034,41.46314291300007],[2.166458417000058,41.35195611900008],[2.100724901000035,41.288049683000054],[1.645323500000075,41.195621499000026],[1.580186931000071,41.24909949000005],[1.615528812000036,41.270441737000056],[1.563235895000048,41.366836800000044],[1.495013751000045,41.40004473400006],[1.474592229000052,41.471626282000045],[1.407700466000051,41.51344256700003],[1.444605946000024,41.56321938900004],[1.392940500000066,41.57508099900008],[1.426530891000027,41.766429293000044],[1.569933294000066,41.79759554800006],[1.630186567000067,41.922050023000054],[1.696102737000047,41.97224504700006],[1.675993327000072,42.01267906800007],[1.718005195000046,42.152935091000074],[1.700328014000036,42.25658776900008],[1.842707,42.306377499000064],[2.036038843000028,42.29608542100004],[2.054096798000046,42.14166873800008],[2.124828886000046,42.12241851400006],[2.166458417000058,42.128023076000034]]]]}},{"type":"Feature","properties":{"nuts_id":"ES512","name":"Girona"},"geometry":{"type":"MultiPolygon","coordinates":[[[[1.96613136000002,42.408159373000046],[2.01912010500007,42.36202037500004],[2.166458417000058,42.40399377800003],[2.267755030000046,42.42532921900005],[2.556874614000037,42.34308119000008],[2.632174666000026,42.352489786000035],[2.706216562000066,42.40925520800005],[2.875056140000027,42.46154243600006],[3.013506292000045,42.46688444500006],[3.17501979900004,42.43517778800003],[3.174214799000026,42.408159373000046],[3.179469078000068,42.359445246000064],[3.30201523300002,42.31272864300007],[3.266238988000055,42.260999740000045],[3.161742086000061,42.25225443000005],[3.12061976800004,42.20700880800007],[3.126788575000035,42.141466871000034],[3.202027713000064,42.05340879500005],[3.213637833000064,41.95023483800003],[3.199857769000062,41.90663760800004],[2.778513,41.64880749900004],[2.741569501000072,41.73799552000003],[2.551657534000071,41.72490819400008],[2.444279279000057,41.795302597000045],[2.351114321000068,41.818600048000064],[2.337064475000034,41.87567560200006],[2.450433485000076,41.89669979100006],[2.471861002000026,41.937987433000046],[2.453416066000045,41.948498278000045],[2.498265840000045,42.026965088000054],[2.477272212000059,42.06661697800007],[2.258475780000026,42.14041132600005],[2.166458417000058,42.128023076000034],[2.124828886000046,42.12241851400006],[2.054096798000046,42.14166873800008],[2.036038843000028,42.29608542100004],[1.842707,42.306377499000064],[1.833855965000055,42.367730589000075],[1.792150999000057,42.408159373000046],[1.737182666000024,42.461445662000074],[1.731011,42.49240099900004],[1.917004467000027,42.45093573300005],[1.96613136000002,42.408159373000046]]],[[[1.992903050000052,42.49230555300005],[1.997583870000028,42.43718829200003],[1.944634108000059,42.45440940800006],[1.953709089000029,42.48633307500006],[1.992903050000052,42.49230555300005]]]]}},{"type":"Feature","properties":{"nuts_id":"ES513","name":"Lleida"},"geometry":{"type":"MultiPolygon","coordinates":[[[[0.858215,42.82574099900006],[0.928244565000057,42.81048393000003],[1.00287286300005,42.794224953000025],[1.076108093000073,42.77826947700004],[1.164770348000047,42.715007298000046],[1.253337111000064,42.715816145000076],[1.348528262000059,42.71390130800006],[1.442566,42.60366799900004],[1.447269111000026,42.461445662000074],[1.464457152000023,42.43984265300003],[1.538649711000062,42.43671982300003],[1.607020336000062,42.461445662000074],[1.725801,42.50440199900004],[1.731011,42.49240099900004],[1.737182666000024,42.461445662000074],[1.792150999000057,42.408159373000046],[1.833855965000055,42.367730589000075],[1.842707,42.306377499000064],[1.700328014000036,42.25658776900008],[1.718005195000046,42.152935091000074],[1.675993327000072,42.01267906800007],[1.696102737000047,41.97224504700006],[1.630186567000067,41.922050023000054],[1.569933294000066,41.79759554800006],[1.426530891000027,41.766429293000044],[1.392940500000066,41.57508099900008],[1.223608226000067,41.560205515000064],[1.154081833000021,41.49088239500003],[1.06224398400002,41.47799086100008],[1.039122898000073,41.42842162900007],[0.928244565000057,41.35082331700005],[0.617746722000049,41.29804664100004],[0.55741869700006,41.31683992300003],[0.509107854000035,41.295099006000044],[0.456310574000042,41.32572379100003],[0.385724,41.27883949900007],[0.335948500000029,41.40743249900004],[0.355454368000039,41.480609704000074],[0.440043192000076,41.55234632500003],[0.421793214000047,41.59523399100004],[0.357960114000036,41.60707034600006],[0.334365626000022,41.67950897800006],[0.596491049000065,41.873829691000026],[0.599594843000034,41.91336484400006],[0.562457637000023,41.937987433000046],[0.654069283000069,42.014385118000064],[0.735980385000062,42.274774860000036],[0.741314193000051,42.38112106700004],[0.729312383000035,42.408159373000046],[0.705659573000048,42.461445662000074],[0.751991763000035,42.599298188000034],[0.660127,42.69095249900005],[0.671721810000065,42.794224953000025],[0.677216496000028,42.84316492600004],[0.858215,42.82574099900006]]]]}},{"type":"Feature","properties":{"nuts_id":"ES514","name":"Tarragona"},"geometry":{"type":"MultiPolygon","coordinates":[[[[1.563235895000048,41.366836800000044],[1.615528812000036,41.270441737000056],[1.580186931000071,41.24909949000005],[1.645323500000075,41.195621499000026],[0.975731693000057,41.030575354000064],[0.928244565000057,40.98949044300008],[0.711689234000062,40.80213110900007],[0.868636998000056,40.72369252500005],[0.86374621300007,40.696261124000046],[0.759266449000052,40.64269975800005],[0.602176937000024,40.61721376600008],[0.515238500000066,40.52291849900007],[0.395579644000065,40.59979582900007],[0.293819574000054,40.62636967900005],[0.277811462000045,40.68767868500004],[0.170789500000069,40.73283699900003],[0.267379174000041,40.82361324200008],[0.253819485000065,40.897812927000075],[0.283333817000027,40.97919727100003],[0.220409500000073,41.07142999900003],[0.222802166000065,41.12744076300004],[0.296683844000029,41.17055509100004],[0.385724,41.27883949900007],[0.456310574000042,41.32572379100003],[0.509107854000035,41.295099006000044],[0.55741869700006,41.31683992300003],[0.617746722000049,41.29804664100004],[0.928244565000057,41.35082331700005],[1.039122898000073,41.42842162900007],[1.06224398400002,41.47799086100008],[1.154081833000021,41.49088239500003],[1.223608226000067,41.560205515000064],[1.392940500000066,41.57508099900008],[1.444605946000024,41.56321938900004],[1.407700466000051,41.51344256700003],[1.474592229000052,41.471626282000045],[1.495013751000045,41.40004473400006],[1.563235895000048,41.366836800000044]]],[[[0.696183831000042,40.573054684000056],[0.61992815800005,40.546517306000055],[0.600209466000024,40.561840836000044],[0.680864103000033,40.60112100200007],[0.696183831000042,40.573054684000056]]]]}},{"type":"Feature","properties":{"nuts_id":"ES521","name":"Alicante/Alacant"},"geometry":{"type":"MultiPolygon","coordinates":[[[[-0.762135499999943,37.84700799900003],[-0.902858969999954,37.92956845800006],[-1.024512297999934,38.089901101000066],[-1.029708552999978,38.14015206100004],[-0.974342392999972,38.27120954600008],[-0.99454906699998,38.31803699000005],[-1.072488668999938,38.34844923500003],[-1.082915199999945,38.38038400900007],[-1.007715855999948,38.568675203000055],[-1.02687,38.65550949900006],[-0.931450139999924,38.68541563800005],[-0.951693669999941,38.76723739500005],[-0.928884499999924,38.783839999000065],[-0.825172352999971,38.73893033600007],[-0.735716660999969,38.752057646000026],[-0.61470623799994,38.69499342300003],[-0.525624796999978,38.74699513400003],[-0.577857818999973,38.776330022000025],[-0.571412585999951,38.80033808500008],[-0.311159955999926,38.87508444400004],[-0.233100538999963,38.858924030000026],[-0.037616,38.88641349900007],[0.096919667000066,38.84072634000006],[0.173133069000073,38.81484492300007],[0.221497401000022,38.73925459600008],[0.096919667000066,38.676383816000055],[-0.026005434999945,38.614347072000044],[-0.091090160999954,38.53308518600005],[-0.350613442999929,38.45488555500003],[-0.410480390999965,38.361744947000034],[-0.500215957999956,38.32917178800005],[-0.516116556999975,38.210072086000025],[-0.627471844999945,38.14427778600003],[-0.652909464999937,38.008022606000054],[-0.762135499999943,37.84700799900003]]]]}},{"type":"Feature","properties":{"nuts_id":"ES522","name":"Castellón/Castelló"},"geometry":{"type":"MultiPolygon","coordinates":[[[[0.170789500000069,40.73283699900003],[0.277811462000045,40.68767868500004],[0.293819574000054,40.62636967900005],[0.395579644000065,40.59979582900007],[0.515238500000066,40.52291849900007],[0.390437048000024,40.34133778700004],[0.197571808000021,40.17214903400003],[0.123780350000061,40.07168176500005],[0.096919667000066,40.056080964000046],[0.049270206000074,40.028405949000046],[-0.016135386999963,39.91017015400007],[-0.188467,39.72195449900005],[-0.341043518999925,39.798040454000045],[-0.451728413999945,39.72406667300004],[-0.534811475999959,39.78721996200005],[-0.624117363999972,39.74923205500005],[-0.665401756999927,39.83658559600008],[-0.728328873999942,39.82579365600003],[-0.797643,39.88107649900007],[-0.837717435999934,39.93001079000004],[-0.829167367999958,39.97488571100007],[-0.754865029999962,40.03780675400003],[-0.640016551999963,40.07141679000006],[-0.543266604999928,40.239183353000044],[-0.414237939999964,40.25161970100004],[-0.290418249999959,40.37193051400004],[-0.335501977999968,40.44008854000003],[-0.283635540999967,40.47809536600005],[-0.294709730999955,40.593769344000066],[-0.361104828999942,40.61731087000004],[-0.360651688999951,40.668375808000064],[-0.254896386999974,40.68446896100005],[-0.176295458999959,40.78374965200004],[0.045327617000055,40.699826521000034],[0.096919667000066,40.713400988000046],[0.170789500000069,40.73283699900003]]]]}},{"type":"Feature","properties":{"nuts_id":"ES523","name":"Valencia/València"},"geometry":{"type":"MultiPolygon","coordinates":[[[[-0.915043381999965,39.94085153700007],[-0.886939721999966,39.86005322800003],[-0.797643,39.88107649900007],[-0.728328873999942,39.82579365600003],[-0.665401756999927,39.83658559600008],[-0.624117363999972,39.74923205500005],[-0.534811475999959,39.78721996200005],[-0.451728413999945,39.72406667300004],[-0.341043518999925,39.798040454000045],[-0.188467,39.72195449900005],[-0.319596304999948,39.495312151000064],[-0.327645179999934,39.40381556600005],[-0.267967374999955,39.26761706700006],[-0.196208291999938,39.05553560300007],[-0.037616,38.88641349900007],[-0.233100538999963,38.858924030000026],[-0.311159955999926,38.87508444400004],[-0.571412585999951,38.80033808500008],[-0.577857818999973,38.776330022000025],[-0.525624796999978,38.74699513400003],[-0.61470623799994,38.69499342300003],[-0.735716660999969,38.752057646000026],[-0.825172352999971,38.73893033600007],[-0.928884499999924,38.783839999000065],[-0.956748793999964,38.93430022700005],[-1.14035556999994,38.93317397800007],[-1.257875591999948,39.051247948000025],[-1.175599888999955,39.26761706700006],[-1.18074979499994,39.30769765700006],[-1.441247426999951,39.36471090300006],[-1.505146499999967,39.41801449900004],[-1.497393080999927,39.55844827900006],[-1.38581045199993,39.67649581100005],[-1.274850685999979,39.69091243300005],[-1.208507499999939,39.83410477100006],[-1.196544830999926,39.94295318300004],[-1.142361499999936,39.97185549900007],[-0.986498228999949,39.97711560000005],[-0.915043381999965,39.94085153700007]]],[[[-1.29350132299993,40.188496480000026],[-1.237764234999929,40.121555889000035],[-1.147578584999962,40.10983945100003],[-1.091022542999951,40.07139459200005],[-1.095876785999963,40.03643225400003],[-1.165154,40.01010899900007],[-1.367796129999931,40.02082556500005],[-1.448831499999926,40.145358499000054],[-1.349606727999969,40.13501966800004],[-1.29350132299993,40.188496480000026]]]]}}]}