id;comunidad;provincia;territorio;municipio;ambito;prioritario;aplica_auto;requiere_revision;exclusiones;notas;fuente_url
andalucia-almeria-abla;Andalucia;Almeria;Almeria;Abla;municipio;si;si;no;;Municipio incluido en el anexo de zonas prioritarias.;https://www.boe.es/buscar/act.php?id=BOE-A-2008-4474&p=20220727&tn=1
andalucia-almeria-abrucena;Andalucia;Almeria;Almeria;Abrucena;municipio;si;si;no;;Municipio incluido en el anexo de zonas prioritarias.;https://www.boe.es/buscar/act.php?id=BOE-A-2008-4474&p=20220727&tn=1
andalucia-almeria-albanchez;Andalucia;Almeria;Almeria;Albanchez;municipio;si;si;no;;Municipio incluido en el anexo de zonas prioritarias.;https://www.boe.es/buscar/act.php?id=BOE-A-2008-4474&p=20220727&tn=1
andalucia-almeria-alboloduy;Andalucia;Almeria;Almeria;Alboloduy;municipio;si;si;no;;Municipio incluido en el anexo de zonas prioritarias.;https://www.boe.es/buscar/act.php?id=BOE-A-2008-4474&p=20220727&tn=1
andalucia-almeria-albox;Andalucia;Almeria;Almeria;Albox;municipio;si;si;no;;Municipio incluido en el anexo de zonas prioritarias.;https://www.boe.es/buscar/act.php?id=BOE-A-2008-4474&p=20220727&tn=1
andalucia-almeria-alcolea;Andalucia;Almeria;Almeria;Alcolea;municipio;si;si;no;;Municipio incluido en el anexo de zonas prioritarias.;https://www.boe.es/buscar/act.php?id=BOE-A-2008-4474&p=20220727&tn=1
andalucia-almeria-alcontar;Andalucia;Almeria;Almeria;Alcóntar;municipio;si;si;no;;Municipio incluido en el anexo de zonas prioritarias.;https://www.boe.es/buscar/act.php?id=BOE-A-2008-4474&p=20220727&tn=1
andalucia-almeria-alcudia-de-monteagudo;Andalucia;Almeria;Almeria;Alcudia de Monteagudo;municipio;si;si;no;;Municipio incluido en el anexo de zonas prioritarias.;https://www.boe.es/buscar/act.php?id=BOE-A-2008-4474&p=20220727&tn=1
andalucia-almeria-alhabia;Andalucia;Almeria;Almeria;Alhabia;municipio;si;si;no;;Municipio incluido en el anexo de zonas prioritarias.;https://www.boe.es/buscar/act.php?id=BOE-A-2008-4474&p=20220727&tn=1
andalucia-almeria-alhama-de-almeria;Andalucia;Almeria;Almeria;Alhama de Almería;municipio;si;si;no;;Municipio incluido en el anexo de zonas prioritarias.;https://www.boe.es/buscar/act.php?id=BOE-A-2008-4474&p=20220727&tn=1
andalucia-almeria-alicun;Andalucia;Almeria;Almeria;Alicún;municipio;si;si;no;;Municipio incluido en el anexo de zonas prioritarias.;https://www.boe.es/buscar/act.php?id=BOE-A-2008-4474&p=20220727&tn=1
andalucia-almeria-almocita;Andalucia;Almeria;Almeria;Almocita;municipio;si;si;no;;Municipio incluido en el anexo de zonas prioritarias.;https://www.boe.es/buscar/act.php?id=BOE-A-2008-4474&p=20220727&tn=1
andalucia-almeria-alsodux;Andalucia;Almeria;Almeria;Alsodux;municipio;si;si;no;;Municipio incluido en el anexo de zonas prioritarias.;https://www.boe.es/buscar/act.php?id=BOE-A-2008-4474&p=20220727&tn=1
andalucia-almeria-arboleas;Andalucia;Almeria;Almeria;Arboleas;municipio;si;si;no;;Municipio incluido en el anexo de zonas prioritarias.;https://www.boe.es/buscar/act.php?id=BOE-A-2008-4474&p=20220727&tn=1
andalucia-almeria-armuna-de-almanzora;Andalucia;Almeria;Almeria;Armuña de Almanzora;municipio;si;si;no;;Municipio incluido en el anexo de zonas prioritarias.;https://www.boe.es/buscar/act.php?id=BOE-A-2008-4474&p=20220727&tn=1
andalucia-almeria-bacares;Andalucia;Almeria;Almeria;Bacares;municipio;si;si;no;;Municipio incluido en el anexo de zonas prioritarias.;https://www.boe.es/buscar/act.php?id=BOE-A-2008-4474&p=20220727&tn=1
andalucia-almeria-bayarcal;Andalucia;Almeria;Almeria;Bayárcal;municipio;si;si;no;;Municipio incluido en el anexo de zonas prioritarias.;https://www.boe.es/buscar/act.php?id=BOE-A-2008-4474&p=20220727&tn=1
andalucia-almeria-bayarque;Andalucia;Almeria;Almeria;Bayarque;municipio;si;si;no;;Municipio incluido en el anexo de zonas prioritarias.;https://www.boe.es/buscar/act.php?id=BOE-A-2008-4474&p=20220727&tn=1
andalucia-almeria-beires;Andalucia;Almeria;Almeria;Beires;municipio;si;si;no;;Municipio incluido en el anexo de zonas prioritarias.;https://www.boe.es/buscar/act.php?id=BOE-A-2008-4474&p=20220727&tn=1
andalucia-almeria-benahadux;Andalucia;Almeria;Almeria;Benahadux;municipio;si;si;no;;Municipio incluido en el anexo de zonas prioritarias.;https://www.boe.es/buscar/act.php?id=BOE-A-2008-4474&p=20220727&tn=1
andalucia-almeria-benitagla;Andalucia;Almeria;Almeria;Benitagla;municipio;si;si;no;;Municipio incluido en el anexo de zonas prioritarias.;https://www.boe.es/buscar/act.php?id=BOE-A-2008-4474&p=20220727&tn=1
andalucia-almeria-benizalon;Andalucia;Almeria;Almeria;Benizalón;municipio;si;si;no;;Municipio incluido en el anexo de zonas prioritarias.;https://www.boe.es/buscar/act.php?id=BOE-A-2008-4474&p=20220727&tn=1
andalucia-almeria-bentarique;Andalucia;Almeria;Almeria;Bentarique;municipio;si;si;no;;Municipio incluido en el anexo de zonas prioritarias.;https://www.boe.es/buscar/act.php?id=BOE-A-2008-4474&p=20220727&tn=1
andalucia-almeria-canjayar;Andalucia;Almeria;Almeria;Canjayar;municipio;si;si;no;;Municipio incluido en el anexo de zonas prioritarias.;https://www.boe.es/buscar/act.php?id=BOE-A-2008-4474&p=20220727&tn=1
andalucia-almeria-cantoria;Andalucia;Almeria;Almeria;Cantoria;municipio;si;si;no;;Municipio incluido en el anexo de zonas prioritarias.;https://www.boe.es/buscar/act.php?id=BOE-A-2008-4474&p=20220727&tn=1
andalucia-almeria-castro-de-filabres;Andalucia;Almeria;Almeria;Castro de Filabres;municipio;si;si;no;;Municipio incluido en el anexo de zonas prioritarias.;https://www.boe.es/buscar/act.php?id=BOE-A-2008-4474&p=20220727&tn=1
andalucia-almeria-chercos;Andalucia;Almeria;Almeria;Chercos;municipio;si;si;no;;Municipio incluido en el anexo de zonas prioritarias.;https://www.boe.es/buscar/act.php?id=BOE-A-2008-4474&p=20220727&tn=1
andalucia-almeria-chirivel;Andalucia;Almeria;Almeria;Chirivel;municipio;si;si;no;;Municipio incluido en el anexo de zonas prioritarias.;https://www.boe.es/buscar/act.php?id=BOE-A-2008-4474&p=20220727&tn=1
andalucia-almeria-cobdar;Andalucia;Almeria;Almeria;Cóbdar;municipio;si;si;no;;Municipio incluido en el anexo de zonas prioritarias.;https://www.boe.es/buscar/act.php?id=BOE-A-2008-4474&p=20220727&tn=1
andalucia-almeria-enix;Andalucia;Almeria;Almeria;Enix;municipio;si;si;no;;Municipio incluido en el anexo de zonas prioritarias.;https://www.boe.es/buscar/act.php?id=BOE-A-2008-4474&p=20220727&tn=1
andalucia-almeria-felix;Andalucia;Almeria;Almeria;Felix;municipio;si;si;no;;Municipio incluido en el anexo de zonas prioritarias.;https://www.boe.es/buscar/act.php?id=BOE-A-2008-4474&p=20220727&tn=1
andalucia-almeria-fines;Andalucia;Almeria;Almeria;Fines;municipio;si;si;no;;Municipio incluido en el anexo de zonas prioritarias.;https://www.boe.es/buscar/act.php?id=BOE-A-2008-4474&p=20220727&tn=1
andalucia-almeria-finana;Andalucia;Almeria;Almeria;Fiñana;municipio;si;si;no;;Municipio incluido en el anexo de zonas prioritarias.;https://www.boe.es/buscar/act.php?id=BOE-A-2008-4474&p=20220727&tn=1
andalucia-almeria-fondon;Andalucia;Almeria;Almeria;Fondón;municipio;si;si;no;;Municipio incluido en el anexo de zonas prioritarias.;https://www.boe.es/buscar/act.php?id=BOE-A-2008-4474&p=20220727&tn=1
andalucia-almeria-gador;Andalucia;Almeria;Almeria;Gádor;municipio;si;si;no;;Municipio incluido en el anexo de zonas prioritarias.;https://www.boe.es/buscar/act.php?id=BOE-A-2008-4474&p=20220727&tn=1
andalucia-almeria-guergal;Andalucia;Almeria;Almeria;Guergal;municipio;si;si;no;;Municipio incluido en el anexo de zonas prioritarias.;https://www.boe.es/buscar/act.php?id=BOE-A-2008-4474&p=20220727&tn=1
andalucia-almeria-huecija;Andalucia;Almeria;Almeria;Huécija;municipio;si;si;no;;Municipio incluido en el anexo de zonas prioritarias.;https://www.boe.es/buscar/act.php?id=BOE-A-2008-4474&p=20220727&tn=1
andalucia-almeria-huercal-de-almeria;Andalucia;Almeria;Almeria;Huercal de Almería;municipio;si;si;no;;Municipio incluido en el anexo de zonas prioritarias.;https://www.boe.es/buscar/act.php?id=BOE-A-2008-4474&p=20220727&tn=1
andalucia-almeria-illar;Andalucia;Almeria;Almeria;Illar;municipio;si;si;no;;Municipio incluido en el anexo de zonas prioritarias.;https://www.boe.es/buscar/act.php?id=BOE-A-2008-4474&p=20220727&tn=1
andalucia-almeria-instincion;Andalucia;Almeria;Almeria;Instinción;municipio;si;si;no;;Municipio incluido en el anexo de zonas prioritarias.;https://www.boe.es/buscar/act.php?id=BOE-A-2008-4474&p=20220727&tn=1
andalucia-almeria-laroya;Andalucia;Almeria;Almeria;Laroya;municipio;si;si;no;;Municipio incluido en el anexo de zonas prioritarias.;https://www.boe.es/buscar/act.php?id=BOE-A-2008-4474&p=20220727&tn=1
andalucia-almeria-laujar-de-andarax;Andalucia;Almeria;Almeria;Laujar de Andarax;municipio;si;si;no;;Municipio incluido en el anexo de zonas prioritarias.;https://www.boe.es/buscar/act.php?id=BOE-A-2008-4474&p=20220727&tn=1
andalucia-almeria-lijar;Andalucia;Almeria;Almeria;Líjar;municipio;si;si;no;;Municipio incluido en el anexo de zonas prioritarias.;https://www.boe.es/buscar/act.php?id=BOE-A-2008-4474&p=20220727&tn=1
andalucia-almeria-lubrin;Andalucia;Almeria;Almeria;Lubrín;municipio;si;si;no;;Municipio incluido en el anexo de zonas prioritarias.;https://www.boe.es/buscar/act.php?id=BOE-A-2008-4474&p=20220727&tn=1
andalucia-almeria-lucainema-de-las-torres;Andalucia;Almeria;Almeria;Lucainema de las Torres;municipio;si;si;no;;Municipio incluido en el anexo de zonas prioritarias.;https://www.boe.es/buscar/act.php?id=BOE-A-2008-4474&p=20220727&tn=1
andalucia-almeria-lucar;Andalucia;Almeria;Almeria;Lúcar;municipio;si;si;no;;Municipio incluido en el anexo de zonas prioritarias.;https://www.boe.es/buscar/act.php?id=BOE-A-2008-4474&p=20220727&tn=1
andalucia-almeria-macael;Andalucia;Almeria;Almeria;Macael;municipio;si;si;no;;Municipio incluido en el anexo de zonas prioritarias.;https://www.boe.es/buscar/act.php?id=BOE-A-2008-4474&p=20220727&tn=1
andalucia-almeria-maria;Andalucia;Almeria;Almeria;María;municipio;si;si;no;;Municipio incluido en el anexo de zonas prioritarias.;https://www.boe.es/buscar/act.php?id=BOE-A-2008-4474&p=20220727&tn=1
andalucia-almeria-nacimiento;Andalucia;Almeria;Almeria;Nacimiento;municipio;si;si;no;;Municipio incluido en el anexo de zonas prioritarias.;https://www.boe.es/buscar/act.php?id=BOE-A-2008-4474&p=20220727&tn=1
andalucia-almeria-nijar;Andalucia;Almeria;Almeria;Níjar;municipio;si;si;no;;Municipio incluido en el anexo de zonas prioritarias.;https://www.boe.es/buscar/act.php?id=BOE-A-2008-4474&p=20220727&tn=1
andalucia-almeria-ohanes;Andalucia;Almeria;Almeria;Ohanes;municipio;si;si;no;;Municipio incluido en el anexo de zonas prioritarias.;https://www.boe.es/buscar/act.php?id=BOE-A-2008-4474&p=20220727&tn=1
andalucia-almeria-olula;Andalucia;Almeria;Almeria;Olula;municipio;si;si;no;;Municipio incluido en el anexo de zonas prioritarias.;https://www.boe.es/buscar/act.php?id=BOE-A-2008-4474&p=20220727&tn=1
andalucia-almeria-olula-de-castro;Andalucia;Almeria;Almeria;Olula de Castro;municipio;si;si;no;;Municipio incluido en el anexo de zonas prioritarias.;https://www.boe.es/buscar/act.php?id=BOE-A-2008-4474&p=20220727&tn=1
andalucia-almeria-oria;Andalucia;Almeria;Almeria;Oria;municipio;si;si;no;;Municipio incluido en el anexo de zonas prioritarias.;https://www.boe.es/buscar/act.php?id=BOE-A-2008-4474&p=20220727&tn=1
andalucia-almeria-padules;Andalucia;Almeria;Almeria;Padules;municipio;si;si;no;;Municipio incluido en el anexo de zonas prioritarias.;https://www.boe.es/buscar/act.php?id=BOE-A-2008-4474&p=20220727&tn=1
andalucia-almeria-partaloa;Andalucia;Almeria;Almeria;Partaloa;municipio;si;si;no;;Municipio incluido en el anexo de zonas prioritarias.;https://www.boe.es/buscar/act.php?id=BOE-A-2008-4474&p=20220727&tn=1
andalucia-almeria-paterna-del-rio;Andalucia;Almeria;Almeria;Paterna del Río;municipio;si;si;no;;Municipio incluido en el anexo de zonas prioritarias.;https://www.boe.es/buscar/act.php?id=BOE-A-2008-4474&p=20220727&tn=1
andalucia-almeria-pechina;Andalucia;Almeria;Almeria;Pechina;municipio;si;si;no;;Municipio incluido en el anexo de zonas prioritarias.;https://www.boe.es/buscar/act.php?id=BOE-A-2008-4474&p=20220727&tn=1
andalucia-almeria-purchena;Andalucia;Almeria;Almeria;Purchena;municipio;si;si;no;;Municipio incluido en el anexo de zonas prioritarias.;https://www.boe.es/buscar/act.php?id=BOE-A-2008-4474&p=20220727&tn=1
andalucia-almeria-ragol;Andalucia;Almeria;Almeria;Rágol;municipio;si;si;no;;Municipio incluido en el anexo de zonas prioritarias.;https://www.boe.es/buscar/act.php?id=BOE-A-2008-4474&p=20220727&tn=1
andalucia-almeria-rioja;Andalucia;Almeria;Almeria;Rioja;municipio;si;si;no;;Municipio incluido en el anexo de zonas prioritarias.;https://www.boe.es/buscar/act.php?id=BOE-A-2008-4474&p=20220727&tn=1
andalucia-almeria-santa-cruz-de-marchena;Andalucia;Almeria;Almeria;Santa cruz de Marchena;municipio;si;si;no;;Municipio incluido en el anexo de zonas prioritarias.;https://www.boe.es/buscar/act.php?id=BOE-A-2008-4474&p=20220727&tn=1
andalucia-almeria-santa-fe-de-mondujar;Andalucia;Almeria;Almeria;Santa Fe de Mondújar;municipio;si;si;no;;Municipio incluido en el anexo de zonas prioritarias.;https://www.boe.es/buscar/act.php?id=BOE-A-2008-4474&p=20220727&tn=1
andalucia-almeria-senes;Andalucia;Almeria;Almeria;Senés;municipio;si;si;no;;Municipio incluido en el anexo de zonas prioritarias.;https://www.boe.es/buscar/act.php?id=BOE-A-2008-4474&p=20220727&tn=1
andalucia-almeria-seron;Andalucia;Almeria;Almeria;Serón;municipio;si;si;no;;Municipio incluido en el anexo de zonas prioritarias.;https://www.boe.es/buscar/act.php?id=BOE-A-2008-4474&p=20220727&tn=1
andalucia-almeria-sierro;Andalucia;Almeria;Almeria;Sierro;municipio;si;si;no;;Municipio incluido en el anexo de zonas prioritarias.;https://www.boe.es/buscar/act.php?id=BOE-A-2008-4474&p=20220727&tn=1
andalucia-almeria-somontin;Andalucia;Almeria;Almeria;Somontín;municipio;si;si;no;;Municipio incluido en el anexo de zonas prioritarias.;https://www.boe.es/buscar/act.php?id=BOE-A-2008-4474&p=20220727&tn=1
andalucia-almeria-sorbas;Andalucia;Almeria;Almeria;Sorbas;municipio;si;si;no;;Municipio incluido en el anexo de zonas prioritarias.;https://www.boe.es/buscar/act.php?id=BOE-A-2008-4474&p=20220727&tn=1
andalucia-almeria-sufli;Andalucia;Almeria;Almeria;Suflí;municipio;si;si;no;;Municipio incluido en el anexo de zonas prioritarias.;https://www.boe.es/buscar/act.php?id=BOE-A-2008-4474&p=20220727&tn=1
andalucia-almeria-taberna;Andalucia;Almeria;Almeria;Taberna;municipio;si;si;no;;Municipio incluido en el anexo de zonas prioritarias.;https://www.boe.es/buscar/act.php?id=BOE-A-2008-4474&p=20220727&tn=1
andalucia-almeria-tabernas;Andalucia;Almeria;Almeria;Tabernas;municipio;si;si;no;;Municipio incluido en el anexo de zonas prioritarias.;https://www.boe.es/buscar/act.php?id=BOE-A-2008-4474&p=20220727&tn=1
andalucia-almeria-tahal;Andalucia;Almeria;Almeria;Tahal;municipio;si;si;no;;Municipio incluido en el anexo de zonas prioritarias.;https://www.boe.es/buscar/act.php?id=BOE-A-2008-4474&p=20220727&tn=1
andalucia-almeria-terque;Andalucia;Almeria;Almeria;Terque;municipio;si;si;no;;Municipio incluido en el anexo de zonas prioritarias.;https://www.boe.es/buscar/act.php?id=BOE-A-2008-4474&p=20220727&tn=1
andalucia-almeria-tijola;Andalucia;Almeria;Almeria;Tíjola;municipio;si;si;no;;Municipio incluido en el anexo de zonas prioritarias.;https://www.boe.es/buscar/act.php?id=BOE-A-2008-4474&p=20220727&tn=1
andalucia-almeria-tres-villas-las;Andalucia;Almeria;Almeria;Tres Villas Las;municipio;si;si;no;;Municipio incluido en el anexo de zonas prioritarias.;https://www.boe.es/buscar/act.php?id=BOE-A-2008-4474&p=20220727&tn=1
andalucia-almeria-turrillas;Andalucia;Almeria;Almeria;Turrillas;municipio;si;si;no;;Municipio incluido en el anexo de zonas prioritarias.;https://www.boe.es/buscar/act.php?id=BOE-A-2008-4474&p=20220727&tn=1
andalucia-almeria-uleila-del-campo;Andalucia;Almeria;Almeria;Uleila del Campo;municipio;si;si;no;;Municipio incluido en el anexo de zonas prioritarias.;https://www.boe.es/buscar/act.php?id=BOE-A-2008-4474&p=20220727&tn=1
andalucia-almeria-urracal;Andalucia;Almeria;Almeria;Urrácal;municipio;si;si;no;;Municipio incluido en el anexo de zonas prioritarias.;https://www.boe.es/buscar/act.php?id=BOE-A-2008-4474&p=20220727&tn=1
andalucia-almeria-velefique;Andalucia;Almeria;Almeria;Velefique;municipio;si;si;no;;Municipio incluido en el anexo de zonas prioritarias.;https://www.boe.es/buscar/act.php?id=BOE-A-2008-4474&p=20220727&tn=1
andalucia-almeria-velez-blanco;Andalucia;Almeria;Almeria;Vélez Blanco;municipio;si;si;no;;Municipio incluido en el anexo de zonas prioritarias.;https://www.boe.es/buscar/act.php?id=BOE-A-2008-4474&p=20220727&tn=1
andalucia-almeria-velez-rubio;Andalucia;Almeria;Almeria;Vélez-Rubio;municipio;si;si;no;;Municipio incluido en el anexo de zonas prioritarias.;https://www.boe.es/buscar/act.php?id=BOE-A-2008-4474&p=20220727&tn=1
andalucia-almeria-viator;Andalucia;Almeria;Almeria;Viator;municipio;si;si;no;;Municipio incluido en el anexo de zonas prioritarias.;https://www.boe.es/buscar/act.php?id=BOE-A-2008-4474&p=20220727&tn=1
andalucia-almeria-zurgena;Andalucia;Almeria;Almeria;Zurgena;municipio;si;si;no;;Municipio incluido en el anexo de zonas prioritarias.;https://www.boe.es/buscar/act.php?id=BOE-A-2008-4474&p=20220727&tn=1
andalucia-cadiz-alcala-de-los-gazules;Andalucia;Cadiz;Cadiz;Alcalá de los Gazules;municipio;si;si;no;;Municipio incluido en el anexo de zonas prioritarias.;https://www.boe.es/buscar/act.php?id=BOE-A-2008-4474&p=20220727&tn=1
andalucia-cadiz-alcala-del-valle;Andalucia;Cadiz;Cadiz;Alcalá del Valle;municipio;si;si;no;;Municipio incluido en el anexo de zonas prioritarias.;https://www.boe.es/buscar/act.php?id=BOE-A-2008-4474&p=20220727&tn=1
andalucia-cadiz-algar;Andalucia;Cadiz;Cadiz;Algar;municipio;si;si;no;;Municipio incluido en el anexo de zonas prioritarias.;https://www.boe.es/buscar/act.php?id=BOE-A-2008-4474&p=20220727&tn=1
andalucia-cadiz-algeciras;Andalucia;Cadiz;Cadiz;Algeciras;municipio;si;si;no;;Municipio incluido en el anexo de zonas prioritarias.;https://www.boe.es/buscar/act.php?id=BOE-A-2008-4474&p=20220727&tn=1
andalucia-cadiz-algodonales;Andalucia;Cadiz;Cadiz;Algodonales;municipio;si;si;no;;Municipio incluido en el anexo de zonas prioritarias.;https://www.boe.es/buscar/act.php?id=BOE-A-2008-4474&p=20220727&tn=1
andalucia-cadiz-arcos-de-la-frontera;Andalucia;Cadiz;Cadiz;Arcos de la Frontera;municipio;si;si;no;;Municipio incluido en el anexo de zonas prioritarias.;https://www.boe.es/buscar/act.php?id=BOE-A-2008-4474&p=20220727&tn=1
andalucia-cadiz-barrios-los;Andalucia;Cadiz;Cadiz;Barrios, Los;municipio;si;si;no;;Municipio incluido en el anexo de zonas prioritarias.;https://www.boe.es/buscar/act.php?id=BOE-A-2008-4474&p=20220727&tn=1
andalucia-cadiz-benalup-casasviejas;Andalucia;Cadiz;Cadiz;Benalup - Casasviejas;municipio;si;si;no;;Municipio incluido en el anexo de zonas prioritarias.;https://www.boe.es/buscar/act.php?id=BOE-A-2008-4474&p=20220727&tn=1
andalucia-cadiz-benaocaz;Andalucia;Cadiz;Cadiz;Benaocaz;municipio;si;si;no;;Municipio incluido en el anexo de zonas prioritarias.;https://www.boe.es/buscar/act.php?id=BOE-A-2008-4474&p=20220727&tn=1
andalucia-cadiz-bornos;Andalucia;Cadiz;Cadiz;Bornos;municipio;si;si;no;;Municipio incluido en el anexo de zonas prioritarias.;https://www.boe.es/buscar/act.php?id=BOE-A-2008-4474&p=20220727&tn=1
andalucia-cadiz-bosque-el;Andalucia;Cadiz;Cadiz;Bosque,El;municipio;si;si;no;;Municipio incluido en el anexo de zonas prioritarias.;https://www.boe.es/buscar/act.php?id=BOE-A-2008-4474&p=20220727&tn=1
andalucia-cadiz-castellar-de-la-fontera;Andalucia;Cadiz;Cadiz;Castellar de la Fontera;municipio;si;si;no;;Municipio incluido en el anexo de zonas prioritarias.;https://www.boe.es/buscar/act.php?id=BOE-A-2008-4474&p=20220727&tn=1
andalucia-cadiz-chiclana-de-la-frontera;Andalucia;Cadiz;Cadiz;Chiclana de la Frontera;municipio;si;si;no;;Municipio incluido en el anexo de zonas prioritarias.;https://www.boe.es/buscar/act.php?id=BOE-A-2008-4474&p=20220727&tn=1
andalucia-cadiz-espera;Andalucia;Cadiz;Cadiz;Espera;municipio;si;si;no;;Municipio incluido en el anexo de zonas prioritarias.;https://www.boe.es/buscar/act.php?id=BOE-A-2008-4474&p=20220727&tn=1
andalucia-cadiz-gastor-el;Andalucia;Cadiz;Cadiz;Gastor El;municipio;si;si;no;;Municipio incluido en el anexo de zonas prioritarias.;https://www.boe.es/buscar/act.php?id=BOE-A-2008-4474&p=20220727&tn=1
andalucia-cadiz-grazalema;Andalucia;Cadiz;Cadiz;Grazalema;municipio;si;si;no;;Municipio incluido en el anexo de zonas prioritarias.;https://www.boe.es/buscar/act.php?id=BOE-A-2008-4474&p=20220727&tn=1
andalucia-cadiz-jerez-de-la-frontera;Andalucia;Cadiz;Cadiz;Jerez de la Frontera;municipio;si;si;no;;Municipio incluido en el anexo de zonas prioritarias.;https://www.boe.es/buscar/act.php?id=BOE-A-2008-4474&p=20220727&tn=1
andalucia-cadiz-jimera-de-la-frontera;Andalucia;Cadiz;Cadiz;Jimera de la Frontera;municipio;si;si;no;;Municipio incluido en el anexo de zonas prioritarias.;https://www.boe.es/buscar/act.php?id=BOE-A-2008-4474&p=20220727&tn=1
andalucia-cadiz-medina-sidonia;Andalucia;Cadiz;Cadiz;Medina Sidonia;municipio;si;si;no;;Municipio incluido en el anexo de zonas prioritarias.;https://www.boe.es/buscar/act.php?id=BOE-A-2008-4474&p=20220727&tn=1
andalucia-cadiz-olvera;Andalucia;Cadiz;Cadiz;Olvera;municipio;si;si;no;;Municipio incluido en el anexo de zonas prioritarias.;https://www.boe.es/buscar/act.php?id=BOE-A-2008-4474&p=20220727&tn=1
andalucia-cadiz-paterna-de-rivera;Andalucia;Cadiz;Cadiz;Paterna de Rivera;municipio;si;si;no;;Municipio incluido en el anexo de zonas prioritarias.;https://www.boe.es/buscar/act.php?id=BOE-A-2008-4474&p=20220727&tn=1
andalucia-cadiz-prado-del-rey;Andalucia;Cadiz;Cadiz;Prado del Rey;municipio;si;si;no;;Municipio incluido en el anexo de zonas prioritarias.;https://www.boe.es/buscar/act.php?id=BOE-A-2008-4474&p=20220727&tn=1
andalucia-cadiz-puerto-de-santa-maria;Andalucia;Cadiz;Cadiz;Puerto de Santa María;municipio;si;si;no;;Municipio incluido en el anexo de zonas prioritarias.;https://www.boe.es/buscar/act.php?id=BOE-A-2008-4474&p=20220727&tn=1
andalucia-cadiz-puerto-real;Andalucia;Cadiz;Cadiz;Puerto Real;municipio;si;si;no;;Municipio incluido en el anexo de zonas prioritarias.;https://www.boe.es/buscar/act.php?id=BOE-A-2008-4474&p=20220727&tn=1
andalucia-cadiz-puerto-serrano;Andalucia;Cadiz;Cadiz;Puerto Serrano;municipio;si;si;no;;Municipio incluido en el anexo de zonas prioritarias.;https://www.boe.es/buscar/act.php?id=BOE-A-2008-4474&p=20220727&tn=1
andalucia-cadiz-san-fernando;Andalucia;Cadiz;Cadiz;San Fernando;municipio;si;si;no;;Municipio incluido en el anexo de zonas prioritarias.;https://www.boe.es/buscar/act.php?id=BOE-A-2008-4474&p=20220727&tn=1
andalucia-cadiz-san-jose-del-valle;Andalucia;Cadiz;Cadiz;San José del Valle;municipio;si;si;no;;Municipio incluido en el anexo de zonas prioritarias.;https://www.boe.es/buscar/act.php?id=BOE-A-2008-4474&p=20220727&tn=1
andalucia-cadiz-setenil-de-las-bodegas;Andalucia;Cadiz;Cadiz;Setenil de las Bodegas;municipio;si;si;no;;Municipio incluido en el anexo de zonas prioritarias.;https://www.boe.es/buscar/act.php?id=BOE-A-2008-4474&p=20220727&tn=1
andalucia-cadiz-torre-alhaquime;Andalucia;Cadiz;Cadiz;Torre Alháquime;municipio;si;si;no;;Municipio incluido en el anexo de zonas prioritarias.;https://www.boe.es/buscar/act.php?id=BOE-A-2008-4474&p=20220727&tn=1
andalucia-cadiz-trebujena;Andalucia;Cadiz;Cadiz;Trebujena;municipio;si;si;no;;Municipio incluido en el anexo de zonas prioritarias.;https://www.boe.es/buscar/act.php?id=BOE-A-2008-4474&p=20220727&tn=1
andalucia-cadiz-ubrique;Andalucia;Cadiz;Cadiz;Ubrique;municipio;si;si;no;;Municipio incluido en el anexo de zonas prioritarias.;https://www.boe.es/buscar/act.php?id=BOE-A-2008-4474&p=20220727&tn=1
andalucia-cadiz-villaluenga-del-rosario;Andalucia;Cadiz;Cadiz;Villaluenga del Rosario;municipio;si;si;no;;Municipio incluido en el anexo de zonas prioritarias.;https://www.boe.es/buscar/act.php?id=BOE-A-2008-4474&p=20220727&tn=1
andalucia-cadiz-zahara-de-la-sierra;Andalucia;Cadiz;Cadiz;Zahara de la Sierra;municipio;si;si;no;;Municipio incluido en el anexo de zonas prioritarias.;https://www.boe.es/buscar/act.php?id=BOE-A-2008-4474&p=20220727&tn=1
andalucia-cordoba-adamuz;Andalucia;Cordoba;Cordoba;Adamuz;municipio;si;si;no;;Municipio incluido en el anexo de zonas prioritarias.;https://www.boe.es/buscar/act.php?id=BOE-A-2008-4474&p=20220727&tn=1
andalucia-cordoba-aguilar-de-la-frontera;Andalucia;Cordoba;Cordoba;Aguilar de la Frontera;municipio;si;si;no;;Municipio incluido en el anexo de zonas prioritarias.;https://www.boe.es/buscar/act.php?id=BOE-A-2008-4474&p=20220727&tn=1
andalucia-cordoba-alcaracejos;Andalucia;Cordoba;Cordoba;Alcaracejos;municipio;si;si;no;;Municipio incluido en el anexo de zonas prioritarias.;https://www.boe.es/buscar/act.php?id=BOE-A-2008-4474&p=20220727&tn=1
andalucia-cordoba-almedinilla;Andalucia;Cordoba;Cordoba;Almedinilla;municipio;si;si;no;;Municipio incluido en el anexo de zonas prioritarias.;https://www.boe.es/buscar/act.php?id=BOE-A-2008-4474&p=20220727&tn=1
andalucia-cordoba-anora;Andalucia;Cordoba;Cordoba;Añora;municipio;si;si;no;;Municipio incluido en el anexo de zonas prioritarias.;https://www.boe.es/buscar/act.php?id=BOE-A-2008-4474&p=20220727&tn=1
andalucia-cordoba-baena;Andalucia;Cordoba;Cordoba;Baena;municipio;si;si;no;;Municipio incluido en el anexo de zonas prioritarias.;https://www.boe.es/buscar/act.php?id=BOE-A-2008-4474&p=20220727&tn=1
andalucia-cordoba-belalcazar;Andalucia;Cordoba;Cordoba;Belalcázar;municipio;si;si;no;;Municipio incluido en el anexo de zonas prioritarias.;https://www.boe.es/buscar/act.php?id=BOE-A-2008-4474&p=20220727&tn=1
andalucia-cordoba-belmez;Andalucia;Cordoba;Cordoba;Belmez;municipio;si;si;no;;Municipio incluido en el anexo de zonas prioritarias.;https://www.boe.es/buscar/act.php?id=BOE-A-2008-4474&p=20220727&tn=1
andalucia-cordoba-benameji;Andalucia;Cordoba;Cordoba;Benamejí;municipio;si;si;no;;Municipio incluido en el anexo de zonas prioritarias.;https://www.boe.es/buscar/act.php?id=BOE-A-2008-4474&p=20220727&tn=1
andalucia-cordoba-blazquez-los;Andalucia;Cordoba;Cordoba;Blázquez Los;municipio;si;si;no;;Municipio incluido en el anexo de zonas prioritarias.;https://www.boe.es/buscar/act.php?id=BOE-A-2008-4474&p=20220727&tn=1
andalucia-cordoba-bujalance;Andalucia;Cordoba;Cordoba;Bujalance;municipio;si;si;no;;Municipio incluido en el anexo de zonas prioritarias.;https://www.boe.es/buscar/act.php?id=BOE-A-2008-4474&p=20220727&tn=1
andalucia-cordoba-cabra;Andalucia;Cordoba;Cordoba;Cabra;municipio;si;si;no;;Municipio incluido en el anexo de zonas prioritarias.;https://www.boe.es/buscar/act.php?id=BOE-A-2008-4474&p=20220727&tn=1
andalucia-cordoba-canete-de-las-torres;Andalucia;Cordoba;Cordoba;Cañete de las Torres;municipio;si;si;no;;Municipio incluido en el anexo de zonas prioritarias.;https://www.boe.es/buscar/act.php?id=BOE-A-2008-4474&p=20220727&tn=1
andalucia-cordoba-carcabuey;Andalucia;Cordoba;Cordoba;Carcabuey;municipio;si;si;no;;Municipio incluido en el anexo de zonas prioritarias.;https://www.boe.es/buscar/act.php?id=BOE-A-2008-4474&p=20220727&tn=1
andalucia-cordoba-cardena;Andalucia;Cordoba;Cordoba;Cardeña;municipio;si;si;no;;Municipio incluido en el anexo de zonas prioritarias.;https://www.boe.es/buscar/act.php?id=BOE-A-2008-4474&p=20220727&tn=1
andalucia-cordoba-carpio-el;Andalucia;Cordoba;Cordoba;Carpio El;municipio;si;si;no;;Municipio incluido en el anexo de zonas prioritarias.;https://www.boe.es/buscar/act.php?id=BOE-A-2008-4474&p=20220727&tn=1
andalucia-cordoba-castro-del-rio;Andalucia;Cordoba;Cordoba;Castro del Río;municipio;si;si;no;;Municipio incluido en el anexo de zonas prioritarias.;https://www.boe.es/buscar/act.php?id=BOE-A-2008-4474&p=20220727&tn=1
andalucia-cordoba-conquista;Andalucia;Cordoba;Cordoba;Conquista;municipio;si;si;no;;Municipio incluido en el anexo de zonas prioritarias.;https://www.boe.es/buscar/act.php?id=BOE-A-2008-4474&p=20220727&tn=1
andalucia-cordoba-dona-mencia;Andalucia;Cordoba;Cordoba;Doña Mencía;municipio;si;si;no;;Municipio incluido en el anexo de zonas prioritarias.;https://www.boe.es/buscar/act.php?id=BOE-A-2008-4474&p=20220727&tn=1
andalucia-cordoba-dos-torres;Andalucia;Cordoba;Cordoba;Dos Torres;municipio;si;si;no;;Municipio incluido en el anexo de zonas prioritarias.;https://www.boe.es/buscar/act.php?id=BOE-A-2008-4474&p=20220727&tn=1
andalucia-cordoba-encinas-reales;Andalucia;Cordoba;Cordoba;Encinas Reales;municipio;si;si;no;;Municipio incluido en el anexo de zonas prioritarias.;https://www.boe.es/buscar/act.php?id=BOE-A-2008-4474&p=20220727&tn=1
andalucia-cordoba-espejo;Andalucia;Cordoba;Cordoba;Espejo;municipio;si;si;no;;Municipio incluido en el anexo de zonas prioritarias.;https://www.boe.es/buscar/act.php?id=BOE-A-2008-4474&p=20220727&tn=1
andalucia-cordoba-espiel;Andalucia;Cordoba;Cordoba;Espiel;municipio;si;si;no;;Municipio incluido en el anexo de zonas prioritarias.;https://www.boe.es/buscar/act.php?id=BOE-A-2008-4474&p=20220727&tn=1
andalucia-cordoba-fernan-nunez;Andalucia;Cordoba;Cordoba;Fernán Núñez;municipio;si;si;no;;Municipio incluido en el anexo de zonas prioritarias.;https://www.boe.es/buscar/act.php?id=BOE-A-2008-4474&p=20220727&tn=1
andalucia-cordoba-fuente-la-lancha;Andalucia;Cordoba;Cordoba;Fuente la Lancha;municipio;si;si;no;;Municipio incluido en el anexo de zonas prioritarias.;https://www.boe.es/buscar/act.php?id=BOE-A-2008-4474&p=20220727&tn=1
andalucia-cordoba-fuente-ovejuna;Andalucia;Cordoba;Cordoba;Fuente Ovejuna;municipio;si;si;no;;Municipio incluido en el anexo de zonas prioritarias.;https://www.boe.es/buscar/act.php?id=BOE-A-2008-4474&p=20220727&tn=1
andalucia-cordoba-fuente-palmera;Andalucia;Cordoba;Cordoba;Fuente Palmera;municipio;si;si;no;;Municipio incluido en el anexo de zonas prioritarias.;https://www.boe.es/buscar/act.php?id=BOE-A-2008-4474&p=20220727&tn=1
andalucia-cordoba-fuente-tojar;Andalucia;Cordoba;Cordoba;Fuente Tójar;municipio;si;si;no;;Municipio incluido en el anexo de zonas prioritarias.;https://www.boe.es/buscar/act.php?id=BOE-A-2008-4474&p=20220727&tn=1
andalucia-cordoba-granjuela-la;Andalucia;Cordoba;Cordoba;Granjuela,La;municipio;si;si;no;;Municipio incluido en el anexo de zonas prioritarias.;https://www.boe.es/buscar/act.php?id=BOE-A-2008-4474&p=20220727&tn=1
andalucia-cordoba-guijo-el;Andalucia;Cordoba;Cordoba;Guijo,El;municipio;si;si;no;;Municipio incluido en el anexo de zonas prioritarias.;https://www.boe.es/buscar/act.php?id=BOE-A-2008-4474&p=20220727&tn=1
andalucia-cordoba-hinojosa-del-duque;Andalucia;Cordoba;Cordoba;Hinojosa del Duque;municipio;si;si;no;;Municipio incluido en el anexo de zonas prioritarias.;https://www.boe.es/buscar/act.php?id=BOE-A-2008-4474&p=20220727&tn=1
andalucia-cordoba-hornachuelos;Andalucia;Cordoba;Cordoba;Hornachuelos;municipio;si;si;no;;Municipio incluido en el anexo de zonas prioritarias.;https://www.boe.es/buscar/act.php?id=BOE-A-2008-4474&p=20220727&tn=1
andalucia-cordoba-iznajar;Andalucia;Cordoba;Cordoba;Iznájar;municipio;si;si;no;;Municipio incluido en el anexo de zonas prioritarias.;https://www.boe.es/buscar/act.php?id=BOE-A-2008-4474&p=20220727&tn=1
andalucia-cordoba-la-rambla;Andalucia;Cordoba;Cordoba;La Rambla;municipio;si;si;no;;Municipio incluido en el anexo de zonas prioritarias.;https://www.boe.es/buscar/act.php?id=BOE-A-2008-4474&p=20220727&tn=1
andalucia-cordoba-lucena;Andalucia;Cordoba;Cordoba;Lucena;municipio;si;si;no;;Municipio incluido en el anexo de zonas prioritarias.;https://www.boe.es/buscar/act.php?id=BOE-A-2008-4474&p=20220727&tn=1
andalucia-cordoba-luque;Andalucia;Cordoba;Cordoba;Luque;municipio;si;si;no;;Municipio incluido en el anexo de zonas prioritarias.;https://www.boe.es/buscar/act.php?id=BOE-A-2008-4474&p=20220727&tn=1
andalucia-cordoba-montalban-de-cordoba;Andalucia;Cordoba;Cordoba;Montalbán de Cordoba;municipio;si;si;no;;Municipio incluido en el anexo de zonas prioritarias.;https://www.boe.es/buscar/act.php?id=BOE-A-2008-4474&p=20220727&tn=1
andalucia-cordoba-montemayor;Andalucia;Cordoba;Cordoba;Montemayor;municipio;si;si;no;;Municipio incluido en el anexo de zonas prioritarias.;https://www.boe.es/buscar/act.php?id=BOE-A-2008-4474&p=20220727&tn=1
andalucia-cordoba-montilla;Andalucia;Cordoba;Cordoba;Montilla;municipio;si;si;no;;Municipio incluido en el anexo de zonas prioritarias.;https://www.boe.es/buscar/act.php?id=BOE-A-2008-4474&p=20220727&tn=1
andalucia-cordoba-montoro;Andalucia;Cordoba;Cordoba;Montoro;municipio;si;si;no;;Municipio incluido en el anexo de zonas prioritarias.;https://www.boe.es/buscar/act.php?id=BOE-A-2008-4474&p=20220727&tn=1
andalucia-cordoba-monturque;Andalucia;Cordoba;Cordoba;Monturque;municipio;si;si;no;;Municipio incluido en el anexo de zonas prioritarias.;https://www.boe.es/buscar/act.php?id=BOE-A-2008-4474&p=20220727&tn=1
andalucia-cordoba-moriles;Andalucia;Cordoba;Cordoba;Moriles;municipio;si;si;no;;Municipio incluido en el anexo de zonas prioritarias.;https://www.boe.es/buscar/act.php?id=BOE-A-2008-4474&p=20220727&tn=1
andalucia-cordoba-nueva-carteya;Andalucia;Cordoba;Cordoba;Nueva Carteya;municipio;si;si;no;;Municipio incluido en el anexo de zonas prioritarias.;https://www.boe.es/buscar/act.php?id=BOE-A-2008-4474&p=20220727&tn=1
andalucia-cordoba-palenciana;Andalucia;Cordoba;Cordoba;Palenciana;municipio;si;si;no;;Municipio incluido en el anexo de zonas prioritarias.;https://www.boe.es/buscar/act.php?id=BOE-A-2008-4474&p=20220727&tn=1
andalucia-cordoba-palma-del-rio;Andalucia;Cordoba;Cordoba;Palma del Río;municipio;si;si;no;;Municipio incluido en el anexo de zonas prioritarias.;https://www.boe.es/buscar/act.php?id=BOE-A-2008-4474&p=20220727&tn=1
andalucia-cordoba-pedro-abad;Andalucia;Cordoba;Cordoba;Pedro Abad;municipio;si;si;no;;Municipio incluido en el anexo de zonas prioritarias.;https://www.boe.es/buscar/act.php?id=BOE-A-2008-4474&p=20220727&tn=1
andalucia-cordoba-pedroche;Andalucia;Cordoba;Cordoba;Pedroche;municipio;si;si;no;;Municipio incluido en el anexo de zonas prioritarias.;https://www.boe.es/buscar/act.php?id=BOE-A-2008-4474&p=20220727&tn=1
andalucia-cordoba-penarroya;Andalucia;Cordoba;Cordoba;Peñarroya;municipio;si;si;no;;Municipio incluido en el anexo de zonas prioritarias.;https://www.boe.es/buscar/act.php?id=BOE-A-2008-4474&p=20220727&tn=1
andalucia-cordoba-posadas;Andalucia;Cordoba;Cordoba;Posadas;municipio;si;si;no;;Municipio incluido en el anexo de zonas prioritarias.;https://www.boe.es/buscar/act.php?id=BOE-A-2008-4474&p=20220727&tn=1
andalucia-cordoba-pozoblanco;Andalucia;Cordoba;Cordoba;Pozoblanco;municipio;si;si;no;;Municipio incluido en el anexo de zonas prioritarias.;https://www.boe.es/buscar/act.php?id=BOE-A-2008-4474&p=20220727&tn=1
andalucia-cordoba-priego-de-cordoba;Andalucia;Cordoba;Cordoba;Priego de Córdoba;municipio;si;si;no;;Municipio incluido en el anexo de zonas prioritarias.;https://www.boe.es/buscar/act.php?id=BOE-A-2008-4474&p=20220727&tn=1
andalucia-cordoba-puente-genil;Andalucia;Cordoba;Cordoba;Puente Genil;municipio;si;si;no;;Municipio incluido en el anexo de zonas prioritarias.;https://www.boe.es/buscar/act.php?id=BOE-A-2008-4474&p=20220727&tn=1
andalucia-cordoba-rute;Andalucia;Cordoba;Cordoba;Rute;municipio;si;si;no;;Municipio incluido en el anexo de zonas prioritarias.;https://www.boe.es/buscar/act.php?id=BOE-A-2008-4474&p=20220727&tn=1
andalucia-cordoba-san-sebastian-de-los-ballesteros;Andalucia;Cordoba;Cordoba;San Sebastián de los Ballesteros;municipio;si;si;no;;Municipio incluido en el anexo de zonas prioritarias.;https://www.boe.es/buscar/act.php?id=BOE-A-2008-4474&p=20220727&tn=1
andalucia-cordoba-santa-eufemia;Andalucia;Cordoba;Cordoba;Santa Eufemia;municipio;si;si;no;;Municipio incluido en el anexo de zonas prioritarias.;https://www.boe.es/buscar/act.php?id=BOE-A-2008-4474&p=20220727&tn=1
andalucia-cordoba-santaella;Andalucia;Cordoba;Cordoba;Santaella;municipio;si;si;no;;Municipio incluido en el anexo de zonas prioritarias.;https://www.boe.es/buscar/act.php?id=BOE-A-2008-4474&p=20220727&tn=1
andalucia-cordoba-torrecampo;Andalucia;Cordoba;Cordoba;Torrecampo;municipio;si;si;no;;Municipio incluido en el anexo de zonas prioritarias.;https://www.boe.es/buscar/act.php?id=BOE-A-2008-4474&p=20220727&tn=1
andalucia-cordoba-valenzuela;Andalucia;Cordoba;Cordoba;Valenzuela;municipio;si;si;no;;Municipio incluido en el anexo de zonas prioritarias.;https://www.boe.es/buscar/act.php?id=BOE-A-2008-4474&p=20220727&tn=1
andalucia-cordoba-valsequillo;Andalucia;Cordoba;Cordoba;Valsequillo;municipio;si;si;no;;Municipio incluido en el anexo de zonas prioritarias.;https://www.boe.es/buscar/act.php?id=BOE-A-2008-4474&p=20220727&tn=1
andalucia-cordoba-victoria-la;Andalucia;Cordoba;Cordoba;Victoria, La;municipio;si;si;no;;Municipio incluido en el anexo de zonas prioritarias.;https://www.boe.es/buscar/act.php?id=BOE-A-2008-4474&p=20220727&tn=1
andalucia-cordoba-villa-del-rio;Andalucia;Cordoba;Cordoba;Villa del Rio;municipio;si;si;no;;Municipio incluido en el anexo de zonas prioritarias.;https://www.boe.es/buscar/act.php?id=BOE-A-2008-4474&p=20220727&tn=1
andalucia-cordoba-villanueva-de-cordoba;Andalucia;Cordoba;Cordoba;Villanueva de Córdoba;municipio;si;si;no;;Municipio incluido en el anexo de zonas prioritarias.;https://www.boe.es/buscar/act.php?id=BOE-A-2008-4474&p=20220727&tn=1
andalucia-cordoba-villanueva-del-duque;Andalucia;Cordoba;Cordoba;Villanueva del Duque;municipio;si;si;no;;Municipio incluido en el anexo de zonas prioritarias.;https://www.boe.es/buscar/act.php?id=BOE-A-2008-4474&p=20220727&tn=1
andalucia-cordoba-villanueva-del-rey;Andalucia;Cordoba;Cordoba;Villanueva del Rey;municipio;si;si;no;;Municipio incluido en el anexo de zonas prioritarias.;https://www.boe.es/buscar/act.php?id=BOE-A-2008-4474&p=20220727&tn=1
andalucia-cordoba-villaralto;Andalucia;Cordoba;Cordoba;Villaralto;municipio;si;si;no;;Municipio incluido en el anexo de zonas prioritarias.;https://www.boe.es/buscar/act.php?id=BOE-A-2008-4474&p=20220727&tn=1
andalucia-cordoba-viso-el;Andalucia;Cordoba;Cordoba;Viso, El;municipio;si;si;no;;Municipio incluido en el anexo de zonas prioritarias.;https://www.boe.es/buscar/act.php?id=BOE-A-2008-4474&p=20220727&tn=1
andalucia-cordoba-zuheros;Andalucia;Cordoba;Cordoba;Zuheros;municipio;si;si;no;;Municipio incluido en el anexo de zonas prioritarias.;https://www.boe.es/buscar/act.php?id=BOE-A-2008-4474&p=20220727&tn=1
andalucia-granada-agron;Andalucia;Granada;Granada;Agrón;municipio;si;si;no;;Municipio incluido en el anexo de zonas prioritarias.;https://www.boe.es/buscar/act.php?id=BOE-A-2008-4474&p=20220727&tn=1
andalucia-granada-alamedilla;Andalucia;Granada;Granada;Alamedilla;municipio;si;si;no;;Municipio incluido en el anexo de zonas prioritarias.;https://www.boe.es/buscar/act.php?id=BOE-A-2008-4474&p=20220727&tn=1
andalucia-granada-albondon;Andalucia;Granada;Granada;Albondón;municipio;si;si;no;;Municipio incluido en el anexo de zonas prioritarias.;https://www.boe.es/buscar/act.php?id=BOE-A-2008-4474&p=20220727&tn=1
andalucia-granada-albunan;Andalucia;Granada;Granada;Albuñán;municipio;si;si;no;;Municipio incluido en el anexo de zonas prioritarias.;https://www.boe.es/buscar/act.php?id=BOE-A-2008-4474&p=20220727&tn=1
andalucia-granada-albunol;Andalucia;Granada;Granada;Albuñol;municipio;si;si;no;;Municipio incluido en el anexo de zonas prioritarias.;https://www.boe.es/buscar/act.php?id=BOE-A-2008-4474&p=20220727&tn=1
andalucia-granada-albunuelas;Andalucia;Granada;Granada;Albuñuelas;municipio;si;si;no;;Municipio incluido en el anexo de zonas prioritarias.;https://www.boe.es/buscar/act.php?id=BOE-A-2008-4474&p=20220727&tn=1
andalucia-granada-aldeire;Andalucia;Granada;Granada;Aldeire;municipio;si;si;no;;Municipio incluido en el anexo de zonas prioritarias.;https://www.boe.es/buscar/act.php?id=BOE-A-2008-4474&p=20220727&tn=1
andalucia-granada-algarinejo;Andalucia;Granada;Granada;Algarinejo;municipio;si;si;no;;Municipio incluido en el anexo de zonas prioritarias.;https://www.boe.es/buscar/act.php?id=BOE-A-2008-4474&p=20220727&tn=1
andalucia-granada-alhama-de-granada;Andalucia;Granada;Granada;Alhama de Granada;municipio;si;si;no;;Municipio incluido en el anexo de zonas prioritarias.;https://www.boe.es/buscar/act.php?id=BOE-A-2008-4474&p=20220727&tn=1
andalucia-granada-alicun-de-ortega;Andalucia;Granada;Granada;Alicún de Ortega;municipio;si;si;no;;Municipio incluido en el anexo de zonas prioritarias.;https://www.boe.es/buscar/act.php?id=BOE-A-2008-4474&p=20220727&tn=1
andalucia-granada-almegijar;Andalucia;Granada;Granada;Almegíjar;municipio;si;si;no;;Municipio incluido en el anexo de zonas prioritarias.;https://www.boe.es/buscar/act.php?id=BOE-A-2008-4474&p=20220727&tn=1
andalucia-granada-alpujarra-de-la-sierra;Andalucia;Granada;Granada;Alpujarra de la Sierra;municipio;si;si;no;;Municipio incluido en el anexo de zonas prioritarias.;https://www.boe.es/buscar/act.php?id=BOE-A-2008-4474&p=20220727&tn=1
andalucia-granada-alquife;Andalucia;Granada;Granada;Alquife;municipio;si;si;no;;Municipio incluido en el anexo de zonas prioritarias.;https://www.boe.es/buscar/act.php?id=BOE-A-2008-4474&p=20220727&tn=1
andalucia-granada-arenas-del-rey;Andalucia;Granada;Granada;Arenas del Rey;municipio;si;si;no;;Municipio incluido en el anexo de zonas prioritarias.;https://www.boe.es/buscar/act.php?id=BOE-A-2008-4474&p=20220727&tn=1
andalucia-granada-baza;Andalucia;Granada;Granada;Baza;municipio;si;si;no;;Municipio incluido en el anexo de zonas prioritarias.;https://www.boe.es/buscar/act.php?id=BOE-A-2008-4474&p=20220727&tn=1
andalucia-granada-beas-de-guadix;Andalucia;Granada;Granada;Beas de Guadix;municipio;si;si;no;;Municipio incluido en el anexo de zonas prioritarias.;https://www.boe.es/buscar/act.php?id=BOE-A-2008-4474&p=20220727&tn=1
andalucia-granada-benalua;Andalucia;Granada;Granada;Benalúa;municipio;si;si;no;;Municipio incluido en el anexo de zonas prioritarias.;https://www.boe.es/buscar/act.php?id=BOE-A-2008-4474&p=20220727&tn=1
andalucia-granada-benalua-de-las-villas;Andalucia;Granada;Granada;Benalúa de las Villas;municipio;si;si;no;;Municipio incluido en el anexo de zonas prioritarias.;https://www.boe.es/buscar/act.php?id=BOE-A-2008-4474&p=20220727&tn=1
andalucia-granada-benamaurel;Andalucia;Granada;Granada;Benamaurel;municipio;si;si;no;;Municipio incluido en el anexo de zonas prioritarias.;https://www.boe.es/buscar/act.php?id=BOE-A-2008-4474&p=20220727&tn=1
andalucia-granada-berchules;Andalucia;Granada;Granada;Bérchules;municipio;si;si;no;;Municipio incluido en el anexo de zonas prioritarias.;https://www.boe.es/buscar/act.php?id=BOE-A-2008-4474&p=20220727&tn=1
andalucia-granada-bubion;Andalucia;Granada;Granada;Bubión;municipio;si;si;no;;Municipio incluido en el anexo de zonas prioritarias.;https://www.boe.es/buscar/act.php?id=BOE-A-2008-4474&p=20220727&tn=1
andalucia-granada-busquistar;Andalucia;Granada;Granada;Busquistar;municipio;si;si;no;;Municipio incluido en el anexo de zonas prioritarias.;https://www.boe.es/buscar/act.php?id=BOE-A-2008-4474&p=20220727&tn=1
andalucia-granada-cacin;Andalucia;Granada;Granada;Cacín;municipio;si;si;no;;Municipio incluido en el anexo de zonas prioritarias.;https://www.boe.es/buscar/act.php?id=BOE-A-2008-4474&p=20220727&tn=1
andalucia-granada-cadiar;Andalucia;Granada;Granada;Cádiar;municipio;si;si;no;;Municipio incluido en el anexo de zonas prioritarias.;https://www.boe.es/buscar/act.php?id=BOE-A-2008-4474&p=20220727&tn=1
andalucia-granada-campotejar;Andalucia;Granada;Granada;Campotéjar;municipio;si;si;no;;Municipio incluido en el anexo de zonas prioritarias.;https://www.boe.es/buscar/act.php?id=BOE-A-2008-4474&p=20220727&tn=1
andalucia-granada-caniles;Andalucia;Granada;Granada;Caniles;municipio;si;si;no;;Municipio incluido en el anexo de zonas prioritarias.;https://www.boe.es/buscar/act.php?id=BOE-A-2008-4474&p=20220727&tn=1
andalucia-granada-canar;Andalucia;Granada;Granada;Cáñar;municipio;si;si;no;;Municipio incluido en el anexo de zonas prioritarias.;https://www.boe.es/buscar/act.php?id=BOE-A-2008-4474&p=20220727&tn=1
andalucia-granada-capileira;Andalucia;Granada;Granada;Capileira;municipio;si;si;no;;Municipio incluido en el anexo de zonas prioritarias.;https://www.boe.es/buscar/act.php?id=BOE-A-2008-4474&p=20220727&tn=1
andalucia-granada-carataunas;Andalucia;Granada;Granada;Carataunas;municipio;si;si;no;;Municipio incluido en el anexo de zonas prioritarias.;https://www.boe.es/buscar/act.php?id=BOE-A-2008-4474&p=20220727&tn=1
andalucia-granada-castaras;Andalucia;Granada;Granada;Cástaras;municipio;si;si;no;;Municipio incluido en el anexo de zonas prioritarias.;https://www.boe.es/buscar/act.php?id=BOE-A-2008-4474&p=20220727&tn=1
andalucia-granada-castillejar;Andalucia;Granada;Granada;Castilléjar;municipio;si;si;no;;Municipio incluido en el anexo de zonas prioritarias.;https://www.boe.es/buscar/act.php?id=BOE-A-2008-4474&p=20220727&tn=1
andalucia-granada-castril;Andalucia;Granada;Granada;Castril;municipio;si;si;no;;Municipio incluido en el anexo de zonas prioritarias.;https://www.boe.es/buscar/act.php?id=BOE-A-2008-4474&p=20220727&tn=1
andalucia-granada-chimeneas;Andalucia;Granada;Granada;Chimeneas;municipio;si;si;no;;Municipio incluido en el anexo de zonas prioritarias.;https://www.boe.es/buscar/act.php?id=BOE-A-2008-4474&p=20220727&tn=1
andalucia-granada-cogollos-de-guadix;Andalucia;Granada;Granada;Cogollos de Guadix;municipio;si;si;no;;Municipio incluido en el anexo de zonas prioritarias.;https://www.boe.es/buscar/act.php?id=BOE-A-2008-4474&p=20220727&tn=1
andalucia-granada-colomera;Andalucia;Granada;Granada;Colomera;municipio;si;si;no;;Municipio incluido en el anexo de zonas prioritarias.;https://www.boe.es/buscar/act.php?id=BOE-A-2008-4474&p=20220727&tn=1
andalucia-granada-cortes-de-baza;Andalucia;Granada;Granada;Córtes de Baza;municipio;si;si;no;;Municipio incluido en el anexo de zonas prioritarias.;https://www.boe.es/buscar/act.php?id=BOE-A-2008-4474&p=20220727&tn=1
andalucia-granada-cortes-y-graena;Andalucia;Granada;Granada;Córtes y Graena;municipio;si;si;no;;Municipio incluido en el anexo de zonas prioritarias.;https://www.boe.es/buscar/act.php?id=BOE-A-2008-4474&p=20220727&tn=1
andalucia-granada-cuevas-del-campo;Andalucia;Granada;Granada;Cuevas del Campo;municipio;si;si;no;;Municipio incluido en el anexo de zonas prioritarias.;https://www.boe.es/buscar/act.php?id=BOE-A-2008-4474&p=20220727&tn=1
andalucia-granada-cullar;Andalucia;Granada;Granada;Cúllar;municipio;si;si;no;;Municipio incluido en el anexo de zonas prioritarias.;https://www.boe.es/buscar/act.php?id=BOE-A-2008-4474&p=20220727&tn=1
andalucia-granada-darro;Andalucia;Granada;Granada;Darro;municipio;si;si;no;;Municipio incluido en el anexo de zonas prioritarias.;https://www.boe.es/buscar/act.php?id=BOE-A-2008-4474&p=20220727&tn=1
andalucia-granada-dehesas-de-guadix;Andalucia;Granada;Granada;Dehesas de Guadix;municipio;si;si;no;;Municipio incluido en el anexo de zonas prioritarias.;https://www.boe.es/buscar/act.php?id=BOE-A-2008-4474&p=20220727&tn=1
andalucia-granada-diezma;Andalucia;Granada;Granada;Diezma;municipio;si;si;no;;Municipio incluido en el anexo de zonas prioritarias.;https://www.boe.es/buscar/act.php?id=BOE-A-2008-4474&p=20220727&tn=1
andalucia-granada-dolar;Andalucia;Granada;Granada;Dólar;municipio;si;si;no;;Municipio incluido en el anexo de zonas prioritarias.;https://www.boe.es/buscar/act.php?id=BOE-A-2008-4474&p=20220727&tn=1
andalucia-granada-durcal;Andalucia;Granada;Granada;Dúrcal;municipio;si;si;no;;Municipio incluido en el anexo de zonas prioritarias.;https://www.boe.es/buscar/act.php?id=BOE-A-2008-4474&p=20220727&tn=1
andalucia-granada-escuzar;Andalucia;Granada;Granada;Escúzar;municipio;si;si;no;;Municipio incluido en el anexo de zonas prioritarias.;https://www.boe.es/buscar/act.php?id=BOE-A-2008-4474&p=20220727&tn=1
andalucia-granada-ferreira;Andalucia;Granada;Granada;Ferreira;municipio;si;si;no;;Municipio incluido en el anexo de zonas prioritarias.;https://www.boe.es/buscar/act.php?id=BOE-A-2008-4474&p=20220727&tn=1
andalucia-granada-fonelas;Andalucia;Granada;Granada;Fonelas;municipio;si;si;no;;Municipio incluido en el anexo de zonas prioritarias.;https://www.boe.es/buscar/act.php?id=BOE-A-2008-4474&p=20220727&tn=1
andalucia-granada-freila;Andalucia;Granada;Granada;Freila;municipio;si;si;no;;Municipio incluido en el anexo de zonas prioritarias.;https://www.boe.es/buscar/act.php?id=BOE-A-2008-4474&p=20220727&tn=1
andalucia-granada-galera;Andalucia;Granada;Granada;Galera;municipio;si;si;no;;Municipio incluido en el anexo de zonas prioritarias.;https://www.boe.es/buscar/act.php?id=BOE-A-2008-4474&p=20220727&tn=1
andalucia-granada-gobernador;Andalucia;Granada;Granada;Gobernador;municipio;si;si;no;;Municipio incluido en el anexo de zonas prioritarias.;https://www.boe.es/buscar/act.php?id=BOE-A-2008-4474&p=20220727&tn=1
andalucia-granada-gor;Andalucia;Granada;Granada;Gor;municipio;si;si;no;;Municipio incluido en el anexo de zonas prioritarias.;https://www.boe.es/buscar/act.php?id=BOE-A-2008-4474&p=20220727&tn=1
andalucia-granada-gorafe;Andalucia;Granada;Granada;Gorafe;municipio;si;si;no;;Municipio incluido en el anexo de zonas prioritarias.;https://www.boe.es/buscar/act.php?id=BOE-A-2008-4474&p=20220727&tn=1
andalucia-granada-guadahortuna;Andalucia;Granada;Granada;Guadahortuna;municipio;si;si;no;;Municipio incluido en el anexo de zonas prioritarias.;https://www.boe.es/buscar/act.php?id=BOE-A-2008-4474&p=20220727&tn=1
andalucia-granada-guadix;Andalucia;Granada;Granada;Guadix;municipio;si;si;no;;Municipio incluido en el anexo de zonas prioritarias.;https://www.boe.es/buscar/act.php?id=BOE-A-2008-4474&p=20220727&tn=1
andalucia-granada-guajares-los;Andalucia;Granada;Granada;Guájares,Los;municipio;si;si;no;;Municipio incluido en el anexo de zonas prioritarias.;https://www.boe.es/buscar/act.php?id=BOE-A-2008-4474&p=20220727&tn=1
andalucia-granada-gualchos;Andalucia;Granada;Granada;Gualchos;municipio;si;si;no;;Municipio incluido en el anexo de zonas prioritarias.;https://www.boe.es/buscar/act.php?id=BOE-A-2008-4474&p=20220727&tn=1
andalucia-granada-huelago;Andalucia;Granada;Granada;Huélago;municipio;si;si;no;;Municipio incluido en el anexo de zonas prioritarias.;https://www.boe.es/buscar/act.php?id=BOE-A-2008-4474&p=20220727&tn=1
andalucia-granada-hueneja;Andalucia;Granada;Granada;Huéneja;municipio;si;si;no;;Municipio incluido en el anexo de zonas prioritarias.;https://www.boe.es/buscar/act.php?id=BOE-A-2008-4474&p=20220727&tn=1
andalucia-granada-huescar;Andalucia;Granada;Granada;Huéscar;municipio;si;si;no;;Municipio incluido en el anexo de zonas prioritarias.;https://www.boe.es/buscar/act.php?id=BOE-A-2008-4474&p=20220727&tn=1
andalucia-granada-huetor-santillan;Andalucia;Granada;Granada;Húetor Santillán;municipio;si;si;no;;Municipio incluido en el anexo de zonas prioritarias.;https://www.boe.es/buscar/act.php?id=BOE-A-2008-4474&p=20220727&tn=1
andalucia-granada-huetor-tajar;Andalucia;Granada;Granada;Huétor Tajar;municipio;si;si;no;;Municipio incluido en el anexo de zonas prioritarias.;https://www.boe.es/buscar/act.php?id=BOE-A-2008-4474&p=20220727&tn=1
andalucia-granada-illora;Andalucia;Granada;Granada;Illora;municipio;si;si;no;;Municipio incluido en el anexo de zonas prioritarias.;https://www.boe.es/buscar/act.php?id=BOE-A-2008-4474&p=20220727&tn=1
andalucia-granada-itrabo;Andalucia;Granada;Granada;Itrabo;municipio;si;si;no;;Municipio incluido en el anexo de zonas prioritarias.;https://www.boe.es/buscar/act.php?id=BOE-A-2008-4474&p=20220727&tn=1
andalucia-granada-iznalloz;Andalucia;Granada;Granada;Iznalloz;municipio;si;si;no;;Municipio incluido en el anexo de zonas prioritarias.;https://www.boe.es/buscar/act.php?id=BOE-A-2008-4474&p=20220727&tn=1
andalucia-granada-jayena;Andalucia;Granada;Granada;Jayena;municipio;si;si;no;;Municipio incluido en el anexo de zonas prioritarias.;https://www.boe.es/buscar/act.php?id=BOE-A-2008-4474&p=20220727&tn=1
andalucia-granada-jerez-del-marquesado;Andalucia;Granada;Granada;Jerez del Marquesado;municipio;si;si;no;;Municipio incluido en el anexo de zonas prioritarias.;https://www.boe.es/buscar/act.php?id=BOE-A-2008-4474&p=20220727&tn=1
andalucia-granada-jete;Andalucia;Granada;Granada;Jete;municipio;si;si;no;;Municipio incluido en el anexo de zonas prioritarias.;https://www.boe.es/buscar/act.php?id=BOE-A-2008-4474&p=20220727&tn=1
andalucia-granada-juviles;Andalucia;Granada;Granada;Juviles;municipio;si;si;no;;Municipio incluido en el anexo de zonas prioritarias.;https://www.boe.es/buscar/act.php?id=BOE-A-2008-4474&p=20220727&tn=1
andalucia-granada-lacalahorra;Andalucia;Granada;Granada;Lacalahorra;municipio;si;si;no;;Municipio incluido en el anexo de zonas prioritarias.;https://www.boe.es/buscar/act.php?id=BOE-A-2008-4474&p=20220727&tn=1
andalucia-granada-lanjaron;Andalucia;Granada;Granada;Lanjarón;municipio;si;si;no;;Municipio incluido en el anexo de zonas prioritarias.;https://www.boe.es/buscar/act.php?id=BOE-A-2008-4474&p=20220727&tn=1
andalucia-granada-lanteira;Andalucia;Granada;Granada;Lanteira;municipio;si;si;no;;Municipio incluido en el anexo de zonas prioritarias.;https://www.boe.es/buscar/act.php?id=BOE-A-2008-4474&p=20220727&tn=1
andalucia-granada-lecrin;Andalucia;Granada;Granada;Lecrín;municipio;si;si;no;;Municipio incluido en el anexo de zonas prioritarias.;https://www.boe.es/buscar/act.php?id=BOE-A-2008-4474&p=20220727&tn=1
andalucia-granada-lenteji;Andalucia;Granada;Granada;Lentejí;municipio;si;si;no;;Municipio incluido en el anexo de zonas prioritarias.;https://www.boe.es/buscar/act.php?id=BOE-A-2008-4474&p=20220727&tn=1
andalucia-granada-lobras;Andalucia;Granada;Granada;Lobras;municipio;si;si;no;;Municipio incluido en el anexo de zonas prioritarias.;https://www.boe.es/buscar/act.php?id=BOE-A-2008-4474&p=20220727&tn=1
andalucia-granada-loja;Andalucia;Granada;Granada;Loja;municipio;si;si;no;;Municipio incluido en el anexo de zonas prioritarias.;https://www.boe.es/buscar/act.php?id=BOE-A-2008-4474&p=20220727&tn=1
andalucia-granada-lugros;Andalucia;Granada;Granada;Lugros;municipio;si;si;no;;Municipio incluido en el anexo de zonas prioritarias.;https://www.boe.es/buscar/act.php?id=BOE-A-2008-4474&p=20220727&tn=1
andalucia-granada-lujar;Andalucia;Granada;Granada;Lújar;municipio;si;si;no;;Municipio incluido en el anexo de zonas prioritarias.;https://www.boe.es/buscar/act.php?id=BOE-A-2008-4474&p=20220727&tn=1
andalucia-granada-malaha-la;Andalucia;Granada;Granada;Malahá, la;municipio;si;si;no;;Municipio incluido en el anexo de zonas prioritarias.;https://www.boe.es/buscar/act.php?id=BOE-A-2008-4474&p=20220727&tn=1
andalucia-granada-marchal;Andalucia;Granada;Granada;Marchal;municipio;si;si;no;;Municipio incluido en el anexo de zonas prioritarias.;https://www.boe.es/buscar/act.php?id=BOE-A-2008-4474&p=20220727&tn=1
andalucia-granada-moclin;Andalucia;Granada;Granada;Moclín;municipio;si;si;no;;Municipio incluido en el anexo de zonas prioritarias.;https://www.boe.es/buscar/act.php?id=BOE-A-2008-4474&p=20220727&tn=1
andalucia-granada-molvizar;Andalucia;Granada;Granada;Molvízar;municipio;si;si;no;;Municipio incluido en el anexo de zonas prioritarias.;https://www.boe.es/buscar/act.php?id=BOE-A-2008-4474&p=20220727&tn=1
andalucia-granada-montefrio;Andalucia;Granada;Granada;Montefrío;municipio;si;si;no;;Municipio incluido en el anexo de zonas prioritarias.;https://www.boe.es/buscar/act.php?id=BOE-A-2008-4474&p=20220727&tn=1
andalucia-granada-montejicar;Andalucia;Granada;Granada;Montejícar;municipio;si;si;no;;Municipio incluido en el anexo de zonas prioritarias.;https://www.boe.es/buscar/act.php?id=BOE-A-2008-4474&p=20220727&tn=1
andalucia-granada-montillana;Andalucia;Granada;Granada;Montillana;municipio;si;si;no;;Municipio incluido en el anexo de zonas prioritarias.;https://www.boe.es/buscar/act.php?id=BOE-A-2008-4474&p=20220727&tn=1
andalucia-granada-moraleda-de-zafallona;Andalucia;Granada;Granada;Moraleda de Zafallona;municipio;si;si;no;;Municipio incluido en el anexo de zonas prioritarias.;https://www.boe.es/buscar/act.php?id=BOE-A-2008-4474&p=20220727&tn=1
andalucia-granada-morelabor;Andalucia;Granada;Granada;Morelábor;municipio;si;si;no;;Municipio incluido en el anexo de zonas prioritarias.;https://www.boe.es/buscar/act.php?id=BOE-A-2008-4474&p=20220727&tn=1
andalucia-granada-murtas;Andalucia;Granada;Granada;Murtas;municipio;si;si;no;;Municipio incluido en el anexo de zonas prioritarias.;https://www.boe.es/buscar/act.php?id=BOE-A-2008-4474&p=20220727&tn=1
andalucia-granada-nevada;Andalucia;Granada;Granada;Nevada;municipio;si;si;no;;Municipio incluido en el anexo de zonas prioritarias.;https://www.boe.es/buscar/act.php?id=BOE-A-2008-4474&p=20220727&tn=1
andalucia-granada-niguelas;Andalucia;Granada;Granada;Nigüelas;municipio;si;si;no;;Municipio incluido en el anexo de zonas prioritarias.;https://www.boe.es/buscar/act.php?id=BOE-A-2008-4474&p=20220727&tn=1
andalucia-granada-orce;Andalucia;Granada;Granada;Orce;municipio;si;si;no;;Municipio incluido en el anexo de zonas prioritarias.;https://www.boe.es/buscar/act.php?id=BOE-A-2008-4474&p=20220727&tn=1
andalucia-granada-orjiva;Andalucia;Granada;Granada;Orjiva;municipio;si;si;no;;Municipio incluido en el anexo de zonas prioritarias.;https://www.boe.es/buscar/act.php?id=BOE-A-2008-4474&p=20220727&tn=1
andalucia-granada-otivar;Andalucia;Granada;Granada;Otívar;municipio;si;si;no;;Municipio incluido en el anexo de zonas prioritarias.;https://www.boe.es/buscar/act.php?id=BOE-A-2008-4474&p=20220727&tn=1
andalucia-granada-padul;Andalucia;Granada;Granada;Padul;municipio;si;si;no;;Municipio incluido en el anexo de zonas prioritarias.;https://www.boe.es/buscar/act.php?id=BOE-A-2008-4474&p=20220727&tn=1
andalucia-granada-pampaneira;Andalucia;Granada;Granada;Pampaneira;municipio;si;si;no;;Municipio incluido en el anexo de zonas prioritarias.;https://www.boe.es/buscar/act.php?id=BOE-A-2008-4474&p=20220727&tn=1
andalucia-granada-pedro-martinez;Andalucia;Granada;Granada;Pedro Martínez;municipio;si;si;no;;Municipio incluido en el anexo de zonas prioritarias.;https://www.boe.es/buscar/act.php?id=BOE-A-2008-4474&p=20220727&tn=1
andalucia-granada-peza-la;Andalucia;Granada;Granada;Peza, La;municipio;si;si;no;;Municipio incluido en el anexo de zonas prioritarias.;https://www.boe.es/buscar/act.php?id=BOE-A-2008-4474&p=20220727&tn=1
andalucia-granada-pinar-el;Andalucia;Granada;Granada;Pinar El;municipio;si;si;no;;Municipio incluido en el anexo de zonas prioritarias.;https://www.boe.es/buscar/act.php?id=BOE-A-2008-4474&p=20220727&tn=1
andalucia-granada-pinar;Andalucia;Granada;Granada;Píñar;municipio;si;si;no;;Municipio incluido en el anexo de zonas prioritarias.;https://www.boe.es/buscar/act.php?id=BOE-A-2008-4474&p=20220727&tn=1
andalucia-granada-policar;Andalucia;Granada;Granada;Polícar;municipio;si;si;no;;Municipio incluido en el anexo de zonas prioritarias.;https://www.boe.es/buscar/act.php?id=BOE-A-2008-4474&p=20220727&tn=1
andalucia-granada-polopos;Andalucia;Granada;Granada;Polopos;municipio;si;si;no;;Municipio incluido en el anexo de zonas prioritarias.;https://www.boe.es/buscar/act.php?id=BOE-A-2008-4474&p=20220727&tn=1
andalucia-granada-portugos;Andalucia;Granada;Granada;Pórtugos;municipio;si;si;no;;Municipio incluido en el anexo de zonas prioritarias.;https://www.boe.es/buscar/act.php?id=BOE-A-2008-4474&p=20220727&tn=1
andalucia-granada-puebla-de-don-fadrique;Andalucia;Granada;Granada;Puebla de Don Fadrique;municipio;si;si;no;;Municipio incluido en el anexo de zonas prioritarias.;https://www.boe.es/buscar/act.php?id=BOE-A-2008-4474&p=20220727&tn=1
andalucia-granada-purullena;Andalucia;Granada;Granada;Purullena;municipio;si;si;no;;Municipio incluido en el anexo de zonas prioritarias.;https://www.boe.es/buscar/act.php?id=BOE-A-2008-4474&p=20220727&tn=1
andalucia-granada-rubite;Andalucia;Granada;Granada;Rubite;municipio;si;si;no;;Municipio incluido en el anexo de zonas prioritarias.;https://www.boe.es/buscar/act.php?id=BOE-A-2008-4474&p=20220727&tn=1
andalucia-granada-salar;Andalucia;Granada;Granada;Salar;municipio;si;si;no;;Municipio incluido en el anexo de zonas prioritarias.;https://www.boe.es/buscar/act.php?id=BOE-A-2008-4474&p=20220727&tn=1
andalucia-granada-santa-cruz-del-comercio;Andalucia;Granada;Granada;Santa Cruz del Comercio;municipio;si;si;no;;Municipio incluido en el anexo de zonas prioritarias.;https://www.boe.es/buscar/act.php?id=BOE-A-2008-4474&p=20220727&tn=1
andalucia-granada-soportujar;Andalucia;Granada;Granada;Soportújar;municipio;si;si;no;;Municipio incluido en el anexo de zonas prioritarias.;https://www.boe.es/buscar/act.php?id=BOE-A-2008-4474&p=20220727&tn=1
andalucia-granada-sorvilan;Andalucia;Granada;Granada;Sorvilán;municipio;si;si;no;;Municipio incluido en el anexo de zonas prioritarias.;https://www.boe.es/buscar/act.php?id=BOE-A-2008-4474&p=20220727&tn=1
andalucia-granada-taha-la;Andalucia;Granada;Granada;Tahá, La;municipio;si;si;no;;Municipio incluido en el anexo de zonas prioritarias.;https://www.boe.es/buscar/act.php?id=BOE-A-2008-4474&p=20220727&tn=1
andalucia-granada-torre-cardela;Andalucia;Granada;Granada;Torre-Cardela;municipio;si;si;no;;Municipio incluido en el anexo de zonas prioritarias.;https://www.boe.es/buscar/act.php?id=BOE-A-2008-4474&p=20220727&tn=1
andalucia-granada-torvizcon;Andalucia;Granada;Granada;Torvizcón;municipio;si;si;no;;Municipio incluido en el anexo de zonas prioritarias.;https://www.boe.es/buscar/act.php?id=BOE-A-2008-4474&p=20220727&tn=1
andalucia-granada-trevelez;Andalucia;Granada;Granada;Trévelez;municipio;si;si;no;;Municipio incluido en el anexo de zonas prioritarias.;https://www.boe.es/buscar/act.php?id=BOE-A-2008-4474&p=20220727&tn=1
andalucia-granada-turon;Andalucia;Granada;Granada;Turón;municipio;si;si;no;;Municipio incluido en el anexo de zonas prioritarias.;https://www.boe.es/buscar/act.php?id=BOE-A-2008-4474&p=20220727&tn=1
andalucia-granada-ugijar;Andalucia;Granada;Granada;Ugíjar;municipio;si;si;no;;Municipio incluido en el anexo de zonas prioritarias.;https://www.boe.es/buscar/act.php?id=BOE-A-2008-4474&p=20220727&tn=1
andalucia-granada-valle-del-zalabi;Andalucia;Granada;Granada;Valle del Zalabí;municipio;si;si;no;;Municipio incluido en el anexo de zonas prioritarias.;https://www.boe.es/buscar/act.php?id=BOE-A-2008-4474&p=20220727&tn=1
andalucia-granada-valle-el;Andalucia;Granada;Granada;Valle El;municipio;si;si;no;;Municipio incluido en el anexo de zonas prioritarias.;https://www.boe.es/buscar/act.php?id=BOE-A-2008-4474&p=20220727&tn=1
andalucia-granada-valor;Andalucia;Granada;Granada;Válor;municipio;si;si;no;;Municipio incluido en el anexo de zonas prioritarias.;https://www.boe.es/buscar/act.php?id=BOE-A-2008-4474&p=20220727&tn=1
andalucia-granada-velez-de-benaudalla;Andalucia;Granada;Granada;Vélez de Benaudalla;municipio;si;si;no;;Municipio incluido en el anexo de zonas prioritarias.;https://www.boe.es/buscar/act.php?id=BOE-A-2008-4474&p=20220727&tn=1
andalucia-granada-ventas-de-huelma;Andalucia;Granada;Granada;Ventas de Huelma;municipio;si;si;no;;Municipio incluido en el anexo de zonas prioritarias.;https://www.boe.es/buscar/act.php?id=BOE-A-2008-4474&p=20220727&tn=1
andalucia-granada-villamena;Andalucia;Granada;Granada;Villamena;municipio;si;si;no;;Municipio incluido en el anexo de zonas prioritarias.;https://www.boe.es/buscar/act.php?id=BOE-A-2008-4474&p=20220727&tn=1
andalucia-granada-villanueva-de-las-torres;Andalucia;Granada;Granada;Villanueva de las Torres;municipio;si;si;no;;Municipio incluido en el anexo de zonas prioritarias.;https://www.boe.es/buscar/act.php?id=BOE-A-2008-4474&p=20220727&tn=1
andalucia-granada-villanueva-mesia;Andalucia;Granada;Granada;Villanueva Mesía;municipio;si;si;no;;Municipio incluido en el anexo de zonas prioritarias.;https://www.boe.es/buscar/act.php?id=BOE-A-2008-4474&p=20220727&tn=1
andalucia-granada-zafarraya;Andalucia;Granada;Granada;Zafarraya;municipio;si;si;no;;Municipio incluido en el anexo de zonas prioritarias.;https://www.boe.es/buscar/act.php?id=BOE-A-2008-4474&p=20220727&tn=1
andalucia-granada-zagra;Andalucia;Granada;Granada;Zagra;municipio;si;si;no;;Municipio incluido en el anexo de zonas prioritarias.;https://www.boe.es/buscar/act.php?id=BOE-A-2008-4474&p=20220727&tn=1
andalucia-granada-zujar;Andalucia;Granada;Granada;Zújar;municipio;si;si;no;;Municipio incluido en el anexo de zonas prioritarias.;https://www.boe.es/buscar/act.php?id=BOE-A-2008-4474&p=20220727&tn=1
andalucia-huelva-alajar;Andalucia;Huelva;Huelva;Alájar;municipio;si;si;no;;Municipio incluido en el anexo de zonas prioritarias.;https://www.boe.es/buscar/act.php?id=BOE-A-2008-4474&p=20220727&tn=1
andalucia-huelva-almendro-el;Andalucia;Huelva;Huelva;Almendro El;municipio;si;si;no;;Municipio incluido en el anexo de zonas prioritarias.;https://www.boe.es/buscar/act.php?id=BOE-A-2008-4474&p=20220727&tn=1
andalucia-huelva-almonaster-la-real;Andalucia;Huelva;Huelva;Almonaster la Real;municipio;si;si;no;;Municipio incluido en el anexo de zonas prioritarias.;https://www.boe.es/buscar/act.php?id=BOE-A-2008-4474&p=20220727&tn=1
andalucia-huelva-alosno;Andalucia;Huelva;Huelva;Alosno;municipio;si;si;no;;Municipio incluido en el anexo de zonas prioritarias.;https://www.boe.es/buscar/act.php?id=BOE-A-2008-4474&p=20220727&tn=1
andalucia-huelva-aracena;Andalucia;Huelva;Huelva;Aracena;municipio;si;si;no;;Municipio incluido en el anexo de zonas prioritarias.;https://www.boe.es/buscar/act.php?id=BOE-A-2008-4474&p=20220727&tn=1
andalucia-huelva-aroche;Andalucia;Huelva;Huelva;Aroche;municipio;si;si;no;;Municipio incluido en el anexo de zonas prioritarias.;https://www.boe.es/buscar/act.php?id=BOE-A-2008-4474&p=20220727&tn=1
andalucia-huelva-arroyomolinos-de-leon;Andalucia;Huelva;Huelva;Arroyomolinos de León;municipio;si;si;no;;Municipio incluido en el anexo de zonas prioritarias.;https://www.boe.es/buscar/act.php?id=BOE-A-2008-4474&p=20220727&tn=1
andalucia-huelva-beas;Andalucia;Huelva;Huelva;Beas;municipio;si;si;no;;Municipio incluido en el anexo de zonas prioritarias.;https://www.boe.es/buscar/act.php?id=BOE-A-2008-4474&p=20220727&tn=1
andalucia-huelva-berrocal;Andalucia;Huelva;Huelva;Berrocal;municipio;si;si;no;;Municipio incluido en el anexo de zonas prioritarias.;https://www.boe.es/buscar/act.php?id=BOE-A-2008-4474&p=20220727&tn=1
andalucia-huelva-cabezas-rubias;Andalucia;Huelva;Huelva;Cabezas Rubias;municipio;si;si;no;;Municipio incluido en el anexo de zonas prioritarias.;https://www.boe.es/buscar/act.php?id=BOE-A-2008-4474&p=20220727&tn=1
andalucia-huelva-cala;Andalucia;Huelva;Huelva;Cala;municipio;si;si;no;;Municipio incluido en el anexo de zonas prioritarias.;https://www.boe.es/buscar/act.php?id=BOE-A-2008-4474&p=20220727&tn=1
andalucia-huelva-calanas;Andalucia;Huelva;Huelva;Calañas;municipio;si;si;no;;Municipio incluido en el anexo de zonas prioritarias.;https://www.boe.es/buscar/act.php?id=BOE-A-2008-4474&p=20220727&tn=1
andalucia-huelva-campillo-el;Andalucia;Huelva;Huelva;Campillo, El;municipio;si;si;no;;Municipio incluido en el anexo de zonas prioritarias.;https://www.boe.es/buscar/act.php?id=BOE-A-2008-4474&p=20220727&tn=1
andalucia-huelva-campofrio;Andalucia;Huelva;Huelva;Campofrío;municipio;si;si;no;;Municipio incluido en el anexo de zonas prioritarias.;https://www.boe.es/buscar/act.php?id=BOE-A-2008-4474&p=20220727&tn=1
andalucia-huelva-canaveral-de-leon;Andalucia;Huelva;Huelva;Cañaveral de León;municipio;si;si;no;;Municipio incluido en el anexo de zonas prioritarias.;https://www.boe.es/buscar/act.php?id=BOE-A-2008-4474&p=20220727&tn=1
andalucia-huelva-castano-del-robledo;Andalucia;Huelva;Huelva;Castaño del Robledo;municipio;si;si;no;;Municipio incluido en el anexo de zonas prioritarias.;https://www.boe.es/buscar/act.php?id=BOE-A-2008-4474&p=20220727&tn=1
andalucia-huelva-cerro-del-andevalo-el;Andalucia;Huelva;Huelva;Cerro del Andévalo, El;municipio;si;si;no;;Municipio incluido en el anexo de zonas prioritarias.;https://www.boe.es/buscar/act.php?id=BOE-A-2008-4474&p=20220727&tn=1
andalucia-huelva-chucena;Andalucia;Huelva;Huelva;Chucena;municipio;si;si;no;;Municipio incluido en el anexo de zonas prioritarias.;https://www.boe.es/buscar/act.php?id=BOE-A-2008-4474&p=20220727&tn=1
andalucia-huelva-corteconcepcion;Andalucia;Huelva;Huelva;Corteconcepción;municipio;si;si;no;;Municipio incluido en el anexo de zonas prioritarias.;https://www.boe.es/buscar/act.php?id=BOE-A-2008-4474&p=20220727&tn=1
andalucia-huelva-cortegana;Andalucia;Huelva;Huelva;Cortegana;municipio;si;si;no;;Municipio incluido en el anexo de zonas prioritarias.;https://www.boe.es/buscar/act.php?id=BOE-A-2008-4474&p=20220727&tn=1
andalucia-huelva-cortelazor;Andalucia;Huelva;Huelva;Cortelazor;municipio;si;si;no;;Municipio incluido en el anexo de zonas prioritarias.;https://www.boe.es/buscar/act.php?id=BOE-A-2008-4474&p=20220727&tn=1
andalucia-huelva-cumbres-de-enmedio;Andalucia;Huelva;Huelva;Cumbres de Enmedio;municipio;si;si;no;;Municipio incluido en el anexo de zonas prioritarias.;https://www.boe.es/buscar/act.php?id=BOE-A-2008-4474&p=20220727&tn=1
andalucia-huelva-cumbres-de-san-bartolome;Andalucia;Huelva;Huelva;Cumbres de San Bartolomé;municipio;si;si;no;;Municipio incluido en el anexo de zonas prioritarias.;https://www.boe.es/buscar/act.php?id=BOE-A-2008-4474&p=20220727&tn=1
andalucia-huelva-cumbres-mayores;Andalucia;Huelva;Huelva;Cumbres Mayores;municipio;si;si;no;;Municipio incluido en el anexo de zonas prioritarias.;https://www.boe.es/buscar/act.php?id=BOE-A-2008-4474&p=20220727&tn=1
andalucia-huelva-encinasola;Andalucia;Huelva;Huelva;Encinasola;municipio;si;si;no;;Municipio incluido en el anexo de zonas prioritarias.;https://www.boe.es/buscar/act.php?id=BOE-A-2008-4474&p=20220727&tn=1
andalucia-huelva-escacena-del-campo;Andalucia;Huelva;Huelva;Escacena del Campo;municipio;si;si;no;;Municipio incluido en el anexo de zonas prioritarias.;https://www.boe.es/buscar/act.php?id=BOE-A-2008-4474&p=20220727&tn=1
andalucia-huelva-fuenteheridos;Andalucia;Huelva;Huelva;Fuenteheridos;municipio;si;si;no;;Municipio incluido en el anexo de zonas prioritarias.;https://www.boe.es/buscar/act.php?id=BOE-A-2008-4474&p=20220727&tn=1
andalucia-huelva-galaroza;Andalucia;Huelva;Huelva;Galaroza;municipio;si;si;no;;Municipio incluido en el anexo de zonas prioritarias.;https://www.boe.es/buscar/act.php?id=BOE-A-2008-4474&p=20220727&tn=1
andalucia-huelva-granada-de-rio-tinto-la;Andalucia;Huelva;Huelva;Granada de Rio Tinto, La;municipio;si;si;no;;Municipio incluido en el anexo de zonas prioritarias.;https://www.boe.es/buscar/act.php?id=BOE-A-2008-4474&p=20220727&tn=1
andalucia-huelva-granado-el;Andalucia;Huelva;Huelva;Granado, El;municipio;si;si;no;;Municipio incluido en el anexo de zonas prioritarias.;https://www.boe.es/buscar/act.php?id=BOE-A-2008-4474&p=20220727&tn=1
andalucia-huelva-higuera-de-la-sierra;Andalucia;Huelva;Huelva;Higuera de la Sierra;municipio;si;si;no;;Municipio incluido en el anexo de zonas prioritarias.;https://www.boe.es/buscar/act.php?id=BOE-A-2008-4474&p=20220727&tn=1
andalucia-huelva-hinojales;Andalucia;Huelva;Huelva;Hinojales;municipio;si;si;no;;Municipio incluido en el anexo de zonas prioritarias.;https://www.boe.es/buscar/act.php?id=BOE-A-2008-4474&p=20220727&tn=1
andalucia-huelva-hinojos;Andalucia;Huelva;Huelva;Hinojos;municipio;si;si;no;;Municipio incluido en el anexo de zonas prioritarias.;https://www.boe.es/buscar/act.php?id=BOE-A-2008-4474&p=20220727&tn=1
andalucia-huelva-jabugo;Andalucia;Huelva;Huelva;Jabugo;municipio;si;si;no;;Municipio incluido en el anexo de zonas prioritarias.;https://www.boe.es/buscar/act.php?id=BOE-A-2008-4474&p=20220727&tn=1
andalucia-huelva-la-palma-del-condado-linares-de-la-sierra;Andalucia;Huelva;Huelva;La Palma del Condado Linares de la Sierra;municipio;si;si;no;;Municipio incluido en el anexo de zonas prioritarias.;https://www.boe.es/buscar/act.php?id=BOE-A-2008-4474&p=20220727&tn=1
andalucia-huelva-manzanilla;Andalucia;Huelva;Huelva;Manzanilla;municipio;si;si;no;;Municipio incluido en el anexo de zonas prioritarias.;https://www.boe.es/buscar/act.php?id=BOE-A-2008-4474&p=20220727&tn=1
andalucia-huelva-marines-los;Andalucia;Huelva;Huelva;Marines, Los;municipio;si;si;no;;Municipio incluido en el anexo de zonas prioritarias.;https://www.boe.es/buscar/act.php?id=BOE-A-2008-4474&p=20220727&tn=1
andalucia-huelva-minas-de-rio-tinto;Andalucia;Huelva;Huelva;Minas de Río Tinto;municipio;si;si;no;;Municipio incluido en el anexo de zonas prioritarias.;https://www.boe.es/buscar/act.php?id=BOE-A-2008-4474&p=20220727&tn=1
andalucia-huelva-nava-la;Andalucia;Huelva;Huelva;Nava, La;municipio;si;si;no;;Municipio incluido en el anexo de zonas prioritarias.;https://www.boe.es/buscar/act.php?id=BOE-A-2008-4474&p=20220727&tn=1
andalucia-huelva-nerva;Andalucia;Huelva;Huelva;Nerva;municipio;si;si;no;;Municipio incluido en el anexo de zonas prioritarias.;https://www.boe.es/buscar/act.php?id=BOE-A-2008-4474&p=20220727&tn=1
andalucia-huelva-niebla;Andalucia;Huelva;Huelva;Niebla;municipio;si;si;no;;Municipio incluido en el anexo de zonas prioritarias.;https://www.boe.es/buscar/act.php?id=BOE-A-2008-4474&p=20220727&tn=1
andalucia-huelva-paterna-del-campo;Andalucia;Huelva;Huelva;Paterna del Campo;municipio;si;si;no;;Municipio incluido en el anexo de zonas prioritarias.;https://www.boe.es/buscar/act.php?id=BOE-A-2008-4474&p=20220727&tn=1
andalucia-huelva-paymogo;Andalucia;Huelva;Huelva;Paymogo;municipio;si;si;no;;Municipio incluido en el anexo de zonas prioritarias.;https://www.boe.es/buscar/act.php?id=BOE-A-2008-4474&p=20220727&tn=1
andalucia-huelva-puebla-de-guzman;Andalucia;Huelva;Huelva;Puebla de Guzmán;municipio;si;si;no;;Municipio incluido en el anexo de zonas prioritarias.;https://www.boe.es/buscar/act.php?id=BOE-A-2008-4474&p=20220727&tn=1
andalucia-huelva-puerto-moral;Andalucia;Huelva;Huelva;Puerto Moral;municipio;si;si;no;;Municipio incluido en el anexo de zonas prioritarias.;https://www.boe.es/buscar/act.php?id=BOE-A-2008-4474&p=20220727&tn=1
andalucia-huelva-rosal-de-la-frontera;Andalucia;Huelva;Huelva;Rosal de la Frontera;municipio;si;si;no;;Municipio incluido en el anexo de zonas prioritarias.;https://www.boe.es/buscar/act.php?id=BOE-A-2008-4474&p=20220727&tn=1
andalucia-huelva-san-bartolome-de-la-torre;Andalucia;Huelva;Huelva;San Bartolomé de la Torre;municipio;si;si;no;;Municipio incluido en el anexo de zonas prioritarias.;https://www.boe.es/buscar/act.php?id=BOE-A-2008-4474&p=20220727&tn=1
andalucia-huelva-san-silvestre-de-guzman;Andalucia;Huelva;Huelva;San Silvestre de Guzmán;municipio;si;si;no;;Municipio incluido en el anexo de zonas prioritarias.;https://www.boe.es/buscar/act.php?id=BOE-A-2008-4474&p=20220727&tn=1
andalucia-huelva-sanlucar-del-guadiana;Andalucia;Huelva;Huelva;Sanlúcar del Guadiana;municipio;si;si;no;;Municipio incluido en el anexo de zonas prioritarias.;https://www.boe.es/buscar/act.php?id=BOE-A-2008-4474&p=20220727&tn=1
andalucia-huelva-santa-ana-la-real;Andalucia;Huelva;Huelva;Santa Ana la Real;municipio;si;si;no;;Municipio incluido en el anexo de zonas prioritarias.;https://www.boe.es/buscar/act.php?id=BOE-A-2008-4474&p=20220727&tn=1
andalucia-huelva-santa-barbara-de-casa;Andalucia;Huelva;Huelva;Santa Bárbara de Casa;municipio;si;si;no;;Municipio incluido en el anexo de zonas prioritarias.;https://www.boe.es/buscar/act.php?id=BOE-A-2008-4474&p=20220727&tn=1
andalucia-huelva-santa-olalla;Andalucia;Huelva;Huelva;Santa Olalla;municipio;si;si;no;;Municipio incluido en el anexo de zonas prioritarias.;https://www.boe.es/buscar/act.php?id=BOE-A-2008-4474&p=20220727&tn=1
andalucia-huelva-trigueros;Andalucia;Huelva;Huelva;Trigueros;municipio;si;si;no;;Municipio incluido en el anexo de zonas prioritarias.;https://www.boe.es/buscar/act.php?id=BOE-A-2008-4474&p=20220727&tn=1
andalucia-huelva-valdelarco;Andalucia;Huelva;Huelva;Valdelarco;municipio;si;si;no;;Municipio incluido en el anexo de zonas prioritarias.;https://www.boe.es/buscar/act.php?id=BOE-A-2008-4474&p=20220727&tn=1
andalucia-huelva-valverde-del-camino;Andalucia;Huelva;Huelva;Valverde del Camino;municipio;si;si;no;;Municipio incluido en el anexo de zonas prioritarias.;https://www.boe.es/buscar/act.php?id=BOE-A-2008-4474&p=20220727&tn=1
andalucia-huelva-villalba-del-alcor;Andalucia;Huelva;Huelva;Villalba del Alcor;municipio;si;si;no;;Municipio incluido en el anexo de zonas prioritarias.;https://www.boe.es/buscar/act.php?id=BOE-A-2008-4474&p=20220727&tn=1
andalucia-huelva-villanueva-de-las-cruces;Andalucia;Huelva;Huelva;Villanueva de las Cruces;municipio;si;si;no;;Municipio incluido en el anexo de zonas prioritarias.;https://www.boe.es/buscar/act.php?id=BOE-A-2008-4474&p=20220727&tn=1
andalucia-huelva-villanueva-de-los-castillejos;Andalucia;Huelva;Huelva;Villanueva de los Castillejos;municipio;si;si;no;;Municipio incluido en el anexo de zonas prioritarias.;https://www.boe.es/buscar/act.php?id=BOE-A-2008-4474&p=20220727&tn=1
andalucia-huelva-villarrasa;Andalucia;Huelva;Huelva;Villarrasa;municipio;si;si;no;;Municipio incluido en el anexo de zonas prioritarias.;https://www.boe.es/buscar/act.php?id=BOE-A-2008-4474&p=20220727&tn=1
andalucia-huelva-zalamea-la-real;Andalucia;Huelva;Huelva;Zalamea la Real;municipio;si;si;no;;Municipio incluido en el anexo de zonas prioritarias.;https://www.boe.es/buscar/act.php?id=BOE-A-2008-4474&p=20220727&tn=1
andalucia-huelva-zufre;Andalucia;Huelva;Huelva;Zufre;municipio;si;si;no;;Municipio incluido en el anexo de zonas prioritarias.;https://www.boe.es/buscar/act.php?id=BOE-A-2008-4474&p=20220727&tn=1
andalucia-jaen-albanchez-de-magina;Andalucia;Jaen;Jaen;Albanchez de Mágina;municipio;si;si;no;;Municipio incluido en el anexo de zonas prioritarias.;https://www.boe.es/buscar/act.php?id=BOE-A-2008-4474&p=20220727&tn=1
andalucia-jaen-alcala-la-real;Andalucia;Jaen;Jaen;Alcalá la Real;municipio;si;si;no;;Municipio incluido en el anexo de zonas prioritarias.;https://www.boe.es/buscar/act.php?id=BOE-A-2008-4474&p=20220727&tn=1
andalucia-jaen-alcaudete;Andalucia;Jaen;Jaen;Alcaudete;municipio;si;si;no;;Municipio incluido en el anexo de zonas prioritarias.;https://www.boe.es/buscar/act.php?id=BOE-A-2008-4474&p=20220727&tn=1
andalucia-jaen-aldeaquemada;Andalucia;Jaen;Jaen;Aldeaquemada;municipio;si;si;no;;Municipio incluido en el anexo de zonas prioritarias.;https://www.boe.es/buscar/act.php?id=BOE-A-2008-4474&p=20220727&tn=1
andalucia-jaen-andujar;Andalucia;Jaen;Jaen;Andujar;municipio;si;si;no;;Municipio incluido en el anexo de zonas prioritarias.;https://www.boe.es/buscar/act.php?id=BOE-A-2008-4474&p=20220727&tn=1
andalucia-jaen-arjona;Andalucia;Jaen;Jaen;Arjona;municipio;si;si;no;;Municipio incluido en el anexo de zonas prioritarias.;https://www.boe.es/buscar/act.php?id=BOE-A-2008-4474&p=20220727&tn=1
andalucia-jaen-arjonilla;Andalucia;Jaen;Jaen;Arjonilla;municipio;si;si;no;;Municipio incluido en el anexo de zonas prioritarias.;https://www.boe.es/buscar/act.php?id=BOE-A-2008-4474&p=20220727&tn=1
andalucia-jaen-arquillos;Andalucia;Jaen;Jaen;Arquillos;municipio;si;si;no;;Municipio incluido en el anexo de zonas prioritarias.;https://www.boe.es/buscar/act.php?id=BOE-A-2008-4474&p=20220727&tn=1
andalucia-jaen-arroyo-del-ojanco;Andalucia;Jaen;Jaen;Arroyo del Ojanco;municipio;si;si;no;;Municipio incluido en el anexo de zonas prioritarias.;https://www.boe.es/buscar/act.php?id=BOE-A-2008-4474&p=20220727&tn=1
andalucia-jaen-baeza;Andalucia;Jaen;Jaen;Baeza;municipio;si;si;no;;Municipio incluido en el anexo de zonas prioritarias.;https://www.boe.es/buscar/act.php?id=BOE-A-2008-4474&p=20220727&tn=1
andalucia-jaen-bailen;Andalucia;Jaen;Jaen;Bailén;municipio;si;si;no;;Municipio incluido en el anexo de zonas prioritarias.;https://www.boe.es/buscar/act.php?id=BOE-A-2008-4474&p=20220727&tn=1
andalucia-jaen-banos-de-la-encina;Andalucia;Jaen;Jaen;Baños de la Encina;municipio;si;si;no;;Municipio incluido en el anexo de zonas prioritarias.;https://www.boe.es/buscar/act.php?id=BOE-A-2008-4474&p=20220727&tn=1
andalucia-jaen-beas-de-segura;Andalucia;Jaen;Jaen;Beas de Segura;municipio;si;si;no;;Municipio incluido en el anexo de zonas prioritarias.;https://www.boe.es/buscar/act.php?id=BOE-A-2008-4474&p=20220727&tn=1
andalucia-jaen-bedmar-garciez;Andalucia;Jaen;Jaen;Bedmar-Garcíez;municipio;si;si;no;;Municipio incluido en el anexo de zonas prioritarias.;https://www.boe.es/buscar/act.php?id=BOE-A-2008-4474&p=20220727&tn=1
andalucia-jaen-begijar;Andalucia;Jaen;Jaen;Begíjar;municipio;si;si;no;;Municipio incluido en el anexo de zonas prioritarias.;https://www.boe.es/buscar/act.php?id=BOE-A-2008-4474&p=20220727&tn=1
andalucia-jaen-belmez-de-la-moraleda;Andalucia;Jaen;Jaen;Bélmez de la Moraleda;municipio;si;si;no;;Municipio incluido en el anexo de zonas prioritarias.;https://www.boe.es/buscar/act.php?id=BOE-A-2008-4474&p=20220727&tn=1
andalucia-jaen-benatae;Andalucia;Jaen;Jaen;Benatae;municipio;si;si;no;;Municipio incluido en el anexo de zonas prioritarias.;https://www.boe.es/buscar/act.php?id=BOE-A-2008-4474&p=20220727&tn=1
andalucia-jaen-cabra-del-santo-cristo;Andalucia;Jaen;Jaen;Cabra del Santo Cristo;municipio;si;si;no;;Municipio incluido en el anexo de zonas prioritarias.;https://www.boe.es/buscar/act.php?id=BOE-A-2008-4474&p=20220727&tn=1
andalucia-jaen-cambil;Andalucia;Jaen;Jaen;Cambil;municipio;si;si;no;;Municipio incluido en el anexo de zonas prioritarias.;https://www.boe.es/buscar/act.php?id=BOE-A-2008-4474&p=20220727&tn=1
andalucia-jaen-campillo-de-arenas;Andalucia;Jaen;Jaen;Campillo de Arenas;municipio;si;si;no;;Municipio incluido en el anexo de zonas prioritarias.;https://www.boe.es/buscar/act.php?id=BOE-A-2008-4474&p=20220727&tn=1
andalucia-jaen-canena;Andalucia;Jaen;Jaen;Canena;municipio;si;si;no;;Municipio incluido en el anexo de zonas prioritarias.;https://www.boe.es/buscar/act.php?id=BOE-A-2008-4474&p=20220727&tn=1
andalucia-jaen-carboneros;Andalucia;Jaen;Jaen;Carboneros;municipio;si;si;no;;Municipio incluido en el anexo de zonas prioritarias.;https://www.boe.es/buscar/act.php?id=BOE-A-2008-4474&p=20220727&tn=1
andalucia-jaen-carcheles;Andalucia;Jaen;Jaen;Cárcheles;municipio;si;si;no;;Municipio incluido en el anexo de zonas prioritarias.;https://www.boe.es/buscar/act.php?id=BOE-A-2008-4474&p=20220727&tn=1
andalucia-jaen-castellar;Andalucia;Jaen;Jaen;Castellar;municipio;si;si;no;;Municipio incluido en el anexo de zonas prioritarias.;https://www.boe.es/buscar/act.php?id=BOE-A-2008-4474&p=20220727&tn=1
andalucia-jaen-castillo-de-locubin;Andalucia;Jaen;Jaen;Castillo de Locubín;municipio;si;si;no;;Municipio incluido en el anexo de zonas prioritarias.;https://www.boe.es/buscar/act.php?id=BOE-A-2008-4474&p=20220727&tn=1
andalucia-jaen-cazalilla;Andalucia;Jaen;Jaen;Cazalilla;municipio;si;si;no;;Municipio incluido en el anexo de zonas prioritarias.;https://www.boe.es/buscar/act.php?id=BOE-A-2008-4474&p=20220727&tn=1
andalucia-jaen-cazorla;Andalucia;Jaen;Jaen;Cazorla;municipio;si;si;no;;Municipio incluido en el anexo de zonas prioritarias.;https://www.boe.es/buscar/act.php?id=BOE-A-2008-4474&p=20220727&tn=1
andalucia-jaen-chiclana-de-segura;Andalucia;Jaen;Jaen;Chiclana de Segura;municipio;si;si;no;;Municipio incluido en el anexo de zonas prioritarias.;https://www.boe.es/buscar/act.php?id=BOE-A-2008-4474&p=20220727&tn=1
andalucia-jaen-chilluevar;Andalucia;Jaen;Jaen;Chilluévar;municipio;si;si;no;;Municipio incluido en el anexo de zonas prioritarias.;https://www.boe.es/buscar/act.php?id=BOE-A-2008-4474&p=20220727&tn=1
andalucia-jaen-escanuela;Andalucia;Jaen;Jaen;Escañuela;municipio;si;si;no;;Municipio incluido en el anexo de zonas prioritarias.;https://www.boe.es/buscar/act.php?id=BOE-A-2008-4474&p=20220727&tn=1
andalucia-jaen-espeluy;Andalucia;Jaen;Jaen;Espelúy;municipio;si;si;no;;Municipio incluido en el anexo de zonas prioritarias.;https://www.boe.es/buscar/act.php?id=BOE-A-2008-4474&p=20220727&tn=1
andalucia-jaen-frailes;Andalucia;Jaen;Jaen;Frailes;municipio;si;si;no;;Municipio incluido en el anexo de zonas prioritarias.;https://www.boe.es/buscar/act.php?id=BOE-A-2008-4474&p=20220727&tn=1
andalucia-jaen-genave;Andalucia;Jaen;Jaen;Génave;municipio;si;si;no;;Municipio incluido en el anexo de zonas prioritarias.;https://www.boe.es/buscar/act.php?id=BOE-A-2008-4474&p=20220727&tn=1
andalucia-jaen-guarroman;Andalucia;Jaen;Jaen;Guarromán;municipio;si;si;no;;Municipio incluido en el anexo de zonas prioritarias.;https://www.boe.es/buscar/act.php?id=BOE-A-2008-4474&p=20220727&tn=1
andalucia-jaen-higuera-de-calatrava;Andalucia;Jaen;Jaen;Higuera de Calatrava;municipio;si;si;no;;Municipio incluido en el anexo de zonas prioritarias.;https://www.boe.es/buscar/act.php?id=BOE-A-2008-4474&p=20220727&tn=1
andalucia-jaen-higuera-la;Andalucia;Jaen;Jaen;Higuera, La;municipio;si;si;no;;Municipio incluido en el anexo de zonas prioritarias.;https://www.boe.es/buscar/act.php?id=BOE-A-2008-4474&p=20220727&tn=1
andalucia-jaen-hinojares;Andalucia;Jaen;Jaen;Hinojares;municipio;si;si;no;;Municipio incluido en el anexo de zonas prioritarias.;https://www.boe.es/buscar/act.php?id=BOE-A-2008-4474&p=20220727&tn=1
andalucia-jaen-hornos;Andalucia;Jaen;Jaen;Hornos;municipio;si;si;no;;Municipio incluido en el anexo de zonas prioritarias.;https://www.boe.es/buscar/act.php?id=BOE-A-2008-4474&p=20220727&tn=1
andalucia-jaen-huelma;Andalucia;Jaen;Jaen;Huelma;municipio;si;si;no;;Municipio incluido en el anexo de zonas prioritarias.;https://www.boe.es/buscar/act.php?id=BOE-A-2008-4474&p=20220727&tn=1
andalucia-jaen-huesa;Andalucia;Jaen;Jaen;Huesa;municipio;si;si;no;;Municipio incluido en el anexo de zonas prioritarias.;https://www.boe.es/buscar/act.php?id=BOE-A-2008-4474&p=20220727&tn=1
andalucia-jaen-ibros;Andalucia;Jaen;Jaen;Ibros;municipio;si;si;no;;Municipio incluido en el anexo de zonas prioritarias.;https://www.boe.es/buscar/act.php?id=BOE-A-2008-4474&p=20220727&tn=1
andalucia-jaen-iruela-la;Andalucia;Jaen;Jaen;Iruela, La;municipio;si;si;no;;Municipio incluido en el anexo de zonas prioritarias.;https://www.boe.es/buscar/act.php?id=BOE-A-2008-4474&p=20220727&tn=1
andalucia-jaen-iznatoraf;Andalucia;Jaen;Jaen;Iznatoraf;municipio;si;si;no;;Municipio incluido en el anexo de zonas prioritarias.;https://www.boe.es/buscar/act.php?id=BOE-A-2008-4474&p=20220727&tn=1
andalucia-jaen-jabalquinto;Andalucia;Jaen;Jaen;Jabalquinto;municipio;si;si;no;;Municipio incluido en el anexo de zonas prioritarias.;https://www.boe.es/buscar/act.php?id=BOE-A-2008-4474&p=20220727&tn=1
andalucia-jaen-jimena;Andalucia;Jaen;Jaen;Jimena;municipio;si;si;no;;Municipio incluido en el anexo de zonas prioritarias.;https://www.boe.es/buscar/act.php?id=BOE-A-2008-4474&p=20220727&tn=1
andalucia-jaen-jodar;Andalucia;Jaen;Jaen;Jódar;municipio;si;si;no;;Municipio incluido en el anexo de zonas prioritarias.;https://www.boe.es/buscar/act.php?id=BOE-A-2008-4474&p=20220727&tn=1
andalucia-jaen-la-carolina;Andalucia;Jaen;Jaen;La Carolina;municipio;si;si;no;;Municipio incluido en el anexo de zonas prioritarias.;https://www.boe.es/buscar/act.php?id=BOE-A-2008-4474&p=20220727&tn=1
andalucia-jaen-larva;Andalucia;Jaen;Jaen;Larva;municipio;si;si;no;;Municipio incluido en el anexo de zonas prioritarias.;https://www.boe.es/buscar/act.php?id=BOE-A-2008-4474&p=20220727&tn=1
andalucia-jaen-linares;Andalucia;Jaen;Jaen;Linares;municipio;si;si;no;;Municipio incluido en el anexo de zonas prioritarias.;https://www.boe.es/buscar/act.php?id=BOE-A-2008-4474&p=20220727&tn=1
andalucia-jaen-lopera;Andalucia;Jaen;Jaen;Lopera;municipio;si;si;no;;Municipio incluido en el anexo de zonas prioritarias.;https://www.boe.es/buscar/act.php?id=BOE-A-2008-4474&p=20220727&tn=1
andalucia-jaen-lupion;Andalucia;Jaen;Jaen;Lupión;municipio;si;si;no;;Municipio incluido en el anexo de zonas prioritarias.;https://www.boe.es/buscar/act.php?id=BOE-A-2008-4474&p=20220727&tn=1
andalucia-jaen-mancha-real;Andalucia;Jaen;Jaen;Mancha Real;municipio;si;si;no;;Municipio incluido en el anexo de zonas prioritarias.;https://www.boe.es/buscar/act.php?id=BOE-A-2008-4474&p=20220727&tn=1
andalucia-jaen-marmolejo;Andalucia;Jaen;Jaen;Marmolejo;municipio;si;si;no;;Municipio incluido en el anexo de zonas prioritarias.;https://www.boe.es/buscar/act.php?id=BOE-A-2008-4474&p=20220727&tn=1
andalucia-jaen-martos;Andalucia;Jaen;Jaen;Martos;municipio;si;si;no;;Municipio incluido en el anexo de zonas prioritarias.;https://www.boe.es/buscar/act.php?id=BOE-A-2008-4474&p=20220727&tn=1
andalucia-jaen-mengibar;Andalucia;Jaen;Jaen;Mengíbar;municipio;si;si;no;;Municipio incluido en el anexo de zonas prioritarias.;https://www.boe.es/buscar/act.php?id=BOE-A-2008-4474&p=20220727&tn=1
andalucia-jaen-montizon;Andalucia;Jaen;Jaen;Montizón;municipio;si;si;no;;Municipio incluido en el anexo de zonas prioritarias.;https://www.boe.es/buscar/act.php?id=BOE-A-2008-4474&p=20220727&tn=1
andalucia-jaen-navas-de-san-juan;Andalucia;Jaen;Jaen;Navas de San Juan;municipio;si;si;no;;Municipio incluido en el anexo de zonas prioritarias.;https://www.boe.es/buscar/act.php?id=BOE-A-2008-4474&p=20220727&tn=1
andalucia-jaen-noalejo;Andalucia;Jaen;Jaen;Noalejo;municipio;si;si;no;;Municipio incluido en el anexo de zonas prioritarias.;https://www.boe.es/buscar/act.php?id=BOE-A-2008-4474&p=20220727&tn=1
andalucia-jaen-orcera;Andalucia;Jaen;Jaen;Orcera;municipio;si;si;no;;Municipio incluido en el anexo de zonas prioritarias.;https://www.boe.es/buscar/act.php?id=BOE-A-2008-4474&p=20220727&tn=1
andalucia-jaen-peal-de-becerro;Andalucia;Jaen;Jaen;Peal de Becerro;municipio;si;si;no;;Municipio incluido en el anexo de zonas prioritarias.;https://www.boe.es/buscar/act.php?id=BOE-A-2008-4474&p=20220727&tn=1
andalucia-jaen-pegalajar;Andalucia;Jaen;Jaen;Pegalájar;municipio;si;si;no;;Municipio incluido en el anexo de zonas prioritarias.;https://www.boe.es/buscar/act.php?id=BOE-A-2008-4474&p=20220727&tn=1
andalucia-jaen-porcuna;Andalucia;Jaen;Jaen;Porcuna;municipio;si;si;no;;Municipio incluido en el anexo de zonas prioritarias.;https://www.boe.es/buscar/act.php?id=BOE-A-2008-4474&p=20220727&tn=1
andalucia-jaen-pozo-alcon;Andalucia;Jaen;Jaen;Pozo Alcón;municipio;si;si;no;;Municipio incluido en el anexo de zonas prioritarias.;https://www.boe.es/buscar/act.php?id=BOE-A-2008-4474&p=20220727&tn=1
andalucia-jaen-puente-genave;Andalucia;Jaen;Jaen;Puente Génave;municipio;si;si;no;;Municipio incluido en el anexo de zonas prioritarias.;https://www.boe.es/buscar/act.php?id=BOE-A-2008-4474&p=20220727&tn=1
andalucia-jaen-puerta-de-segura-la;Andalucia;Jaen;Jaen;Puerta de Segura, La;municipio;si;si;no;;Municipio incluido en el anexo de zonas prioritarias.;https://www.boe.es/buscar/act.php?id=BOE-A-2008-4474&p=20220727&tn=1
andalucia-jaen-quesada;Andalucia;Jaen;Jaen;Quesada;municipio;si;si;no;;Municipio incluido en el anexo de zonas prioritarias.;https://www.boe.es/buscar/act.php?id=BOE-A-2008-4474&p=20220727&tn=1
andalucia-jaen-rus;Andalucia;Jaen;Jaen;Rus;municipio;si;si;no;;Municipio incluido en el anexo de zonas prioritarias.;https://www.boe.es/buscar/act.php?id=BOE-A-2008-4474&p=20220727&tn=1
andalucia-jaen-sabiote;Andalucia;Jaen;Jaen;Sabiote;municipio;si;si;no;;Municipio incluido en el anexo de zonas prioritarias.;https://www.boe.es/buscar/act.php?id=BOE-A-2008-4474&p=20220727&tn=1
andalucia-jaen-santa-elena;Andalucia;Jaen;Jaen;Santa Elena;municipio;si;si;no;;Municipio incluido en el anexo de zonas prioritarias.;https://www.boe.es/buscar/act.php?id=BOE-A-2008-4474&p=20220727&tn=1
andalucia-jaen-santiago-de-calatrava;Andalucia;Jaen;Jaen;Santiago de Calatrava;municipio;si;si;no;;Municipio incluido en el anexo de zonas prioritarias.;https://www.boe.es/buscar/act.php?id=BOE-A-2008-4474&p=20220727&tn=1
andalucia-jaen-santisteban-del-puerto;Andalucia;Jaen;Jaen;Santisteban del Puerto;municipio;si;si;no;;Municipio incluido en el anexo de zonas prioritarias.;https://www.boe.es/buscar/act.php?id=BOE-A-2008-4474&p=20220727&tn=1
andalucia-jaen-santo-tome;Andalucia;Jaen;Jaen;Santo Tomé;municipio;si;si;no;;Municipio incluido en el anexo de zonas prioritarias.;https://www.boe.es/buscar/act.php?id=BOE-A-2008-4474&p=20220727&tn=1
andalucia-jaen-segura-de-la-sierra;Andalucia;Jaen;Jaen;Segura de la Sierra;municipio;si;si;no;;Municipio incluido en el anexo de zonas prioritarias.;https://www.boe.es/buscar/act.php?id=BOE-A-2008-4474&p=20220727&tn=1
andalucia-jaen-siles;Andalucia;Jaen;Jaen;Siles;municipio;si;si;no;;Municipio incluido en el anexo de zonas prioritarias.;https://www.boe.es/buscar/act.php?id=BOE-A-2008-4474&p=20220727&tn=1
andalucia-jaen-sorihuela-del-guadalimar;Andalucia;Jaen;Jaen;Sorihuela del Guadalimar;municipio;si;si;no;;Municipio incluido en el anexo de zonas prioritarias.;https://www.boe.es/buscar/act.php?id=BOE-A-2008-4474&p=20220727&tn=1
andalucia-jaen-torreblascopedro;Andalucia;Jaen;Jaen;Torreblascopedro;municipio;si;si;no;;Municipio incluido en el anexo de zonas prioritarias.;https://www.boe.es/buscar/act.php?id=BOE-A-2008-4474&p=20220727&tn=1
andalucia-jaen-torredonjimeno;Andalucia;Jaen;Jaen;Torredonjimeno;municipio;si;si;no;;Municipio incluido en el anexo de zonas prioritarias.;https://www.boe.es/buscar/act.php?id=BOE-A-2008-4474&p=20220727&tn=1
andalucia-jaen-torreperogil;Andalucia;Jaen;Jaen;Torreperogil;municipio;si;si;no;;Municipio incluido en el anexo de zonas prioritarias.;https://www.boe.es/buscar/act.php?id=BOE-A-2008-4474&p=20220727&tn=1
andalucia-jaen-torres;Andalucia;Jaen;Jaen;Torres;municipio;si;si;no;;Municipio incluido en el anexo de zonas prioritarias.;https://www.boe.es/buscar/act.php?id=BOE-A-2008-4474&p=20220727&tn=1
andalucia-jaen-torres-de-albanchez;Andalucia;Jaen;Jaen;Torres de Albánchez;municipio;si;si;no;;Municipio incluido en el anexo de zonas prioritarias.;https://www.boe.es/buscar/act.php?id=BOE-A-2008-4474&p=20220727&tn=1
andalucia-jaen-ubeda;Andalucia;Jaen;Jaen;Ubeda;municipio;si;si;no;;Municipio incluido en el anexo de zonas prioritarias.;https://www.boe.es/buscar/act.php?id=BOE-A-2008-4474&p=20220727&tn=1
andalucia-jaen-valdepenas-de-jaen;Andalucia;Jaen;Jaen;Valdepeñas de Jaén;municipio;si;si;no;;Municipio incluido en el anexo de zonas prioritarias.;https://www.boe.es/buscar/act.php?id=BOE-A-2008-4474&p=20220727&tn=1
andalucia-jaen-vilches;Andalucia;Jaen;Jaen;Vilches;municipio;si;si;no;;Municipio incluido en el anexo de zonas prioritarias.;https://www.boe.es/buscar/act.php?id=BOE-A-2008-4474&p=20220727&tn=1
andalucia-jaen-villacarrillo;Andalucia;Jaen;Jaen;Villacarrillo;municipio;si;si;no;;Municipio incluido en el anexo de zonas prioritarias.;https://www.boe.es/buscar/act.php?id=BOE-A-2008-4474&p=20220727&tn=1
andalucia-jaen-villanueva-de-la-reina;Andalucia;Jaen;Jaen;Villanueva de la Reina;municipio;si;si;no;;Municipio incluido en el anexo de zonas prioritarias.;https://www.boe.es/buscar/act.php?id=BOE-A-2008-4474&p=20220727&tn=1
andalucia-jaen-villanueva-del-arzobispo;Andalucia;Jaen;Jaen;Villanueva del Arzobispo;municipio;si;si;no;;Municipio incluido en el anexo de zonas prioritarias.;https://www.boe.es/buscar/act.php?id=BOE-A-2008-4474&p=20220727&tn=1
andalucia-jaen-villarrodrigo;Andalucia;Jaen;Jaen;Villarrodrigo;municipio;si;si;no;;Municipio incluido en el anexo de zonas prioritarias.;https://www.boe.es/buscar/act.php?id=BOE-A-2008-4474&p=20220727&tn=1
andalucia-malaga-alameda;Andalucia;Malaga;Malaga;Alameda;municipio;si;si;no;;Municipio incluido en el anexo de zonas prioritarias.;https://www.boe.es/buscar/act.php?id=BOE-A-2008-4474&p=20220727&tn=1
andalucia-malaga-alcaucin;Andalucia;Malaga;Malaga;Alcaucín;municipio;si;si;no;;Municipio incluido en el anexo de zonas prioritarias.;https://www.boe.es/buscar/act.php?id=BOE-A-2008-4474&p=20220727&tn=1
andalucia-malaga-alfarnate;Andalucia;Malaga;Malaga;Alfarnate;municipio;si;si;no;;Municipio incluido en el anexo de zonas prioritarias.;https://www.boe.es/buscar/act.php?id=BOE-A-2008-4474&p=20220727&tn=1
andalucia-malaga-alfarnatejo;Andalucia;Malaga;Malaga;Alfarnatejo;municipio;si;si;no;;Municipio incluido en el anexo de zonas prioritarias.;https://www.boe.es/buscar/act.php?id=BOE-A-2008-4474&p=20220727&tn=1
andalucia-malaga-algatocin;Andalucia;Malaga;Malaga;Algatocín;municipio;si;si;no;;Municipio incluido en el anexo de zonas prioritarias.;https://www.boe.es/buscar/act.php?id=BOE-A-2008-4474&p=20220727&tn=1
andalucia-malaga-almachar;Andalucia;Malaga;Malaga;Almáchar;municipio;si;si;no;;Municipio incluido en el anexo de zonas prioritarias.;https://www.boe.es/buscar/act.php?id=BOE-A-2008-4474&p=20220727&tn=1
andalucia-malaga-almargen;Andalucia;Malaga;Malaga;Almargen;municipio;si;si;no;;Municipio incluido en el anexo de zonas prioritarias.;https://www.boe.es/buscar/act.php?id=BOE-A-2008-4474&p=20220727&tn=1
andalucia-malaga-almogia;Andalucia;Malaga;Malaga;Almogía;municipio;si;si;no;;Municipio incluido en el anexo de zonas prioritarias.;https://www.boe.es/buscar/act.php?id=BOE-A-2008-4474&p=20220727&tn=1
andalucia-malaga-alora;Andalucia;Malaga;Malaga;Alora;municipio;si;si;no;;Municipio incluido en el anexo de zonas prioritarias.;https://www.boe.es/buscar/act.php?id=BOE-A-2008-4474&p=20220727&tn=1
andalucia-malaga-alozaina;Andalucia;Malaga;Malaga;Alozaina;municipio;si;si;no;;Municipio incluido en el anexo de zonas prioritarias.;https://www.boe.es/buscar/act.php?id=BOE-A-2008-4474&p=20220727&tn=1
andalucia-malaga-alpandeire;Andalucia;Malaga;Malaga;Alpandeire;municipio;si;si;no;;Municipio incluido en el anexo de zonas prioritarias.;https://www.boe.es/buscar/act.php?id=BOE-A-2008-4474&p=20220727&tn=1
andalucia-malaga-antequera;Andalucia;Malaga;Malaga;Antequera;municipio;si;si;no;;Municipio incluido en el anexo de zonas prioritarias.;https://www.boe.es/buscar/act.php?id=BOE-A-2008-4474&p=20220727&tn=1
andalucia-malaga-archez;Andalucia;Malaga;Malaga;Archez;municipio;si;si;no;;Municipio incluido en el anexo de zonas prioritarias.;https://www.boe.es/buscar/act.php?id=BOE-A-2008-4474&p=20220727&tn=1
andalucia-malaga-archidona;Andalucia;Malaga;Malaga;Archidona;municipio;si;si;no;;Municipio incluido en el anexo de zonas prioritarias.;https://www.boe.es/buscar/act.php?id=BOE-A-2008-4474&p=20220727&tn=1
andalucia-malaga-ardales;Andalucia;Malaga;Malaga;Ardales;municipio;si;si;no;;Municipio incluido en el anexo de zonas prioritarias.;https://www.boe.es/buscar/act.php?id=BOE-A-2008-4474&p=20220727&tn=1
andalucia-malaga-arenas;Andalucia;Malaga;Malaga;Arenas;municipio;si;si;no;;Municipio incluido en el anexo de zonas prioritarias.;https://www.boe.es/buscar/act.php?id=BOE-A-2008-4474&p=20220727&tn=1
andalucia-malaga-arriate;Andalucia;Malaga;Malaga;Arriate;municipio;si;si;no;;Municipio incluido en el anexo de zonas prioritarias.;https://www.boe.es/buscar/act.php?id=BOE-A-2008-4474&p=20220727&tn=1
andalucia-malaga-atajate;Andalucia;Malaga;Malaga;Atajate;municipio;si;si;no;;Municipio incluido en el anexo de zonas prioritarias.;https://www.boe.es/buscar/act.php?id=BOE-A-2008-4474&p=20220727&tn=1
andalucia-malaga-benadalid;Andalucia;Malaga;Malaga;Benadalid;municipio;si;si;no;;Municipio incluido en el anexo de zonas prioritarias.;https://www.boe.es/buscar/act.php?id=BOE-A-2008-4474&p=20220727&tn=1
andalucia-malaga-benalauria;Andalucia;Malaga;Malaga;Benalauría;municipio;si;si;no;;Municipio incluido en el anexo de zonas prioritarias.;https://www.boe.es/buscar/act.php?id=BOE-A-2008-4474&p=20220727&tn=1
andalucia-malaga-benamargosa;Andalucia;Malaga;Malaga;Benamargosa;municipio;si;si;no;;Municipio incluido en el anexo de zonas prioritarias.;https://www.boe.es/buscar/act.php?id=BOE-A-2008-4474&p=20220727&tn=1
andalucia-malaga-benamocarra;Andalucia;Malaga;Malaga;Benamocárra;municipio;si;si;no;;Municipio incluido en el anexo de zonas prioritarias.;https://www.boe.es/buscar/act.php?id=BOE-A-2008-4474&p=20220727&tn=1
andalucia-malaga-benaojan;Andalucia;Malaga;Malaga;Benaoján;municipio;si;si;no;;Municipio incluido en el anexo de zonas prioritarias.;https://www.boe.es/buscar/act.php?id=BOE-A-2008-4474&p=20220727&tn=1
andalucia-malaga-benarraba;Andalucia;Malaga;Malaga;Benarrabá;municipio;si;si;no;;Municipio incluido en el anexo de zonas prioritarias.;https://www.boe.es/buscar/act.php?id=BOE-A-2008-4474&p=20220727&tn=1
andalucia-malaga-borge-el;Andalucia;Malaga;Malaga;Borge El;municipio;si;si;no;;Municipio incluido en el anexo de zonas prioritarias.;https://www.boe.es/buscar/act.php?id=BOE-A-2008-4474&p=20220727&tn=1
andalucia-malaga-burgo-el;Andalucia;Malaga;Malaga;Burgo El;municipio;si;si;no;;Municipio incluido en el anexo de zonas prioritarias.;https://www.boe.es/buscar/act.php?id=BOE-A-2008-4474&p=20220727&tn=1
andalucia-malaga-campillos;Andalucia;Malaga;Malaga;Campillos;municipio;si;si;no;;Municipio incluido en el anexo de zonas prioritarias.;https://www.boe.es/buscar/act.php?id=BOE-A-2008-4474&p=20220727&tn=1
andalucia-malaga-canillas-de-aceituno;Andalucia;Malaga;Malaga;Canillas de Aceituno;municipio;si;si;no;;Municipio incluido en el anexo de zonas prioritarias.;https://www.boe.es/buscar/act.php?id=BOE-A-2008-4474&p=20220727&tn=1
andalucia-malaga-canillas-de-albaida;Andalucia;Malaga;Malaga;Canillas de Albaida;municipio;si;si;no;;Municipio incluido en el anexo de zonas prioritarias.;https://www.boe.es/buscar/act.php?id=BOE-A-2008-4474&p=20220727&tn=1
andalucia-malaga-canete-la-real;Andalucia;Malaga;Malaga;Cañete la Real;municipio;si;si;no;;Municipio incluido en el anexo de zonas prioritarias.;https://www.boe.es/buscar/act.php?id=BOE-A-2008-4474&p=20220727&tn=1
andalucia-malaga-carratraca;Andalucia;Malaga;Malaga;Carratraca;municipio;si;si;no;;Municipio incluido en el anexo de zonas prioritarias.;https://www.boe.es/buscar/act.php?id=BOE-A-2008-4474&p=20220727&tn=1
andalucia-malaga-cartajima;Andalucia;Malaga;Malaga;Cartajima;municipio;si;si;no;;Municipio incluido en el anexo de zonas prioritarias.;https://www.boe.es/buscar/act.php?id=BOE-A-2008-4474&p=20220727&tn=1
andalucia-malaga-casabermeja;Andalucia;Malaga;Malaga;Casabermeja;municipio;si;si;no;;Municipio incluido en el anexo de zonas prioritarias.;https://www.boe.es/buscar/act.php?id=BOE-A-2008-4474&p=20220727&tn=1
andalucia-malaga-casarabonela;Andalucia;Malaga;Malaga;Casarabonela;municipio;si;si;no;;Municipio incluido en el anexo de zonas prioritarias.;https://www.boe.es/buscar/act.php?id=BOE-A-2008-4474&p=20220727&tn=1
andalucia-malaga-colmenar;Andalucia;Malaga;Malaga;Colmenar;municipio;si;si;no;;Municipio incluido en el anexo de zonas prioritarias.;https://www.boe.es/buscar/act.php?id=BOE-A-2008-4474&p=20220727&tn=1
andalucia-malaga-comares;Andalucia;Malaga;Malaga;Comares;municipio;si;si;no;;Municipio incluido en el anexo de zonas prioritarias.;https://www.boe.es/buscar/act.php?id=BOE-A-2008-4474&p=20220727&tn=1
andalucia-malaga-competa;Andalucia;Malaga;Malaga;Cómpeta;municipio;si;si;no;;Municipio incluido en el anexo de zonas prioritarias.;https://www.boe.es/buscar/act.php?id=BOE-A-2008-4474&p=20220727&tn=1
andalucia-malaga-cortes-de-la-frontera;Andalucia;Malaga;Malaga;Cortes de la Frontera;municipio;si;si;no;;Municipio incluido en el anexo de zonas prioritarias.;https://www.boe.es/buscar/act.php?id=BOE-A-2008-4474&p=20220727&tn=1
andalucia-malaga-cuevas-bajas;Andalucia;Malaga;Malaga;Cuevas Bajas;municipio;si;si;no;;Municipio incluido en el anexo de zonas prioritarias.;https://www.boe.es/buscar/act.php?id=BOE-A-2008-4474&p=20220727&tn=1
andalucia-malaga-cuevas-de-san-marcos;Andalucia;Malaga;Malaga;Cuevas de San Marcos;municipio;si;si;no;;Municipio incluido en el anexo de zonas prioritarias.;https://www.boe.es/buscar/act.php?id=BOE-A-2008-4474&p=20220727&tn=1
andalucia-malaga-cuevas-del-becerro;Andalucia;Malaga;Malaga;Cuevas del Becerro;municipio;si;si;no;;Municipio incluido en el anexo de zonas prioritarias.;https://www.boe.es/buscar/act.php?id=BOE-A-2008-4474&p=20220727&tn=1
andalucia-malaga-cutar;Andalucia;Malaga;Malaga;Cútar;municipio;si;si;no;;Municipio incluido en el anexo de zonas prioritarias.;https://www.boe.es/buscar/act.php?id=BOE-A-2008-4474&p=20220727&tn=1
andalucia-malaga-farajan;Andalucia;Malaga;Malaga;Faraján;municipio;si;si;no;;Municipio incluido en el anexo de zonas prioritarias.;https://www.boe.es/buscar/act.php?id=BOE-A-2008-4474&p=20220727&tn=1
andalucia-malaga-frigiliana;Andalucia;Malaga;Malaga;Frigiliana;municipio;si;si;no;;Municipio incluido en el anexo de zonas prioritarias.;https://www.boe.es/buscar/act.php?id=BOE-A-2008-4474&p=20220727&tn=1
andalucia-malaga-fuente-de-piedra;Andalucia;Malaga;Malaga;Fuente de Piedra;municipio;si;si;no;;Municipio incluido en el anexo de zonas prioritarias.;https://www.boe.es/buscar/act.php?id=BOE-A-2008-4474&p=20220727&tn=1
andalucia-malaga-gaucin;Andalucia;Malaga;Malaga;Gaucín;municipio;si;si;no;;Municipio incluido en el anexo de zonas prioritarias.;https://www.boe.es/buscar/act.php?id=BOE-A-2008-4474&p=20220727&tn=1
andalucia-malaga-genalguacil;Andalucia;Malaga;Malaga;Genalguacil;municipio;si;si;no;;Municipio incluido en el anexo de zonas prioritarias.;https://www.boe.es/buscar/act.php?id=BOE-A-2008-4474&p=20220727&tn=1
andalucia-malaga-guaro;Andalucia;Malaga;Malaga;Guaro;municipio;si;si;no;;Municipio incluido en el anexo de zonas prioritarias.;https://www.boe.es/buscar/act.php?id=BOE-A-2008-4474&p=20220727&tn=1
andalucia-malaga-humilladero;Andalucia;Malaga;Malaga;Humilladero;municipio;si;si;no;;Municipio incluido en el anexo de zonas prioritarias.;https://www.boe.es/buscar/act.php?id=BOE-A-2008-4474&p=20220727&tn=1
andalucia-malaga-igualeja;Andalucia;Malaga;Malaga;Igualeja;municipio;si;si;no;;Municipio incluido en el anexo de zonas prioritarias.;https://www.boe.es/buscar/act.php?id=BOE-A-2008-4474&p=20220727&tn=1
andalucia-malaga-iznate;Andalucia;Malaga;Malaga;Iznate;municipio;si;si;no;;Municipio incluido en el anexo de zonas prioritarias.;https://www.boe.es/buscar/act.php?id=BOE-A-2008-4474&p=20220727&tn=1
andalucia-malaga-jimera-de-libar;Andalucia;Malaga;Malaga;Jimera de Líbar;municipio;si;si;no;;Municipio incluido en el anexo de zonas prioritarias.;https://www.boe.es/buscar/act.php?id=BOE-A-2008-4474&p=20220727&tn=1
andalucia-malaga-jubrique;Andalucia;Malaga;Malaga;Jubrique;municipio;si;si;no;;Municipio incluido en el anexo de zonas prioritarias.;https://www.boe.es/buscar/act.php?id=BOE-A-2008-4474&p=20220727&tn=1
andalucia-malaga-juzcar;Andalucia;Malaga;Malaga;Júzcar;municipio;si;si;no;;Municipio incluido en el anexo de zonas prioritarias.;https://www.boe.es/buscar/act.php?id=BOE-A-2008-4474&p=20220727&tn=1
andalucia-malaga-macharaviaya;Andalucia;Malaga;Malaga;Macharaviaya;municipio;si;si;no;;Municipio incluido en el anexo de zonas prioritarias.;https://www.boe.es/buscar/act.php?id=BOE-A-2008-4474&p=20220727&tn=1
andalucia-malaga-moclinejo;Andalucia;Malaga;Malaga;Moclinejo;municipio;si;si;no;;Municipio incluido en el anexo de zonas prioritarias.;https://www.boe.es/buscar/act.php?id=BOE-A-2008-4474&p=20220727&tn=1
andalucia-malaga-mollina;Andalucia;Malaga;Malaga;Mollina;municipio;si;si;no;;Municipio incluido en el anexo de zonas prioritarias.;https://www.boe.es/buscar/act.php?id=BOE-A-2008-4474&p=20220727&tn=1
andalucia-malaga-monda;Andalucia;Malaga;Malaga;Monda;municipio;si;si;no;;Municipio incluido en el anexo de zonas prioritarias.;https://www.boe.es/buscar/act.php?id=BOE-A-2008-4474&p=20220727&tn=1
andalucia-malaga-montejaque;Andalucia;Malaga;Malaga;Montejaque;municipio;si;si;no;;Municipio incluido en el anexo de zonas prioritarias.;https://www.boe.es/buscar/act.php?id=BOE-A-2008-4474&p=20220727&tn=1
andalucia-malaga-parauta;Andalucia;Malaga;Malaga;Parauta;municipio;si;si;no;;Municipio incluido en el anexo de zonas prioritarias.;https://www.boe.es/buscar/act.php?id=BOE-A-2008-4474&p=20220727&tn=1
andalucia-malaga-periana;Andalucia;Malaga;Malaga;Periana;municipio;si;si;no;;Municipio incluido en el anexo de zonas prioritarias.;https://www.boe.es/buscar/act.php?id=BOE-A-2008-4474&p=20220727&tn=1
andalucia-malaga-pizarra;Andalucia;Malaga;Malaga;Pizarra;municipio;si;si;no;;Municipio incluido en el anexo de zonas prioritarias.;https://www.boe.es/buscar/act.php?id=BOE-A-2008-4474&p=20220727&tn=1
andalucia-malaga-pujerra;Andalucia;Malaga;Malaga;Pujerra;municipio;si;si;no;;Municipio incluido en el anexo de zonas prioritarias.;https://www.boe.es/buscar/act.php?id=BOE-A-2008-4474&p=20220727&tn=1
andalucia-malaga-riogordo;Andalucia;Malaga;Malaga;Riogordo;municipio;si;si;no;;Municipio incluido en el anexo de zonas prioritarias.;https://www.boe.es/buscar/act.php?id=BOE-A-2008-4474&p=20220727&tn=1
andalucia-malaga-ronda;Andalucia;Malaga;Malaga;Ronda;municipio;si;si;no;;Municipio incluido en el anexo de zonas prioritarias.;https://www.boe.es/buscar/act.php?id=BOE-A-2008-4474&p=20220727&tn=1
andalucia-malaga-salares;Andalucia;Malaga;Malaga;Salares;municipio;si;si;no;;Municipio incluido en el anexo de zonas prioritarias.;https://www.boe.es/buscar/act.php?id=BOE-A-2008-4474&p=20220727&tn=1
andalucia-malaga-sayalonga;Andalucia;Malaga;Malaga;Sayalonga;municipio;si;si;no;;Municipio incluido en el anexo de zonas prioritarias.;https://www.boe.es/buscar/act.php?id=BOE-A-2008-4474&p=20220727&tn=1
andalucia-malaga-sedella;Andalucia;Malaga;Malaga;Sedella;municipio;si;si;no;;Municipio incluido en el anexo de zonas prioritarias.;https://www.boe.es/buscar/act.php?id=BOE-A-2008-4474&p=20220727&tn=1
andalucia-malaga-sierra-de-yeguas;Andalucia;Malaga;Malaga;Sierra de Yeguas;municipio;si;si;no;;Municipio incluido en el anexo de zonas prioritarias.;https://www.boe.es/buscar/act.php?id=BOE-A-2008-4474&p=20220727&tn=1
andalucia-malaga-teba;Andalucia;Malaga;Malaga;Teba;municipio;si;si;no;;Municipio incluido en el anexo de zonas prioritarias.;https://www.boe.es/buscar/act.php?id=BOE-A-2008-4474&p=20220727&tn=1
andalucia-malaga-tolox;Andalucia;Malaga;Malaga;Tolox;municipio;si;si;no;;Municipio incluido en el anexo de zonas prioritarias.;https://www.boe.es/buscar/act.php?id=BOE-A-2008-4474&p=20220727&tn=1
andalucia-malaga-totalan;Andalucia;Malaga;Malaga;Totalán;municipio;si;si;no;;Municipio incluido en el anexo de zonas prioritarias.;https://www.boe.es/buscar/act.php?id=BOE-A-2008-4474&p=20220727&tn=1
andalucia-malaga-valle-de-abdalajis;Andalucia;Malaga;Malaga;Valle de Abdalajís;municipio;si;si;no;;Municipio incluido en el anexo de zonas prioritarias.;https://www.boe.es/buscar/act.php?id=BOE-A-2008-4474&p=20220727&tn=1
andalucia-malaga-villanueva-de-algaidas;Andalucia;Malaga;Malaga;Villanueva de Algaidas;municipio;si;si;no;;Municipio incluido en el anexo de zonas prioritarias.;https://www.boe.es/buscar/act.php?id=BOE-A-2008-4474&p=20220727&tn=1
andalucia-malaga-villanueva-de-tapia;Andalucia;Malaga;Malaga;Villanueva de Tapia;municipio;si;si;no;;Municipio incluido en el anexo de zonas prioritarias.;https://www.boe.es/buscar/act.php?id=BOE-A-2008-4474&p=20220727&tn=1
andalucia-malaga-villanueva-del-rosario;Andalucia;Malaga;Malaga;Villanueva del Rosario;municipio;si;si;no;;Municipio incluido en el anexo de zonas prioritarias.;https://www.boe.es/buscar/act.php?id=BOE-A-2008-4474&p=20220727&tn=1
andalucia-malaga-villanueva-del-trabuco;Andalucia;Malaga;Malaga;Villanueva del Trabuco;municipio;si;si;no;;Municipio incluido en el anexo de zonas prioritarias.;https://www.boe.es/buscar/act.php?id=BOE-A-2008-4474&p=20220727&tn=1
andalucia-malaga-vinuela;Andalucia;Malaga;Malaga;Viñuela;municipio;si;si;no;;Municipio incluido en el anexo de zonas prioritarias.;https://www.boe.es/buscar/act.php?id=BOE-A-2008-4474&p=20220727&tn=1
andalucia-malaga-yunquera;Andalucia;Malaga;Malaga;Yunquera;municipio;si;si;no;;Municipio incluido en el anexo de zonas prioritarias.;https://www.boe.es/buscar/act.php?id=BOE-A-2008-4474&p=20220727&tn=1
andalucia-sevilla-aguadulce;Andalucia;Sevilla;Sevilla;Aguadulce;municipio;si;si;no;;Municipio incluido en el anexo de zonas prioritarias.;https://www.boe.es/buscar/act.php?id=BOE-A-2008-4474&p=20220727&tn=1
andalucia-sevilla-alanis;Andalucia;Sevilla;Sevilla;Alanís;municipio;si;si;no;;Municipio incluido en el anexo de zonas prioritarias.;https://www.boe.es/buscar/act.php?id=BOE-A-2008-4474&p=20220727&tn=1
andalucia-sevilla-alcolea-del-rio;Andalucia;Sevilla;Sevilla;Alcolea del Río;municipio;si;si;no;;Municipio incluido en el anexo de zonas prioritarias.;https://www.boe.es/buscar/act.php?id=BOE-A-2008-4474&p=20220727&tn=1
andalucia-sevilla-algamitas;Andalucia;Sevilla;Sevilla;Algámitas;municipio;si;si;no;;Municipio incluido en el anexo de zonas prioritarias.;https://www.boe.es/buscar/act.php?id=BOE-A-2008-4474&p=20220727&tn=1
andalucia-sevilla-almaden-de-la-plata;Andalucia;Sevilla;Sevilla;Almadén de la Plata;municipio;si;si;no;;Municipio incluido en el anexo de zonas prioritarias.;https://www.boe.es/buscar/act.php?id=BOE-A-2008-4474&p=20220727&tn=1
andalucia-sevilla-arahal-el;Andalucia;Sevilla;Sevilla;Arahal El;municipio;si;si;no;;Municipio incluido en el anexo de zonas prioritarias.;https://www.boe.es/buscar/act.php?id=BOE-A-2008-4474&p=20220727&tn=1
andalucia-sevilla-aznalcazar;Andalucia;Sevilla;Sevilla;Aznalcázar;municipio;si;si;no;;Municipio incluido en el anexo de zonas prioritarias.;https://www.boe.es/buscar/act.php?id=BOE-A-2008-4474&p=20220727&tn=1
andalucia-sevilla-aznalcollar;Andalucia;Sevilla;Sevilla;Aznalcóllar;municipio;si;si;no;;Municipio incluido en el anexo de zonas prioritarias.;https://www.boe.es/buscar/act.php?id=BOE-A-2008-4474&p=20220727&tn=1
andalucia-sevilla-badolatosa;Andalucia;Sevilla;Sevilla;Badolatosa;municipio;si;si;no;;Municipio incluido en el anexo de zonas prioritarias.;https://www.boe.es/buscar/act.php?id=BOE-A-2008-4474&p=20220727&tn=1
andalucia-sevilla-brenes;Andalucia;Sevilla;Sevilla;Brenes;municipio;si;si;no;;Municipio incluido en el anexo de zonas prioritarias.;https://www.boe.es/buscar/act.php?id=BOE-A-2008-4474&p=20220727&tn=1
andalucia-sevilla-burguillos;Andalucia;Sevilla;Sevilla;Burguillos;municipio;si;si;no;;Municipio incluido en el anexo de zonas prioritarias.;https://www.boe.es/buscar/act.php?id=BOE-A-2008-4474&p=20220727&tn=1
andalucia-sevilla-cabezas-de-san-juan-las;Andalucia;Sevilla;Sevilla;Cabezas de San Juan, Las;municipio;si;si;no;;Municipio incluido en el anexo de zonas prioritarias.;https://www.boe.es/buscar/act.php?id=BOE-A-2008-4474&p=20220727&tn=1
andalucia-sevilla-campana-la;Andalucia;Sevilla;Sevilla;Campana, La;municipio;si;si;no;;Municipio incluido en el anexo de zonas prioritarias.;https://www.boe.es/buscar/act.php?id=BOE-A-2008-4474&p=20220727&tn=1
andalucia-sevilla-cantillana;Andalucia;Sevilla;Sevilla;Cantillana;municipio;si;si;no;;Municipio incluido en el anexo de zonas prioritarias.;https://www.boe.es/buscar/act.php?id=BOE-A-2008-4474&p=20220727&tn=1
andalucia-sevilla-canada-rosal;Andalucia;Sevilla;Sevilla;Cañada Rosal;municipio;si;si;no;;Municipio incluido en el anexo de zonas prioritarias.;https://www.boe.es/buscar/act.php?id=BOE-A-2008-4474&p=20220727&tn=1
andalucia-sevilla-carmona;Andalucia;Sevilla;Sevilla;Carmona;municipio;si;si;no;;Municipio incluido en el anexo de zonas prioritarias.;https://www.boe.es/buscar/act.php?id=BOE-A-2008-4474&p=20220727&tn=1
andalucia-sevilla-carrion-de-los-cespedes;Andalucia;Sevilla;Sevilla;Carrión de los Céspedes;municipio;si;si;no;;Municipio incluido en el anexo de zonas prioritarias.;https://www.boe.es/buscar/act.php?id=BOE-A-2008-4474&p=20220727&tn=1
andalucia-sevilla-casariche;Andalucia;Sevilla;Sevilla;Casariche;municipio;si;si;no;;Municipio incluido en el anexo de zonas prioritarias.;https://www.boe.es/buscar/act.php?id=BOE-A-2008-4474&p=20220727&tn=1
andalucia-sevilla-castilblanco-de-los-arroyos;Andalucia;Sevilla;Sevilla;Castilblanco de los Arroyos;municipio;si;si;no;;Municipio incluido en el anexo de zonas prioritarias.;https://www.boe.es/buscar/act.php?id=BOE-A-2008-4474&p=20220727&tn=1
andalucia-sevilla-castilleja-del-campo;Andalucia;Sevilla;Sevilla;Castilleja del Campo;municipio;si;si;no;;Municipio incluido en el anexo de zonas prioritarias.;https://www.boe.es/buscar/act.php?id=BOE-A-2008-4474&p=20220727&tn=1
andalucia-sevilla-castillo-de-las-guardas;Andalucia;Sevilla;Sevilla;Castillo de las Guardas;municipio;si;si;no;;Municipio incluido en el anexo de zonas prioritarias.;https://www.boe.es/buscar/act.php?id=BOE-A-2008-4474&p=20220727&tn=1
andalucia-sevilla-cazalla-de-la-sierra;Andalucia;Sevilla;Sevilla;Cazalla de la Sierra;municipio;si;si;no;;Municipio incluido en el anexo de zonas prioritarias.;https://www.boe.es/buscar/act.php?id=BOE-A-2008-4474&p=20220727&tn=1
andalucia-sevilla-constantina;Andalucia;Sevilla;Sevilla;Constantina;municipio;si;si;no;;Municipio incluido en el anexo de zonas prioritarias.;https://www.boe.es/buscar/act.php?id=BOE-A-2008-4474&p=20220727&tn=1
andalucia-sevilla-coripe;Andalucia;Sevilla;Sevilla;Coripe;municipio;si;si;no;;Municipio incluido en el anexo de zonas prioritarias.;https://www.boe.es/buscar/act.php?id=BOE-A-2008-4474&p=20220727&tn=1
andalucia-sevilla-coronil-el;Andalucia;Sevilla;Sevilla;Coronil El;municipio;si;si;no;;Municipio incluido en el anexo de zonas prioritarias.;https://www.boe.es/buscar/act.php?id=BOE-A-2008-4474&p=20220727&tn=1
andalucia-sevilla-corrales-los;Andalucia;Sevilla;Sevilla;Corrales Los;municipio;si;si;no;;Municipio incluido en el anexo de zonas prioritarias.;https://www.boe.es/buscar/act.php?id=BOE-A-2008-4474&p=20220727&tn=1
andalucia-sevilla-cuervo-de-sevilla-el;Andalucia;Sevilla;Sevilla;Cuervo de Sevilla El;municipio;si;si;no;;Municipio incluido en el anexo de zonas prioritarias.;https://www.boe.es/buscar/act.php?id=BOE-A-2008-4474&p=20220727&tn=1
andalucia-sevilla-ecija;Andalucia;Sevilla;Sevilla;Ecija;municipio;si;si;no;;Municipio incluido en el anexo de zonas prioritarias.;https://www.boe.es/buscar/act.php?id=BOE-A-2008-4474&p=20220727&tn=1
andalucia-sevilla-estepa;Andalucia;Sevilla;Sevilla;Estepa;municipio;si;si;no;;Municipio incluido en el anexo de zonas prioritarias.;https://www.boe.es/buscar/act.php?id=BOE-A-2008-4474&p=20220727&tn=1
andalucia-sevilla-fuentes-de-andalucia;Andalucia;Sevilla;Sevilla;Fuentes de Andalucia;municipio;si;si;no;;Municipio incluido en el anexo de zonas prioritarias.;https://www.boe.es/buscar/act.php?id=BOE-A-2008-4474&p=20220727&tn=1
andalucia-sevilla-garrobo-el;Andalucia;Sevilla;Sevilla;Garrobo El;municipio;si;si;no;;Municipio incluido en el anexo de zonas prioritarias.;https://www.boe.es/buscar/act.php?id=BOE-A-2008-4474&p=20220727&tn=1
andalucia-sevilla-gerena;Andalucia;Sevilla;Sevilla;Gerena;municipio;si;si;no;;Municipio incluido en el anexo de zonas prioritarias.;https://www.boe.es/buscar/act.php?id=BOE-A-2008-4474&p=20220727&tn=1
andalucia-sevilla-gilena;Andalucia;Sevilla;Sevilla;Gilena;municipio;si;si;no;;Municipio incluido en el anexo de zonas prioritarias.;https://www.boe.es/buscar/act.php?id=BOE-A-2008-4474&p=20220727&tn=1
andalucia-sevilla-guadalcanal;Andalucia;Sevilla;Sevilla;Guadalcanal;municipio;si;si;no;;Municipio incluido en el anexo de zonas prioritarias.;https://www.boe.es/buscar/act.php?id=BOE-A-2008-4474&p=20220727&tn=1
andalucia-sevilla-guillena;Andalucia;Sevilla;Sevilla;Guillena;municipio;si;si;no;;Municipio incluido en el anexo de zonas prioritarias.;https://www.boe.es/buscar/act.php?id=BOE-A-2008-4474&p=20220727&tn=1
andalucia-sevilla-herrera;Andalucia;Sevilla;Sevilla;Herrera;municipio;si;si;no;;Municipio incluido en el anexo de zonas prioritarias.;https://www.boe.es/buscar/act.php?id=BOE-A-2008-4474&p=20220727&tn=1
andalucia-sevilla-huevar-del-aljarafe;Andalucia;Sevilla;Sevilla;Huévar del Aljarafe;municipio;si;si;no;;Municipio incluido en el anexo de zonas prioritarias.;https://www.boe.es/buscar/act.php?id=BOE-A-2008-4474&p=20220727&tn=1
andalucia-sevilla-isla-mayor;Andalucia;Sevilla;Sevilla;Isla Mayor;municipio;si;si;no;;Municipio incluido en el anexo de zonas prioritarias.;https://www.boe.es/buscar/act.php?id=BOE-A-2008-4474&p=20220727&tn=1
andalucia-sevilla-lantejuela;Andalucia;Sevilla;Sevilla;Lantejuela;municipio;si;si;no;;Municipio incluido en el anexo de zonas prioritarias.;https://www.boe.es/buscar/act.php?id=BOE-A-2008-4474&p=20220727&tn=1
andalucia-sevilla-lebrija;Andalucia;Sevilla;Sevilla;Lebrija;municipio;si;si;no;;Municipio incluido en el anexo de zonas prioritarias.;https://www.boe.es/buscar/act.php?id=BOE-A-2008-4474&p=20220727&tn=1
andalucia-sevilla-lora-de-estepa;Andalucia;Sevilla;Sevilla;Lora de Estepa;municipio;si;si;no;;Municipio incluido en el anexo de zonas prioritarias.;https://www.boe.es/buscar/act.php?id=BOE-A-2008-4474&p=20220727&tn=1
andalucia-sevilla-lora-del-rio;Andalucia;Sevilla;Sevilla;Lora del Río;municipio;si;si;no;;Municipio incluido en el anexo de zonas prioritarias.;https://www.boe.es/buscar/act.php?id=BOE-A-2008-4474&p=20220727&tn=1
andalucia-sevilla-luisiana-la;Andalucia;Sevilla;Sevilla;Luisiana La;municipio;si;si;no;;Municipio incluido en el anexo de zonas prioritarias.;https://www.boe.es/buscar/act.php?id=BOE-A-2008-4474&p=20220727&tn=1
andalucia-sevilla-madrono-el;Andalucia;Sevilla;Sevilla;Madroño El;municipio;si;si;no;;Municipio incluido en el anexo de zonas prioritarias.;https://www.boe.es/buscar/act.php?id=BOE-A-2008-4474&p=20220727&tn=1
andalucia-sevilla-mairena-del-alcor;Andalucia;Sevilla;Sevilla;Mairena del Alcor;municipio;si;si;no;;Municipio incluido en el anexo de zonas prioritarias.;https://www.boe.es/buscar/act.php?id=BOE-A-2008-4474&p=20220727&tn=1
andalucia-sevilla-marchena;Andalucia;Sevilla;Sevilla;Marchena;municipio;si;si;no;;Municipio incluido en el anexo de zonas prioritarias.;https://www.boe.es/buscar/act.php?id=BOE-A-2008-4474&p=20220727&tn=1
andalucia-sevilla-marinaleda;Andalucia;Sevilla;Sevilla;Marinaleda;municipio;si;si;no;;Municipio incluido en el anexo de zonas prioritarias.;https://www.boe.es/buscar/act.php?id=BOE-A-2008-4474&p=20220727&tn=1
andalucia-sevilla-martin-de-la-jara;Andalucia;Sevilla;Sevilla;Martín de la Jara;municipio;si;si;no;;Municipio incluido en el anexo de zonas prioritarias.;https://www.boe.es/buscar/act.php?id=BOE-A-2008-4474&p=20220727&tn=1
andalucia-sevilla-molares-los;Andalucia;Sevilla;Sevilla;Molares Los;municipio;si;si;no;;Municipio incluido en el anexo de zonas prioritarias.;https://www.boe.es/buscar/act.php?id=BOE-A-2008-4474&p=20220727&tn=1
andalucia-sevilla-montellano;Andalucia;Sevilla;Sevilla;Montellano;municipio;si;si;no;;Municipio incluido en el anexo de zonas prioritarias.;https://www.boe.es/buscar/act.php?id=BOE-A-2008-4474&p=20220727&tn=1
andalucia-sevilla-moron-de-la-frontera;Andalucia;Sevilla;Sevilla;Morón de la Frontera;municipio;si;si;no;;Municipio incluido en el anexo de zonas prioritarias.;https://www.boe.es/buscar/act.php?id=BOE-A-2008-4474&p=20220727&tn=1
andalucia-sevilla-navas-de-la-concepcion-las;Andalucia;Sevilla;Sevilla;Navas de la Concepción las;municipio;si;si;no;;Municipio incluido en el anexo de zonas prioritarias.;https://www.boe.es/buscar/act.php?id=BOE-A-2008-4474&p=20220727&tn=1
andalucia-sevilla-osuna;Andalucia;Sevilla;Sevilla;Osuna;municipio;si;si;no;;Municipio incluido en el anexo de zonas prioritarias.;https://www.boe.es/buscar/act.php?id=BOE-A-2008-4474&p=20220727&tn=1
andalucia-sevilla-palacios-y-villafranca-los;Andalucia;Sevilla;Sevilla;Palacios y Villafranca Los;municipio;si;si;no;;Municipio incluido en el anexo de zonas prioritarias.;https://www.boe.es/buscar/act.php?id=BOE-A-2008-4474&p=20220727&tn=1
andalucia-sevilla-paradas;Andalucia;Sevilla;Sevilla;Paradas;municipio;si;si;no;;Municipio incluido en el anexo de zonas prioritarias.;https://www.boe.es/buscar/act.php?id=BOE-A-2008-4474&p=20220727&tn=1
andalucia-sevilla-pedrera;Andalucia;Sevilla;Sevilla;Pedrera;municipio;si;si;no;;Municipio incluido en el anexo de zonas prioritarias.;https://www.boe.es/buscar/act.php?id=BOE-A-2008-4474&p=20220727&tn=1
andalucia-sevilla-pedroso-el;Andalucia;Sevilla;Sevilla;Pedroso El;municipio;si;si;no;;Municipio incluido en el anexo de zonas prioritarias.;https://www.boe.es/buscar/act.php?id=BOE-A-2008-4474&p=20220727&tn=1
andalucia-sevilla-penaflor;Andalucia;Sevilla;Sevilla;Peñaflor;municipio;si;si;no;;Municipio incluido en el anexo de zonas prioritarias.;https://www.boe.es/buscar/act.php?id=BOE-A-2008-4474&p=20220727&tn=1
andalucia-sevilla-pruna;Andalucia;Sevilla;Sevilla;Pruna;municipio;si;si;no;;Municipio incluido en el anexo de zonas prioritarias.;https://www.boe.es/buscar/act.php?id=BOE-A-2008-4474&p=20220727&tn=1
andalucia-sevilla-puebla-de-cazalla-la;Andalucia;Sevilla;Sevilla;Puebla de Cazalla La;municipio;si;si;no;;Municipio incluido en el anexo de zonas prioritarias.;https://www.boe.es/buscar/act.php?id=BOE-A-2008-4474&p=20220727&tn=1
andalucia-sevilla-puebla-de-los-infantes-la;Andalucia;Sevilla;Sevilla;Puebla de los Infantes La;municipio;si;si;no;;Municipio incluido en el anexo de zonas prioritarias.;https://www.boe.es/buscar/act.php?id=BOE-A-2008-4474&p=20220727&tn=1
andalucia-sevilla-puebla-del-rio;Andalucia;Sevilla;Sevilla;Puebla del Río;municipio;si;si;no;;Municipio incluido en el anexo de zonas prioritarias.;https://www.boe.es/buscar/act.php?id=BOE-A-2008-4474&p=20220727&tn=1
andalucia-sevilla-real-de-la-jara-el;Andalucia;Sevilla;Sevilla;Real de la Jara El;municipio;si;si;no;;Municipio incluido en el anexo de zonas prioritarias.;https://www.boe.es/buscar/act.php?id=BOE-A-2008-4474&p=20220727&tn=1
andalucia-sevilla-ronquillo-el;Andalucia;Sevilla;Sevilla;Ronquillo El;municipio;si;si;no;;Municipio incluido en el anexo de zonas prioritarias.;https://www.boe.es/buscar/act.php?id=BOE-A-2008-4474&p=20220727&tn=1
andalucia-sevilla-rubio-el;Andalucia;Sevilla;Sevilla;Rubio El;municipio;si;si;no;;Municipio incluido en el anexo de zonas prioritarias.;https://www.boe.es/buscar/act.php?id=BOE-A-2008-4474&p=20220727&tn=1
andalucia-sevilla-san-nicolas-del-puerto;Andalucia;Sevilla;Sevilla;San Nicolás del Puerto;municipio;si;si;no;;Municipio incluido en el anexo de zonas prioritarias.;https://www.boe.es/buscar/act.php?id=BOE-A-2008-4474&p=20220727&tn=1
andalucia-sevilla-saucejo-el;Andalucia;Sevilla;Sevilla;Saucejo El;municipio;si;si;no;;Municipio incluido en el anexo de zonas prioritarias.;https://www.boe.es/buscar/act.php?id=BOE-A-2008-4474&p=20220727&tn=1
andalucia-sevilla-tocina;Andalucia;Sevilla;Sevilla;Tocina;municipio;si;si;no;;Municipio incluido en el anexo de zonas prioritarias.;https://www.boe.es/buscar/act.php?id=BOE-A-2008-4474&p=20220727&tn=1
andalucia-sevilla-utrera;Andalucia;Sevilla;Sevilla;Utrera;municipio;si;si;no;;Municipio incluido en el anexo de zonas prioritarias.;https://www.boe.es/buscar/act.php?id=BOE-A-2008-4474&p=20220727&tn=1
andalucia-sevilla-villamanrique-de-la-condesa;Andalucia;Sevilla;Sevilla;Villamanrique de la Condesa;municipio;si;si;no;;Municipio incluido en el anexo de zonas prioritarias.;https://www.boe.es/buscar/act.php?id=BOE-A-2008-4474&p=20220727&tn=1
andalucia-sevilla-villanueva-de-san-juan;Andalucia;Sevilla;Sevilla;Villanueva de San Juan;municipio;si;si;no;;Municipio incluido en el anexo de zonas prioritarias.;https://www.boe.es/buscar/act.php?id=BOE-A-2008-4474&p=20220727&tn=1
andalucia-sevilla-villanueva-del-rio-y-minas;Andalucia;Sevilla;Sevilla;Villanueva del Río y Minas;municipio;si;si;no;;Municipio incluido en el anexo de zonas prioritarias.;https://www.boe.es/buscar/act.php?id=BOE-A-2008-4474&p=20220727&tn=1
andalucia-sevilla-villaverde-del-rio;Andalucia;Sevilla;Sevilla;Villaverde del Río;municipio;si;si;no;;Municipio incluido en el anexo de zonas prioritarias.;https://www.boe.es/buscar/act.php?id=BOE-A-2008-4474&p=20220727&tn=1
andalucia-sevilla-viso-del-alcor-el;Andalucia;Sevilla;Sevilla;Viso del Alcor El;municipio;si;si;no;;Municipio incluido en el anexo de zonas prioritarias.;https://www.boe.es/buscar/act.php?id=BOE-A-2008-4474&p=20220727&tn=1
aragon-huesca-total;Aragon;Huesca;Huesca;Provincia de Huesca;todo_territorio;si;si;no;;Todo el territorio provincial es zona prioritaria segun anexo.;https://www.boe.es/buscar/act.php?id=BOE-A-2008-4479&p=20220727&tn=1
aragon-teruel-total;Aragon;Teruel;Teruel;Provincia de Teruel;todo_territorio;si;si;no;;Todo el territorio provincial es zona prioritaria segun anexo.;https://www.boe.es/buscar/act.php?id=BOE-A-2008-4479&p=20220727&tn=1
asturias-asturias-aller;Asturias;Asturias;Asturias;Aller;municipio;si;si;no;;Municipio incluido en el anexo de zonas prioritarias.;https://www.boe.es/buscar/act.php?id=BOE-A-2008-4475&p=20220727&tn=1
asturias-asturias-aviles;Asturias;Asturias;Asturias;Avilés;municipio;si;si;no;;Municipio incluido en el anexo de zonas prioritarias.;https://www.boe.es/buscar/act.php?id=BOE-A-2008-4475&p=20220727&tn=1
asturias-asturias-cangas-de-onis;Asturias;Asturias;Asturias;Cangas de Onís;municipio;si;si;no;;Municipio incluido en el anexo de zonas prioritarias.;https://www.boe.es/buscar/act.php?id=BOE-A-2008-4475&p=20220727&tn=1
asturias-asturias-carreno;Asturias;Asturias;Asturias;Carreño;municipio;si;si;no;;Municipio incluido en el anexo de zonas prioritarias.;https://www.boe.es/buscar/act.php?id=BOE-A-2008-4475&p=20220727&tn=1
asturias-asturias-castrillon;Asturias;Asturias;Asturias;Castrillón;municipio;si;si;no;;Municipio incluido en el anexo de zonas prioritarias.;https://www.boe.es/buscar/act.php?id=BOE-A-2008-4475&p=20220727&tn=1
asturias-asturias-castropol;Asturias;Asturias;Asturias;Castropol;municipio;si;si;no;;Municipio incluido en el anexo de zonas prioritarias.;https://www.boe.es/buscar/act.php?id=BOE-A-2008-4475&p=20220727&tn=1
asturias-asturias-coana;Asturias;Asturias;Asturias;Coaña;municipio;si;si;no;;Municipio incluido en el anexo de zonas prioritarias.;https://www.boe.es/buscar/act.php?id=BOE-A-2008-4475&p=20220727&tn=1
asturias-asturias-corvera-de-asturias;Asturias;Asturias;Asturias;Corvera de Asturias;municipio;si;si;no;;Municipio incluido en el anexo de zonas prioritarias.;https://www.boe.es/buscar/act.php?id=BOE-A-2008-4475&p=20220727&tn=1
asturias-asturias-cudillero;Asturias;Asturias;Asturias;Cudillero;municipio;si;si;no;;Municipio incluido en el anexo de zonas prioritarias.;https://www.boe.es/buscar/act.php?id=BOE-A-2008-4475&p=20220727&tn=1
asturias-asturias-gijon;Asturias;Asturias;Asturias;Gijón;municipio;si;si;no;;Municipio incluido en el anexo de zonas prioritarias.;https://www.boe.es/buscar/act.php?id=BOE-A-2008-4475&p=20220727&tn=1
asturias-asturias-gozon;Asturias;Asturias;Asturias;Gozón;municipio;si;si;no;;Municipio incluido en el anexo de zonas prioritarias.;https://www.boe.es/buscar/act.php?id=BOE-A-2008-4475&p=20220727&tn=1
asturias-asturias-langreo;Asturias;Asturias;Asturias;Langreo;municipio;si;si;no;;Municipio incluido en el anexo de zonas prioritarias.;https://www.boe.es/buscar/act.php?id=BOE-A-2008-4475&p=20220727&tn=1
asturias-asturias-laviana;Asturias;Asturias;Asturias;Laviana;municipio;si;si;no;;Municipio incluido en el anexo de zonas prioritarias.;https://www.boe.es/buscar/act.php?id=BOE-A-2008-4475&p=20220727&tn=1
asturias-asturias-lena;Asturias;Asturias;Asturias;Lena;municipio;si;si;no;;Municipio incluido en el anexo de zonas prioritarias.;https://www.boe.es/buscar/act.php?id=BOE-A-2008-4475&p=20220727&tn=1
asturias-asturias-llanera;Asturias;Asturias;Asturias;Llanera;municipio;si;si;no;;Municipio incluido en el anexo de zonas prioritarias.;https://www.boe.es/buscar/act.php?id=BOE-A-2008-4475&p=20220727&tn=1
asturias-asturias-llanes;Asturias;Asturias;Asturias;Llanes;municipio;si;si;no;;Municipio incluido en el anexo de zonas prioritarias.;https://www.boe.es/buscar/act.php?id=BOE-A-2008-4475&p=20220727&tn=1
asturias-asturias-mieres;Asturias;Asturias;Asturias;Mieres;municipio;si;si;no;;Municipio incluido en el anexo de zonas prioritarias.;https://www.boe.es/buscar/act.php?id=BOE-A-2008-4475&p=20220727&tn=1
asturias-asturias-morcin;Asturias;Asturias;Asturias;Morcín;municipio;si;si;no;;Municipio incluido en el anexo de zonas prioritarias.;https://www.boe.es/buscar/act.php?id=BOE-A-2008-4475&p=20220727&tn=1
asturias-asturias-muros-de-nalon;Asturias;Asturias;Asturias;Muros de Nalón;municipio;si;si;no;;Municipio incluido en el anexo de zonas prioritarias.;https://www.boe.es/buscar/act.php?id=BOE-A-2008-4475&p=20220727&tn=1
asturias-asturias-navia;Asturias;Asturias;Asturias;Navia;municipio;si;si;no;;Municipio incluido en el anexo de zonas prioritarias.;https://www.boe.es/buscar/act.php?id=BOE-A-2008-4475&p=20220727&tn=1
asturias-asturias-norena;Asturias;Asturias;Asturias;Noreña;municipio;si;si;no;;Municipio incluido en el anexo de zonas prioritarias.;https://www.boe.es/buscar/act.php?id=BOE-A-2008-4475&p=20220727&tn=1
asturias-asturias-oviedo;Asturias;Asturias;Asturias;Oviedo;municipio;si;si;no;;Municipio incluido en el anexo de zonas prioritarias.;https://www.boe.es/buscar/act.php?id=BOE-A-2008-4475&p=20220727&tn=1
asturias-asturias-parres;Asturias;Asturias;Asturias;Parres;municipio;si;si;no;;Municipio incluido en el anexo de zonas prioritarias.;https://www.boe.es/buscar/act.php?id=BOE-A-2008-4475&p=20220727&tn=1
asturias-asturias-pravia;Asturias;Asturias;Asturias;Pravia;municipio;si;si;no;;Municipio incluido en el anexo de zonas prioritarias.;https://www.boe.es/buscar/act.php?id=BOE-A-2008-4475&p=20220727&tn=1
asturias-asturias-ribadesella;Asturias;Asturias;Asturias;Ribadesella;municipio;si;si;no;;Municipio incluido en el anexo de zonas prioritarias.;https://www.boe.es/buscar/act.php?id=BOE-A-2008-4475&p=20220727&tn=1
asturias-asturias-riosa;Asturias;Asturias;Asturias;Riosa;municipio;si;si;no;;Municipio incluido en el anexo de zonas prioritarias.;https://www.boe.es/buscar/act.php?id=BOE-A-2008-4475&p=20220727&tn=1
asturias-asturias-rivera-de-arriba;Asturias;Asturias;Asturias;Rivera de Arriba;municipio;si;si;no;;Municipio incluido en el anexo de zonas prioritarias.;https://www.boe.es/buscar/act.php?id=BOE-A-2008-4475&p=20220727&tn=1
asturias-asturias-san-martin-del-rey-aurelio;Asturias;Asturias;Asturias;San Martín del Rey Aurelio;municipio;si;si;no;;Municipio incluido en el anexo de zonas prioritarias.;https://www.boe.es/buscar/act.php?id=BOE-A-2008-4475&p=20220727&tn=1
asturias-asturias-siero;Asturias;Asturias;Asturias;Siero;municipio;si;si;no;;Municipio incluido en el anexo de zonas prioritarias.;https://www.boe.es/buscar/act.php?id=BOE-A-2008-4475&p=20220727&tn=1
asturias-asturias-soto-del-barco;Asturias;Asturias;Asturias;Soto del Barco;municipio;si;si;no;;Municipio incluido en el anexo de zonas prioritarias.;https://www.boe.es/buscar/act.php?id=BOE-A-2008-4475&p=20220727&tn=1
asturias-asturias-tapia;Asturias;Asturias;Asturias;Tapia;municipio;si;si;no;;Municipio incluido en el anexo de zonas prioritarias.;https://www.boe.es/buscar/act.php?id=BOE-A-2008-4475&p=20220727&tn=1
asturias-asturias-vegadeo;Asturias;Asturias;Asturias;Vegadeo;municipio;si;si;no;;Municipio incluido en el anexo de zonas prioritarias.;https://www.boe.es/buscar/act.php?id=BOE-A-2008-4475&p=20220727&tn=1
cantabria-cantabria-ampuero;Cantabria;Cantabria;Cantabria;Ampuero;municipio;si;si;no;;Municipio incluido en el anexo de zonas prioritarias.;https://www.boe.es/buscar/act.php?id=BOE-A-2008-4476&p=20220727&tn=1
cantabria-cantabria-arenas-de-iguna;Cantabria;Cantabria;Cantabria;Arenas de Iguña;municipio;si;si;no;;Municipio incluido en el anexo de zonas prioritarias.;https://www.boe.es/buscar/act.php?id=BOE-A-2008-4476&p=20220727&tn=1
cantabria-cantabria-astillero;Cantabria;Cantabria;Cantabria;Astillero;municipio;si;si;no;;Municipio incluido en el anexo de zonas prioritarias.;https://www.boe.es/buscar/act.php?id=BOE-A-2008-4476&p=20220727&tn=1
cantabria-cantabria-barcena-de-cicero;Cantabria;Cantabria;Cantabria;Bárcena de Cicero;municipio;si;si;no;;Municipio incluido en el anexo de zonas prioritarias.;https://www.boe.es/buscar/act.php?id=BOE-A-2008-4476&p=20220727&tn=1
cantabria-cantabria-cabezon-de-la-sal;Cantabria;Cantabria;Cantabria;Cabezón de la Sal;municipio;si;si;no;;Municipio incluido en el anexo de zonas prioritarias.;https://www.boe.es/buscar/act.php?id=BOE-A-2008-4476&p=20220727&tn=1
cantabria-cantabria-camargo;Cantabria;Cantabria;Cantabria;Camargo;municipio;si;si;no;;Municipio incluido en el anexo de zonas prioritarias.;https://www.boe.es/buscar/act.php?id=BOE-A-2008-4476&p=20220727&tn=1
cantabria-cantabria-campoo-de-enmedio;Cantabria;Cantabria;Cantabria;Campóo de Enmedio;municipio;si;si;no;;Municipio incluido en el anexo de zonas prioritarias.;https://www.boe.es/buscar/act.php?id=BOE-A-2008-4476&p=20220727&tn=1
cantabria-cantabria-campoo-de-yuso;Cantabria;Cantabria;Cantabria;Campóo de Yuso;municipio;si;si;no;;Municipio incluido en el anexo de zonas prioritarias.;https://www.boe.es/buscar/act.php?id=BOE-A-2008-4476&p=20220727&tn=1
cantabria-cantabria-cartes;Cantabria;Cantabria;Cantabria;Cartes;municipio;si;si;no;;Municipio incluido en el anexo de zonas prioritarias.;https://www.boe.es/buscar/act.php?id=BOE-A-2008-4476&p=20220727&tn=1
cantabria-cantabria-castaneda;Cantabria;Cantabria;Cantabria;Castañeda;municipio;si;si;no;;Municipio incluido en el anexo de zonas prioritarias.;https://www.boe.es/buscar/act.php?id=BOE-A-2008-4476&p=20220727&tn=1
cantabria-cantabria-castro-urdiales;Cantabria;Cantabria;Cantabria;Castro-Urdiales;municipio;si;si;no;;Municipio incluido en el anexo de zonas prioritarias.;https://www.boe.es/buscar/act.php?id=BOE-A-2008-4476&p=20220727&tn=1
cantabria-cantabria-colindres;Cantabria;Cantabria;Cantabria;Colindres;municipio;si;si;no;;Municipio incluido en el anexo de zonas prioritarias.;https://www.boe.es/buscar/act.php?id=BOE-A-2008-4476&p=20220727&tn=1
cantabria-cantabria-comillas;Cantabria;Cantabria;Cantabria;Comillas;municipio;si;si;no;;Municipio incluido en el anexo de zonas prioritarias.;https://www.boe.es/buscar/act.php?id=BOE-A-2008-4476&p=20220727&tn=1
cantabria-cantabria-corrales-de-buelna;Cantabria;Cantabria;Cantabria;Corrales de Buelna;municipio;si;si;no;;Municipio incluido en el anexo de zonas prioritarias.;https://www.boe.es/buscar/act.php?id=BOE-A-2008-4476&p=20220727&tn=1
cantabria-cantabria-entrambasaguas;Cantabria;Cantabria;Cantabria;Entrambasaguas;municipio;si;si;no;;Municipio incluido en el anexo de zonas prioritarias.;https://www.boe.es/buscar/act.php?id=BOE-A-2008-4476&p=20220727&tn=1
cantabria-cantabria-hermandad-de-campoo-de-suso;Cantabria;Cantabria;Cantabria;Hermandad de Campóo de Suso;municipio;si;si;no;;Municipio incluido en el anexo de zonas prioritarias.;https://www.boe.es/buscar/act.php?id=BOE-A-2008-4476&p=20220727&tn=1
cantabria-cantabria-laredo;Cantabria;Cantabria;Cantabria;Laredo;municipio;si;si;no;;Municipio incluido en el anexo de zonas prioritarias.;https://www.boe.es/buscar/act.php?id=BOE-A-2008-4476&p=20220727&tn=1
cantabria-cantabria-marina-de-cudeyo;Cantabria;Cantabria;Cantabria;Marina de Cudeyo;municipio;si;si;no;;Municipio incluido en el anexo de zonas prioritarias.;https://www.boe.es/buscar/act.php?id=BOE-A-2008-4476&p=20220727&tn=1
cantabria-cantabria-medio-cudeyo;Cantabria;Cantabria;Cantabria;Medio Cudeyo;municipio;si;si;no;;Municipio incluido en el anexo de zonas prioritarias.;https://www.boe.es/buscar/act.php?id=BOE-A-2008-4476&p=20220727&tn=1
cantabria-cantabria-molledo;Cantabria;Cantabria;Cantabria;Molledo;municipio;si;si;no;;Municipio incluido en el anexo de zonas prioritarias.;https://www.boe.es/buscar/act.php?id=BOE-A-2008-4476&p=20220727&tn=1
cantabria-cantabria-penagos;Cantabria;Cantabria;Cantabria;Pénagos;municipio;si;si;no;;Municipio incluido en el anexo de zonas prioritarias.;https://www.boe.es/buscar/act.php?id=BOE-A-2008-4476&p=20220727&tn=1
cantabria-cantabria-pielagos;Cantabria;Cantabria;Cantabria;Piélagos;municipio;si;si;no;;Municipio incluido en el anexo de zonas prioritarias.;https://www.boe.es/buscar/act.php?id=BOE-A-2008-4476&p=20220727&tn=1
cantabria-cantabria-polanco;Cantabria;Cantabria;Cantabria;Polanco;municipio;si;si;no;;Municipio incluido en el anexo de zonas prioritarias.;https://www.boe.es/buscar/act.php?id=BOE-A-2008-4476&p=20220727&tn=1
cantabria-cantabria-puente-viesgo;Cantabria;Cantabria;Cantabria;Puente Viesgo;municipio;si;si;no;;Municipio incluido en el anexo de zonas prioritarias.;https://www.boe.es/buscar/act.php?id=BOE-A-2008-4476&p=20220727&tn=1
cantabria-cantabria-ramales-de-la-victoria;Cantabria;Cantabria;Cantabria;Ramales de la Victoria;municipio;si;si;no;;Municipio incluido en el anexo de zonas prioritarias.;https://www.boe.es/buscar/act.php?id=BOE-A-2008-4476&p=20220727&tn=1
cantabria-cantabria-reinosa;Cantabria;Cantabria;Cantabria;Reinosa;municipio;si;si;no;;Municipio incluido en el anexo de zonas prioritarias.;https://www.boe.es/buscar/act.php?id=BOE-A-2008-4476&p=20220727&tn=1
cantabria-cantabria-reocin;Cantabria;Cantabria;Cantabria;Reocín;municipio;si;si;no;;Municipio incluido en el anexo de zonas prioritarias.;https://www.boe.es/buscar/act.php?id=BOE-A-2008-4476&p=20220727&tn=1
cantabria-cantabria-ruiloba;Cantabria;Cantabria;Cantabria;Ruiloba;municipio;si;si;no;;Municipio incluido en el anexo de zonas prioritarias.;https://www.boe.es/buscar/act.php?id=BOE-A-2008-4476&p=20220727&tn=1
cantabria-cantabria-san-felices-de-buelna;Cantabria;Cantabria;Cantabria;San Felices de Buelna;municipio;si;si;no;;Municipio incluido en el anexo de zonas prioritarias.;https://www.boe.es/buscar/act.php?id=BOE-A-2008-4476&p=20220727&tn=1
cantabria-cantabria-san-vicente-de-la-barquera;Cantabria;Cantabria;Cantabria;San Vicente de la Barquera;municipio;si;si;no;;Municipio incluido en el anexo de zonas prioritarias.;https://www.boe.es/buscar/act.php?id=BOE-A-2008-4476&p=20220727&tn=1
cantabria-cantabria-santa-cruz-de-bezana;Cantabria;Cantabria;Cantabria;Santa Cruz de Bezana;municipio;si;si;no;;Municipio incluido en el anexo de zonas prioritarias.;https://www.boe.es/buscar/act.php?id=BOE-A-2008-4476&p=20220727&tn=1
cantabria-cantabria-santa-maria-de-cayon;Cantabria;Cantabria;Cantabria;Santa María de Cayón;municipio;si;si;no;;Municipio incluido en el anexo de zonas prioritarias.;https://www.boe.es/buscar/act.php?id=BOE-A-2008-4476&p=20220727&tn=1
cantabria-cantabria-santander;Cantabria;Cantabria;Cantabria;Santander;municipio;si;si;no;;Municipio incluido en el anexo de zonas prioritarias.;https://www.boe.es/buscar/act.php?id=BOE-A-2008-4476&p=20220727&tn=1
cantabria-cantabria-santona;Cantabria;Cantabria;Cantabria;Santoña;municipio;si;si;no;;Municipio incluido en el anexo de zonas prioritarias.;https://www.boe.es/buscar/act.php?id=BOE-A-2008-4476&p=20220727&tn=1
cantabria-cantabria-suances;Cantabria;Cantabria;Cantabria;Suances;municipio;si;si;no;;Municipio incluido en el anexo de zonas prioritarias.;https://www.boe.es/buscar/act.php?id=BOE-A-2008-4476&p=20220727&tn=1
cantabria-cantabria-torrelavega;Cantabria;Cantabria;Cantabria;Torrelavega;municipio;si;si;no;;Municipio incluido en el anexo de zonas prioritarias.;https://www.boe.es/buscar/act.php?id=BOE-A-2008-4476&p=20220727&tn=1
cantabria-cantabria-val-de-san-vicente;Cantabria;Cantabria;Cantabria;Val de San Vicente;municipio;si;si;no;;Municipio incluido en el anexo de zonas prioritarias.;https://www.boe.es/buscar/act.php?id=BOE-A-2008-4476&p=20220727&tn=1
cantabria-cantabria-valdaliga;Cantabria;Cantabria;Cantabria;Valdáliga;municipio;si;si;no;;Municipio incluido en el anexo de zonas prioritarias.;https://www.boe.es/buscar/act.php?id=BOE-A-2008-4476&p=20220727&tn=1
cantabria-cantabria-valdeolea;Cantabria;Cantabria;Cantabria;Valdeolea;municipio;si;si;no;;Municipio incluido en el anexo de zonas prioritarias.;https://www.boe.es/buscar/act.php?id=BOE-A-2008-4476&p=20220727&tn=1
cantabria-cantabria-villaescusa;Cantabria;Cantabria;Cantabria;Villaescusa;municipio;si;si;no;;Municipio incluido en el anexo de zonas prioritarias.;https://www.boe.es/buscar/act.php?id=BOE-A-2008-4476&p=20220727&tn=1
castilla-la-mancha-albacete-alcaraz;Castilla La Mancha;Albacete;Albacete;Alcaraz;municipio;si;si;no;;Municipio incluido en el anexo de zonas prioritarias.;https://www.boe.es/buscar/act.php?id=BOE-A-2008-4480&p=20220727&tn=1
castilla-la-mancha-albacete-almansa;Castilla La Mancha;Albacete;Albacete;Almansa;municipio;si;si;no;;Municipio incluido en el anexo de zonas prioritarias.;https://www.boe.es/buscar/act.php?id=BOE-A-2008-4480&p=20220727&tn=1
castilla-la-mancha-albacete-barrax;Castilla La Mancha;Albacete;Albacete;Barrax;municipio;si;si;no;;Municipio incluido en el anexo de zonas prioritarias.;https://www.boe.es/buscar/act.php?id=BOE-A-2008-4480&p=20220727&tn=1
castilla-la-mancha-albacete-bonete;Castilla La Mancha;Albacete;Albacete;Bonete;municipio;si;si;no;;Municipio incluido en el anexo de zonas prioritarias.;https://www.boe.es/buscar/act.php?id=BOE-A-2008-4480&p=20220727&tn=1
castilla-la-mancha-albacete-bonillo-el;Castilla La Mancha;Albacete;Albacete;Bonillo, El;municipio;si;si;no;;Municipio incluido en el anexo de zonas prioritarias.;https://www.boe.es/buscar/act.php?id=BOE-A-2008-4480&p=20220727&tn=1
castilla-la-mancha-albacete-casas-ibanez;Castilla La Mancha;Albacete;Albacete;Casas Ibáñez;municipio;si;si;no;;Municipio incluido en el anexo de zonas prioritarias.;https://www.boe.es/buscar/act.php?id=BOE-A-2008-4480&p=20220727&tn=1
castilla-la-mancha-albacete-caudete;Castilla La Mancha;Albacete;Albacete;Caudete;municipio;si;si;no;;Municipio incluido en el anexo de zonas prioritarias.;https://www.boe.es/buscar/act.php?id=BOE-A-2008-4480&p=20220727&tn=1
castilla-la-mancha-albacete-chinchilla-de-monte-aragon;Castilla La Mancha;Albacete;Albacete;Chinchilla de Monte- Aragón;municipio;si;si;no;;Municipio incluido en el anexo de zonas prioritarias.;https://www.boe.es/buscar/act.php?id=BOE-A-2008-4480&p=20220727&tn=1
castilla-la-mancha-albacete-elche-de-la-sierra;Castilla La Mancha;Albacete;Albacete;Elche de la Sierra;municipio;si;si;no;;Municipio incluido en el anexo de zonas prioritarias.;https://www.boe.es/buscar/act.php?id=BOE-A-2008-4480&p=20220727&tn=1
castilla-la-mancha-albacete-gineta-la;Castilla La Mancha;Albacete;Albacete;Gineta, La;municipio;si;si;no;;Municipio incluido en el anexo de zonas prioritarias.;https://www.boe.es/buscar/act.php?id=BOE-A-2008-4480&p=20220727&tn=1
castilla-la-mancha-albacete-hellin;Castilla La Mancha;Albacete;Albacete;Hellín;municipio;si;si;no;;Municipio incluido en el anexo de zonas prioritarias.;https://www.boe.es/buscar/act.php?id=BOE-A-2008-4480&p=20220727&tn=1
castilla-la-mancha-albacete-madrigueras;Castilla La Mancha;Albacete;Albacete;Madrigueras;municipio;si;si;no;;Municipio incluido en el anexo de zonas prioritarias.;https://www.boe.es/buscar/act.php?id=BOE-A-2008-4480&p=20220727&tn=1
castilla-la-mancha-albacete-munera;Castilla La Mancha;Albacete;Albacete;Munera;municipio;si;si;no;;Municipio incluido en el anexo de zonas prioritarias.;https://www.boe.es/buscar/act.php?id=BOE-A-2008-4480&p=20220727&tn=1
castilla-la-mancha-albacete-roda-la;Castilla La Mancha;Albacete;Albacete;Roda, La;municipio;si;si;no;;Municipio incluido en el anexo de zonas prioritarias.;https://www.boe.es/buscar/act.php?id=BOE-A-2008-4480&p=20220727&tn=1
castilla-la-mancha-albacete-tarazona-de-la-mancha;Castilla La Mancha;Albacete;Albacete;Tarazona de la Mancha;municipio;si;si;no;;Municipio incluido en el anexo de zonas prioritarias.;https://www.boe.es/buscar/act.php?id=BOE-A-2008-4480&p=20220727&tn=1
castilla-la-mancha-albacete-villarrobledo;Castilla La Mancha;Albacete;Albacete;Villarrobledo;municipio;si;si;no;;Municipio incluido en el anexo de zonas prioritarias.;https://www.boe.es/buscar/act.php?id=BOE-A-2008-4480&p=20220727&tn=1
castilla-la-mancha-ciudad-real-alcazar-de-san-juan;Castilla La Mancha;Ciudad Real;Ciudad Real;Alcázar de San Juan;municipio;si;si;no;;Municipio incluido en el anexo de zonas prioritarias.;https://www.boe.es/buscar/act.php?id=BOE-A-2008-4480&p=20220727&tn=1
castilla-la-mancha-ciudad-real-almaden;Castilla La Mancha;Ciudad Real;Ciudad Real;Almadén;municipio;si;si;no;;Municipio incluido en el anexo de zonas prioritarias.;https://www.boe.es/buscar/act.php?id=BOE-A-2008-4480&p=20220727&tn=1
castilla-la-mancha-ciudad-real-almagro;Castilla La Mancha;Ciudad Real;Ciudad Real;Almagro;municipio;si;si;no;;Municipio incluido en el anexo de zonas prioritarias.;https://www.boe.es/buscar/act.php?id=BOE-A-2008-4480&p=20220727&tn=1
castilla-la-mancha-ciudad-real-almodovar-del-campo;Castilla La Mancha;Ciudad Real;Ciudad Real;Almodóvar del Campo;municipio;si;si;no;;Municipio incluido en el anexo de zonas prioritarias.;https://www.boe.es/buscar/act.php?id=BOE-A-2008-4480&p=20220727&tn=1
castilla-la-mancha-ciudad-real-argamasilla-de-alba;Castilla La Mancha;Ciudad Real;Ciudad Real;Argamasilla de Alba;municipio;si;si;no;;Municipio incluido en el anexo de zonas prioritarias.;https://www.boe.es/buscar/act.php?id=BOE-A-2008-4480&p=20220727&tn=1
castilla-la-mancha-ciudad-real-argamasilla-de-calatrava;Castilla La Mancha;Ciudad Real;Ciudad Real;Argamasilla de Calatrava;municipio;si;si;no;;Municipio incluido en el anexo de zonas prioritarias.;https://www.boe.es/buscar/act.php?id=BOE-A-2008-4480&p=20220727&tn=1
castilla-la-mancha-ciudad-real-bolanos-de-calatrava;Castilla La Mancha;Ciudad Real;Ciudad Real;Bolaños de Calatrava;municipio;si;si;no;;Municipio incluido en el anexo de zonas prioritarias.;https://www.boe.es/buscar/act.php?id=BOE-A-2008-4480&p=20220727&tn=1
castilla-la-mancha-ciudad-real-campo-de-criptana;Castilla La Mancha;Ciudad Real;Ciudad Real;Campo de Criptana;municipio;si;si;no;;Municipio incluido en el anexo de zonas prioritarias.;https://www.boe.es/buscar/act.php?id=BOE-A-2008-4480&p=20220727&tn=1
castilla-la-mancha-ciudad-real-carrion-de-calatrava;Castilla La Mancha;Ciudad Real;Ciudad Real;Carrión de Calatrava;municipio;si;si;no;;Municipio incluido en el anexo de zonas prioritarias.;https://www.boe.es/buscar/act.php?id=BOE-A-2008-4480&p=20220727&tn=1
castilla-la-mancha-ciudad-real-daimiel;Castilla La Mancha;Ciudad Real;Ciudad Real;Daimiel;municipio;si;si;no;;Municipio incluido en el anexo de zonas prioritarias.;https://www.boe.es/buscar/act.php?id=BOE-A-2008-4480&p=20220727&tn=1
castilla-la-mancha-ciudad-real-herencia;Castilla La Mancha;Ciudad Real;Ciudad Real;Herencia;municipio;si;si;no;;Municipio incluido en el anexo de zonas prioritarias.;https://www.boe.es/buscar/act.php?id=BOE-A-2008-4480&p=20220727&tn=1
castilla-la-mancha-ciudad-real-malagon;Castilla La Mancha;Ciudad Real;Ciudad Real;Malagón;municipio;si;si;no;;Municipio incluido en el anexo de zonas prioritarias.;https://www.boe.es/buscar/act.php?id=BOE-A-2008-4480&p=20220727&tn=1
castilla-la-mancha-ciudad-real-manzanares;Castilla La Mancha;Ciudad Real;Ciudad Real;Manzanares;municipio;si;si;no;;Municipio incluido en el anexo de zonas prioritarias.;https://www.boe.es/buscar/act.php?id=BOE-A-2008-4480&p=20220727&tn=1
castilla-la-mancha-ciudad-real-miguelturra;Castilla La Mancha;Ciudad Real;Ciudad Real;Miguelturra;municipio;si;si;no;;Municipio incluido en el anexo de zonas prioritarias.;https://www.boe.es/buscar/act.php?id=BOE-A-2008-4480&p=20220727&tn=1
castilla-la-mancha-ciudad-real-moral-de-calatrava;Castilla La Mancha;Ciudad Real;Ciudad Real;Moral de Calatrava;municipio;si;si;no;;Municipio incluido en el anexo de zonas prioritarias.;https://www.boe.es/buscar/act.php?id=BOE-A-2008-4480&p=20220727&tn=1
castilla-la-mancha-ciudad-real-piedrabuena;Castilla La Mancha;Ciudad Real;Ciudad Real;Piedrabuena;municipio;si;si;no;;Municipio incluido en el anexo de zonas prioritarias.;https://www.boe.es/buscar/act.php?id=BOE-A-2008-4480&p=20220727&tn=1
castilla-la-mancha-ciudad-real-puertollano;Castilla La Mancha;Ciudad Real;Ciudad Real;Puertollano;municipio;si;si;no;;Municipio incluido en el anexo de zonas prioritarias.;https://www.boe.es/buscar/act.php?id=BOE-A-2008-4480&p=20220727&tn=1
castilla-la-mancha-ciudad-real-santa-cruz-de-mudela;Castilla La Mancha;Ciudad Real;Ciudad Real;Santa Cruz de Mudela;municipio;si;si;no;;Municipio incluido en el anexo de zonas prioritarias.;https://www.boe.es/buscar/act.php?id=BOE-A-2008-4480&p=20220727&tn=1
castilla-la-mancha-ciudad-real-socuellamos;Castilla La Mancha;Ciudad Real;Ciudad Real;Socuéllamos;municipio;si;si;no;;Municipio incluido en el anexo de zonas prioritarias.;https://www.boe.es/buscar/act.php?id=BOE-A-2008-4480&p=20220727&tn=1
castilla-la-mancha-ciudad-real-solana-la;Castilla La Mancha;Ciudad Real;Ciudad Real;Solana, La;municipio;si;si;no;;Municipio incluido en el anexo de zonas prioritarias.;https://www.boe.es/buscar/act.php?id=BOE-A-2008-4480&p=20220727&tn=1
castilla-la-mancha-ciudad-real-tomelloso;Castilla La Mancha;Ciudad Real;Ciudad Real;Tomelloso;municipio;si;si;no;;Municipio incluido en el anexo de zonas prioritarias.;https://www.boe.es/buscar/act.php?id=BOE-A-2008-4480&p=20220727&tn=1
castilla-la-mancha-ciudad-real-valdepenas;Castilla La Mancha;Ciudad Real;Ciudad Real;Valdepeñas;municipio;si;si;no;;Municipio incluido en el anexo de zonas prioritarias.;https://www.boe.es/buscar/act.php?id=BOE-A-2008-4480&p=20220727&tn=1
castilla-la-mancha-ciudad-real-villanueva-de-los-infantes;Castilla La Mancha;Ciudad Real;Ciudad Real;Villanueva de los Infantes;municipio;si;si;no;;Municipio incluido en el anexo de zonas prioritarias.;https://www.boe.es/buscar/act.php?id=BOE-A-2008-4480&p=20220727&tn=1
castilla-la-mancha-ciudad-real-villarrubia-de-los-ojos;Castilla La Mancha;Ciudad Real;Ciudad Real;Villarrubia de los Ojos;municipio;si;si;no;;Municipio incluido en el anexo de zonas prioritarias.;https://www.boe.es/buscar/act.php?id=BOE-A-2008-4480&p=20220727&tn=1
castilla-la-mancha-ciudad-real-villarta-de-san-juan;Castilla La Mancha;Ciudad Real;Ciudad Real;Villarta de San Juan;municipio;si;si;no;;Municipio incluido en el anexo de zonas prioritarias.;https://www.boe.es/buscar/act.php?id=BOE-A-2008-4480&p=20220727&tn=1
castilla-la-mancha-cuenca-almarcha-la;Castilla La Mancha;Cuenca;Cuenca;Almarcha, La;municipio;si;si;no;;Municipio incluido en el anexo de zonas prioritarias.;https://www.boe.es/buscar/act.php?id=BOE-A-2008-4480&p=20220727&tn=1
castilla-la-mancha-cuenca-belmonte;Castilla La Mancha;Cuenca;Cuenca;Belmonte;municipio;si;si;no;;Municipio incluido en el anexo de zonas prioritarias.;https://www.boe.es/buscar/act.php?id=BOE-A-2008-4480&p=20220727&tn=1
castilla-la-mancha-cuenca-carboneras-de-guadazaon;Castilla La Mancha;Cuenca;Cuenca;Carboneras de Guadazaon;municipio;si;si;no;;Municipio incluido en el anexo de zonas prioritarias.;https://www.boe.es/buscar/act.php?id=BOE-A-2008-4480&p=20220727&tn=1
castilla-la-mancha-cuenca-casasimarro;Castilla La Mancha;Cuenca;Cuenca;Casasimarro;municipio;si;si;no;;Municipio incluido en el anexo de zonas prioritarias.;https://www.boe.es/buscar/act.php?id=BOE-A-2008-4480&p=20220727&tn=1
castilla-la-mancha-cuenca-honrubia;Castilla La Mancha;Cuenca;Cuenca;Honrubia;municipio;si;si;no;;Municipio incluido en el anexo de zonas prioritarias.;https://www.boe.es/buscar/act.php?id=BOE-A-2008-4480&p=20220727&tn=1
castilla-la-mancha-cuenca-horcajo-de-santiago;Castilla La Mancha;Cuenca;Cuenca;Horcajo de Santiago;municipio;si;si;no;;Municipio incluido en el anexo de zonas prioritarias.;https://www.boe.es/buscar/act.php?id=BOE-A-2008-4480&p=20220727&tn=1
castilla-la-mancha-cuenca-huete;Castilla La Mancha;Cuenca;Cuenca;Huete;municipio;si;si;no;;Municipio incluido en el anexo de zonas prioritarias.;https://www.boe.es/buscar/act.php?id=BOE-A-2008-4480&p=20220727&tn=1
castilla-la-mancha-cuenca-iniesta;Castilla La Mancha;Cuenca;Cuenca;Iniesta;municipio;si;si;no;;Municipio incluido en el anexo de zonas prioritarias.;https://www.boe.es/buscar/act.php?id=BOE-A-2008-4480&p=20220727&tn=1
castilla-la-mancha-cuenca-landete;Castilla La Mancha;Cuenca;Cuenca;Landete;municipio;si;si;no;;Municipio incluido en el anexo de zonas prioritarias.;https://www.boe.es/buscar/act.php?id=BOE-A-2008-4480&p=20220727&tn=1
castilla-la-mancha-cuenca-minglanilla;Castilla La Mancha;Cuenca;Cuenca;Minglanilla;municipio;si;si;no;;Municipio incluido en el anexo de zonas prioritarias.;https://www.boe.es/buscar/act.php?id=BOE-A-2008-4480&p=20220727&tn=1
castilla-la-mancha-cuenca-mota-del-cuervo;Castilla La Mancha;Cuenca;Cuenca;Mota del Cuervo;municipio;si;si;no;;Municipio incluido en el anexo de zonas prioritarias.;https://www.boe.es/buscar/act.php?id=BOE-A-2008-4480&p=20220727&tn=1
castilla-la-mancha-cuenca-motilla-del-palancar;Castilla La Mancha;Cuenca;Cuenca;Motilla del Palancar;municipio;si;si;no;;Municipio incluido en el anexo de zonas prioritarias.;https://www.boe.es/buscar/act.php?id=BOE-A-2008-4480&p=20220727&tn=1
castilla-la-mancha-cuenca-pedernoso-el;Castilla La Mancha;Cuenca;Cuenca;Pedernoso, El;municipio;si;si;no;;Municipio incluido en el anexo de zonas prioritarias.;https://www.boe.es/buscar/act.php?id=BOE-A-2008-4480&p=20220727&tn=1
castilla-la-mancha-cuenca-pedroneras-las;Castilla La Mancha;Cuenca;Cuenca;Pedroñeras, Las;municipio;si;si;no;;Municipio incluido en el anexo de zonas prioritarias.;https://www.boe.es/buscar/act.php?id=BOE-A-2008-4480&p=20220727&tn=1
castilla-la-mancha-cuenca-priego;Castilla La Mancha;Cuenca;Cuenca;Priego;municipio;si;si;no;;Municipio incluido en el anexo de zonas prioritarias.;https://www.boe.es/buscar/act.php?id=BOE-A-2008-4480&p=20220727&tn=1
castilla-la-mancha-cuenca-provencio-el;Castilla La Mancha;Cuenca;Cuenca;Provencio, El;municipio;si;si;no;;Municipio incluido en el anexo de zonas prioritarias.;https://www.boe.es/buscar/act.php?id=BOE-A-2008-4480&p=20220727&tn=1
castilla-la-mancha-cuenca-quintanar-del-rey;Castilla La Mancha;Cuenca;Cuenca;Quintanar del Rey;municipio;si;si;no;;Municipio incluido en el anexo de zonas prioritarias.;https://www.boe.es/buscar/act.php?id=BOE-A-2008-4480&p=20220727&tn=1
castilla-la-mancha-cuenca-san-clemente;Castilla La Mancha;Cuenca;Cuenca;San Clemente;municipio;si;si;no;;Municipio incluido en el anexo de zonas prioritarias.;https://www.boe.es/buscar/act.php?id=BOE-A-2008-4480&p=20220727&tn=1
castilla-la-mancha-cuenca-sisante;Castilla La Mancha;Cuenca;Cuenca;Sisante;municipio;si;si;no;;Municipio incluido en el anexo de zonas prioritarias.;https://www.boe.es/buscar/act.php?id=BOE-A-2008-4480&p=20220727&tn=1
castilla-la-mancha-cuenca-tarancon;Castilla La Mancha;Cuenca;Cuenca;Tarancón;municipio;si;si;no;;Municipio incluido en el anexo de zonas prioritarias.;https://www.boe.es/buscar/act.php?id=BOE-A-2008-4480&p=20220727&tn=1
castilla-la-mancha-cuenca-villaescusa-de-haro;Castilla La Mancha;Cuenca;Cuenca;Villaescusa de Haro;municipio;si;si;no;;Municipio incluido en el anexo de zonas prioritarias.;https://www.boe.es/buscar/act.php?id=BOE-A-2008-4480&p=20220727&tn=1
castilla-la-mancha-cuenca-villamayor;Castilla La Mancha;Cuenca;Cuenca;Villamayor;municipio;si;si;no;;Municipio incluido en el anexo de zonas prioritarias.;https://www.boe.es/buscar/act.php?id=BOE-A-2008-4480&p=20220727&tn=1
castilla-la-mancha-cuenca-villamayor-de-santiago;Castilla La Mancha;Cuenca;Cuenca;Villamayor de Santiago;municipio;si;si;no;;Municipio incluido en el anexo de zonas prioritarias.;https://www.boe.es/buscar/act.php?id=BOE-A-2008-4480&p=20220727&tn=1
castilla-la-mancha-cuenca-villanueva-de-la-jara;Castilla La Mancha;Cuenca;Cuenca;Villanueva de la Jara;municipio;si;si;no;;Municipio incluido en el anexo de zonas prioritarias.;https://www.boe.es/buscar/act.php?id=BOE-A-2008-4480&p=20220727&tn=1
castilla-la-mancha-guadalajara-albalate-de-zorita;Castilla La Mancha;Guadalajara;Guadalajara;Albalate de Zorita;municipio;si;si;no;;Municipio incluido en el anexo de zonas prioritarias.;https://www.boe.es/buscar/act.php?id=BOE-A-2008-4480&p=20220727&tn=1
castilla-la-mancha-guadalajara-alcolea-del-pinar;Castilla La Mancha;Guadalajara;Guadalajara;Alcolea del Pinar;municipio;si;si;no;;Municipio incluido en el anexo de zonas prioritarias.;https://www.boe.es/buscar/act.php?id=BOE-A-2008-4480&p=20220727&tn=1
castilla-la-mancha-guadalajara-almoguera;Castilla La Mancha;Guadalajara;Guadalajara;Almoguera;municipio;si;si;no;;Municipio incluido en el anexo de zonas prioritarias.;https://www.boe.es/buscar/act.php?id=BOE-A-2008-4480&p=20220727&tn=1
castilla-la-mancha-guadalajara-alovera;Castilla La Mancha;Guadalajara;Guadalajara;Alovera;municipio;si;si;no;;Municipio incluido en el anexo de zonas prioritarias.;https://www.boe.es/buscar/act.php?id=BOE-A-2008-4480&p=20220727&tn=1
castilla-la-mancha-guadalajara-azuqueca-de-henares;Castilla La Mancha;Guadalajara;Guadalajara;Azuqueca de Henares;municipio;si;si;no;;Municipio incluido en el anexo de zonas prioritarias.;https://www.boe.es/buscar/act.php?id=BOE-A-2008-4480&p=20220727&tn=1
castilla-la-mancha-guadalajara-brihuega;Castilla La Mancha;Guadalajara;Guadalajara;Brihuega;municipio;si;si;no;;Municipio incluido en el anexo de zonas prioritarias.;https://www.boe.es/buscar/act.php?id=BOE-A-2008-4480&p=20220727&tn=1
castilla-la-mancha-guadalajara-cabanillas-del-campo;Castilla La Mancha;Guadalajara;Guadalajara;Cabanillas del Campo;municipio;si;si;no;;Municipio incluido en el anexo de zonas prioritarias.;https://www.boe.es/buscar/act.php?id=BOE-A-2008-4480&p=20220727&tn=1
castilla-la-mancha-guadalajara-casar-el;Castilla La Mancha;Guadalajara;Guadalajara;Casar, El;municipio;si;si;no;;Municipio incluido en el anexo de zonas prioritarias.;https://www.boe.es/buscar/act.php?id=BOE-A-2008-4480&p=20220727&tn=1
castilla-la-mancha-guadalajara-chiloeches;Castilla La Mancha;Guadalajara;Guadalajara;Chiloeches;municipio;si;si;no;;Municipio incluido en el anexo de zonas prioritarias.;https://www.boe.es/buscar/act.php?id=BOE-A-2008-4480&p=20220727&tn=1
castilla-la-mancha-guadalajara-cifuentes;Castilla La Mancha;Guadalajara;Guadalajara;Cifuentes;municipio;si;si;no;;Municipio incluido en el anexo de zonas prioritarias.;https://www.boe.es/buscar/act.php?id=BOE-A-2008-4480&p=20220727&tn=1
castilla-la-mancha-guadalajara-fontanar;Castilla La Mancha;Guadalajara;Guadalajara;Fontanar;municipio;si;si;no;;Municipio incluido en el anexo de zonas prioritarias.;https://www.boe.es/buscar/act.php?id=BOE-A-2008-4480&p=20220727&tn=1
castilla-la-mancha-guadalajara-horche;Castilla La Mancha;Guadalajara;Guadalajara;Horche;municipio;si;si;no;;Municipio incluido en el anexo de zonas prioritarias.;https://www.boe.es/buscar/act.php?id=BOE-A-2008-4480&p=20220727&tn=1
castilla-la-mancha-guadalajara-humanes;Castilla La Mancha;Guadalajara;Guadalajara;Humanes;municipio;si;si;no;;Municipio incluido en el anexo de zonas prioritarias.;https://www.boe.es/buscar/act.php?id=BOE-A-2008-4480&p=20220727&tn=1
castilla-la-mancha-guadalajara-jadraque;Castilla La Mancha;Guadalajara;Guadalajara;Jadraque;municipio;si;si;no;;Municipio incluido en el anexo de zonas prioritarias.;https://www.boe.es/buscar/act.php?id=BOE-A-2008-4480&p=20220727&tn=1
castilla-la-mancha-guadalajara-marchamalo;Castilla La Mancha;Guadalajara;Guadalajara;Marchamalo;municipio;si;si;no;;Municipio incluido en el anexo de zonas prioritarias.;https://www.boe.es/buscar/act.php?id=BOE-A-2008-4480&p=20220727&tn=1
castilla-la-mancha-guadalajara-molina-de-aragon;Castilla La Mancha;Guadalajara;Guadalajara;Molina de Aragón;municipio;si;si;no;;Municipio incluido en el anexo de zonas prioritarias.;https://www.boe.es/buscar/act.php?id=BOE-A-2008-4480&p=20220727&tn=1
castilla-la-mancha-guadalajara-mondejar;Castilla La Mancha;Guadalajara;Guadalajara;Mondéjar;municipio;si;si;no;;Municipio incluido en el anexo de zonas prioritarias.;https://www.boe.es/buscar/act.php?id=BOE-A-2008-4480&p=20220727&tn=1
castilla-la-mancha-guadalajara-pastrana;Castilla La Mancha;Guadalajara;Guadalajara;Pastrana;municipio;si;si;no;;Municipio incluido en el anexo de zonas prioritarias.;https://www.boe.es/buscar/act.php?id=BOE-A-2008-4480&p=20220727&tn=1
castilla-la-mancha-guadalajara-sacedon;Castilla La Mancha;Guadalajara;Guadalajara;Sacedón;municipio;si;si;no;;Municipio incluido en el anexo de zonas prioritarias.;https://www.boe.es/buscar/act.php?id=BOE-A-2008-4480&p=20220727&tn=1
castilla-la-mancha-guadalajara-siguenza;Castilla La Mancha;Guadalajara;Guadalajara;Sigüenza;municipio;si;si;no;;Municipio incluido en el anexo de zonas prioritarias.;https://www.boe.es/buscar/act.php?id=BOE-A-2008-4480&p=20220727&tn=1
castilla-la-mancha-guadalajara-torija;Castilla La Mancha;Guadalajara;Guadalajara;Torija;municipio;si;si;no;;Municipio incluido en el anexo de zonas prioritarias.;https://www.boe.es/buscar/act.php?id=BOE-A-2008-4480&p=20220727&tn=1
castilla-la-mancha-guadalajara-trijueque;Castilla La Mancha;Guadalajara;Guadalajara;Trijueque;municipio;si;si;no;;Municipio incluido en el anexo de zonas prioritarias.;https://www.boe.es/buscar/act.php?id=BOE-A-2008-4480&p=20220727&tn=1
castilla-la-mancha-guadalajara-trillo;Castilla La Mancha;Guadalajara;Guadalajara;Trillo;municipio;si;si;no;;Municipio incluido en el anexo de zonas prioritarias.;https://www.boe.es/buscar/act.php?id=BOE-A-2008-4480&p=20220727&tn=1
castilla-la-mancha-guadalajara-yunquera-de-henares;Castilla La Mancha;Guadalajara;Guadalajara;Yunquera de Henares;municipio;si;si;no;;Municipio incluido en el anexo de zonas prioritarias.;https://www.boe.es/buscar/act.php?id=BOE-A-2008-4480&p=20220727&tn=1
castilla-la-mancha-toledo-anover-de-tajo;Castilla La Mancha;Toledo;Toledo;Añover de Tajo;municipio;si;si;no;;Municipio incluido en el anexo de zonas prioritarias.;https://www.boe.es/buscar/act.php?id=BOE-A-2008-4480&p=20220727&tn=1
castilla-la-mancha-toledo-bargas;Castilla La Mancha;Toledo;Toledo;Bargas;municipio;si;si;no;;Municipio incluido en el anexo de zonas prioritarias.;https://www.boe.es/buscar/act.php?id=BOE-A-2008-4480&p=20220727&tn=1
castilla-la-mancha-toledo-borox;Castilla La Mancha;Toledo;Toledo;Borox;municipio;si;si;no;;Municipio incluido en el anexo de zonas prioritarias.;https://www.boe.es/buscar/act.php?id=BOE-A-2008-4480&p=20220727&tn=1
castilla-la-mancha-toledo-cabanas-de-la-sagra;Castilla La Mancha;Toledo;Toledo;Cabañas de la Sagra;municipio;si;si;no;;Municipio incluido en el anexo de zonas prioritarias.;https://www.boe.es/buscar/act.php?id=BOE-A-2008-4480&p=20220727&tn=1
castilla-la-mancha-toledo-casarrubios-del-monte;Castilla La Mancha;Toledo;Toledo;Casarrubios del Monte;municipio;si;si;no;;Municipio incluido en el anexo de zonas prioritarias.;https://www.boe.es/buscar/act.php?id=BOE-A-2008-4480&p=20220727&tn=1
castilla-la-mancha-toledo-consuegra;Castilla La Mancha;Toledo;Toledo;Consuegra;municipio;si;si;no;;Municipio incluido en el anexo de zonas prioritarias.;https://www.boe.es/buscar/act.php?id=BOE-A-2008-4480&p=20220727&tn=1
castilla-la-mancha-toledo-corral-de-almaguer;Castilla La Mancha;Toledo;Toledo;Corral de Almaguer;municipio;si;si;no;;Municipio incluido en el anexo de zonas prioritarias.;https://www.boe.es/buscar/act.php?id=BOE-A-2008-4480&p=20220727&tn=1
castilla-la-mancha-toledo-escalona;Castilla La Mancha;Toledo;Toledo;Escalona;municipio;si;si;no;;Municipio incluido en el anexo de zonas prioritarias.;https://www.boe.es/buscar/act.php?id=BOE-A-2008-4480&p=20220727&tn=1
castilla-la-mancha-toledo-fuensalida;Castilla La Mancha;Toledo;Toledo;Fuensalida;municipio;si;si;no;;Municipio incluido en el anexo de zonas prioritarias.;https://www.boe.es/buscar/act.php?id=BOE-A-2008-4480&p=20220727&tn=1
castilla-la-mancha-toledo-guardia-la;Castilla La Mancha;Toledo;Toledo;Guardia, La;municipio;si;si;no;;Municipio incluido en el anexo de zonas prioritarias.;https://www.boe.es/buscar/act.php?id=BOE-A-2008-4480&p=20220727&tn=1
castilla-la-mancha-toledo-illescas;Castilla La Mancha;Toledo;Toledo;Illescas;municipio;si;si;no;;Municipio incluido en el anexo de zonas prioritarias.;https://www.boe.es/buscar/act.php?id=BOE-A-2008-4480&p=20220727&tn=1
castilla-la-mancha-toledo-madridejos;Castilla La Mancha;Toledo;Toledo;Madridejos;municipio;si;si;no;;Municipio incluido en el anexo de zonas prioritarias.;https://www.boe.es/buscar/act.php?id=BOE-A-2008-4480&p=20220727&tn=1
castilla-la-mancha-toledo-maqueda;Castilla La Mancha;Toledo;Toledo;Maqueda;municipio;si;si;no;;Municipio incluido en el anexo de zonas prioritarias.;https://www.boe.es/buscar/act.php?id=BOE-A-2008-4480&p=20220727&tn=1
castilla-la-mancha-toledo-mentrida;Castilla La Mancha;Toledo;Toledo;Méntrida;municipio;si;si;no;;Municipio incluido en el anexo de zonas prioritarias.;https://www.boe.es/buscar/act.php?id=BOE-A-2008-4480&p=20220727&tn=1
castilla-la-mancha-toledo-mocejon;Castilla La Mancha;Toledo;Toledo;Mocejón;municipio;si;si;no;;Municipio incluido en el anexo de zonas prioritarias.;https://www.boe.es/buscar/act.php?id=BOE-A-2008-4480&p=20220727&tn=1
castilla-la-mancha-toledo-mora;Castilla La Mancha;Toledo;Toledo;Mora;municipio;si;si;no;;Municipio incluido en el anexo de zonas prioritarias.;https://www.boe.es/buscar/act.php?id=BOE-A-2008-4480&p=20220727&tn=1
castilla-la-mancha-toledo-navahermosa;Castilla La Mancha;Toledo;Toledo;Navahermosa;municipio;si;si;no;;Municipio incluido en el anexo de zonas prioritarias.;https://www.boe.es/buscar/act.php?id=BOE-A-2008-4480&p=20220727&tn=1
castilla-la-mancha-toledo-noblejas;Castilla La Mancha;Toledo;Toledo;Noblejas;municipio;si;si;no;;Municipio incluido en el anexo de zonas prioritarias.;https://www.boe.es/buscar/act.php?id=BOE-A-2008-4480&p=20220727&tn=1
castilla-la-mancha-toledo-numancia-de-la-sagra;Castilla La Mancha;Toledo;Toledo;Numancia de la Sagra;municipio;si;si;no;;Municipio incluido en el anexo de zonas prioritarias.;https://www.boe.es/buscar/act.php?id=BOE-A-2008-4480&p=20220727&tn=1
castilla-la-mancha-toledo-ocana;Castilla La Mancha;Toledo;Toledo;Ocaña;municipio;si;si;no;;Municipio incluido en el anexo de zonas prioritarias.;https://www.boe.es/buscar/act.php?id=BOE-A-2008-4480&p=20220727&tn=1
castilla-la-mancha-toledo-olias-del-rey;Castilla La Mancha;Toledo;Toledo;Olias del Rey;municipio;si;si;no;;Municipio incluido en el anexo de zonas prioritarias.;https://www.boe.es/buscar/act.php?id=BOE-A-2008-4480&p=20220727&tn=1
castilla-la-mancha-toledo-ontigola;Castilla La Mancha;Toledo;Toledo;Ontígola;municipio;si;si;no;;Municipio incluido en el anexo de zonas prioritarias.;https://www.boe.es/buscar/act.php?id=BOE-A-2008-4480&p=20220727&tn=1
castilla-la-mancha-toledo-oropesa;Castilla La Mancha;Toledo;Toledo;Oropesa;municipio;si;si;no;;Municipio incluido en el anexo de zonas prioritarias.;https://www.boe.es/buscar/act.php?id=BOE-A-2008-4480&p=20220727&tn=1
castilla-la-mancha-toledo-pantoja;Castilla La Mancha;Toledo;Toledo;Pantoja;municipio;si;si;no;;Municipio incluido en el anexo de zonas prioritarias.;https://www.boe.es/buscar/act.php?id=BOE-A-2008-4480&p=20220727&tn=1
castilla-la-mancha-toledo-portillo-de-toledo;Castilla La Mancha;Toledo;Toledo;Portillo de Toledo;municipio;si;si;no;;Municipio incluido en el anexo de zonas prioritarias.;https://www.boe.es/buscar/act.php?id=BOE-A-2008-4480&p=20220727&tn=1
castilla-la-mancha-toledo-puebla-de-montalban-la;Castilla La Mancha;Toledo;Toledo;Puebla de Montalbán, La;municipio;si;si;no;;Municipio incluido en el anexo de zonas prioritarias.;https://www.boe.es/buscar/act.php?id=BOE-A-2008-4480&p=20220727&tn=1
castilla-la-mancha-toledo-quintanar-de-la-orden;Castilla La Mancha;Toledo;Toledo;Quintanar de la Orden;municipio;si;si;no;;Municipio incluido en el anexo de zonas prioritarias.;https://www.boe.es/buscar/act.php?id=BOE-A-2008-4480&p=20220727&tn=1
castilla-la-mancha-toledo-santa-cruz-de-la-zarza;Castilla La Mancha;Toledo;Toledo;Santa Cruz de la Zarza;municipio;si;si;no;;Municipio incluido en el anexo de zonas prioritarias.;https://www.boe.es/buscar/act.php?id=BOE-A-2008-4480&p=20220727&tn=1
castilla-la-mancha-toledo-sesena;Castilla La Mancha;Toledo;Toledo;Seseña;municipio;si;si;no;;Municipio incluido en el anexo de zonas prioritarias.;https://www.boe.es/buscar/act.php?id=BOE-A-2008-4480&p=20220727&tn=1
castilla-la-mancha-toledo-sonseca;Castilla La Mancha;Toledo;Toledo;Sonseca;municipio;si;si;no;;Municipio incluido en el anexo de zonas prioritarias.;https://www.boe.es/buscar/act.php?id=BOE-A-2008-4480&p=20220727&tn=1
castilla-la-mancha-toledo-talavera-de-la-reina;Castilla La Mancha;Toledo;Toledo;Talavera de la Reina;municipio;si;si;no;;Municipio incluido en el anexo de zonas prioritarias.;https://www.boe.es/buscar/act.php?id=BOE-A-2008-4480&p=20220727&tn=1
castilla-la-mancha-toledo-torrijos;Castilla La Mancha;Toledo;Toledo;Torrijos;municipio;si;si;no;;Municipio incluido en el anexo de zonas prioritarias.;https://www.boe.es/buscar/act.php?id=BOE-A-2008-4480&p=20220727&tn=1
castilla-la-mancha-toledo-valmojado;Castilla La Mancha;Toledo;Toledo;Valmojado;municipio;si;si;no;;Municipio incluido en el anexo de zonas prioritarias.;https://www.boe.es/buscar/act.php?id=BOE-A-2008-4480&p=20220727&tn=1
castilla-la-mancha-toledo-villacanas;Castilla La Mancha;Toledo;Toledo;Villacañas;municipio;si;si;no;;Municipio incluido en el anexo de zonas prioritarias.;https://www.boe.es/buscar/act.php?id=BOE-A-2008-4480&p=20220727&tn=1
castilla-la-mancha-toledo-villarrubia-de-santiago;Castilla La Mancha;Toledo;Toledo;Villarrubia de Santiago;municipio;si;si;no;;Municipio incluido en el anexo de zonas prioritarias.;https://www.boe.es/buscar/act.php?id=BOE-A-2008-4480&p=20220727&tn=1
castilla-la-mancha-toledo-villasequilla;Castilla La Mancha;Toledo;Toledo;Villasequilla;municipio;si;si;no;;Municipio incluido en el anexo de zonas prioritarias.;https://www.boe.es/buscar/act.php?id=BOE-A-2008-4480&p=20220727&tn=1
castilla-la-mancha-toledo-yebenes-los;Castilla La Mancha;Toledo;Toledo;Yébenes, Los;municipio;si;si;no;;Municipio incluido en el anexo de zonas prioritarias.;https://www.boe.es/buscar/act.php?id=BOE-A-2008-4480&p=20220727&tn=1
castilla-la-mancha-toledo-yeles;Castilla La Mancha;Toledo;Toledo;Yeles;municipio;si;si;no;;Municipio incluido en el anexo de zonas prioritarias.;https://www.boe.es/buscar/act.php?id=BOE-A-2008-4480&p=20220727&tn=1
castilla-la-mancha-toledo-yuncos;Castilla La Mancha;Toledo;Toledo;Yuncos;municipio;si;si;no;;Municipio incluido en el anexo de zonas prioritarias.;https://www.boe.es/buscar/act.php?id=BOE-A-2008-4480&p=20220727&tn=1
castilla-y-leon-avila-arenas-de-san-pedro;Castilla y Leon;Avila;Avila;Arenas de San Pedro;municipio;si;si;no;;Municipio incluido en el anexo de zonas prioritarias.;https://www.boe.es/buscar/act.php?id=BOE-A-2008-4483&p=20220727&tn=1
castilla-y-leon-avila-arevalo;Castilla y Leon;Avila;Avila;Arévalo;municipio;si;si;no;;Municipio incluido en el anexo de zonas prioritarias.;https://www.boe.es/buscar/act.php?id=BOE-A-2008-4483&p=20220727&tn=1
castilla-y-leon-avila-candeleda;Castilla y Leon;Avila;Avila;Candeleda;municipio;si;si;no;;Municipio incluido en el anexo de zonas prioritarias.;https://www.boe.es/buscar/act.php?id=BOE-A-2008-4483&p=20220727&tn=1
castilla-y-leon-avila-cebreros;Castilla y Leon;Avila;Avila;Cebreros;municipio;si;si;no;;Municipio incluido en el anexo de zonas prioritarias.;https://www.boe.es/buscar/act.php?id=BOE-A-2008-4483&p=20220727&tn=1
castilla-y-leon-avila-el-barco-de-avila;Castilla y Leon;Avila;Avila;El Barco de Ávila;municipio;si;si;no;;Municipio incluido en el anexo de zonas prioritarias.;https://www.boe.es/buscar/act.php?id=BOE-A-2008-4483&p=20220727&tn=1
castilla-y-leon-avila-el-tiemblo;Castilla y Leon;Avila;Avila;El Tiemblo;municipio;si;si;no;;Municipio incluido en el anexo de zonas prioritarias.;https://www.boe.es/buscar/act.php?id=BOE-A-2008-4483&p=20220727&tn=1
castilla-y-leon-avila-las-navas-del-marques;Castilla y Leon;Avila;Avila;Las Navas del Marqués;municipio;si;si;no;;Municipio incluido en el anexo de zonas prioritarias.;https://www.boe.es/buscar/act.php?id=BOE-A-2008-4483&p=20220727&tn=1
castilla-y-leon-avila-madrigal-de-las-altas-torres;Castilla y Leon;Avila;Avila;Madrigal de las Altas Torres;municipio;si;si;no;;Municipio incluido en el anexo de zonas prioritarias.;https://www.boe.es/buscar/act.php?id=BOE-A-2008-4483&p=20220727&tn=1
castilla-y-leon-avila-pedro-bernardo;Castilla y Leon;Avila;Avila;Pedro Bernardo;municipio;si;si;no;;Municipio incluido en el anexo de zonas prioritarias.;https://www.boe.es/buscar/act.php?id=BOE-A-2008-4483&p=20220727&tn=1
castilla-y-leon-avila-piedrahita;Castilla y Leon;Avila;Avila;Piedrahita;municipio;si;si;no;;Municipio incluido en el anexo de zonas prioritarias.;https://www.boe.es/buscar/act.php?id=BOE-A-2008-4483&p=20220727&tn=1
castilla-y-leon-avila-sanchidrian;Castilla y Leon;Avila;Avila;Sanchidrián;municipio;si;si;no;;Municipio incluido en el anexo de zonas prioritarias.;https://www.boe.es/buscar/act.php?id=BOE-A-2008-4483&p=20220727&tn=1
castilla-y-leon-avila-sotillo-de-la-adrada;Castilla y Leon;Avila;Avila;Sotillo de la Adrada;municipio;si;si;no;;Municipio incluido en el anexo de zonas prioritarias.;https://www.boe.es/buscar/act.php?id=BOE-A-2008-4483&p=20220727&tn=1
castilla-y-leon-burgos-alfoz-de-quintaduenas;Castilla y Leon;Burgos;Burgos;Alfoz de Quintadueñas;municipio;si;si;no;;Municipio incluido en el anexo de zonas prioritarias.;https://www.boe.es/buscar/act.php?id=BOE-A-2008-4483&p=20220727&tn=1
castilla-y-leon-burgos-aranda-de-duero;Castilla y Leon;Burgos;Burgos;Aranda de Duero;municipio;si;si;no;;Municipio incluido en el anexo de zonas prioritarias.;https://www.boe.es/buscar/act.php?id=BOE-A-2008-4483&p=20220727&tn=1
castilla-y-leon-burgos-belorado;Castilla y Leon;Burgos;Burgos;Belorado;municipio;si;si;no;;Municipio incluido en el anexo de zonas prioritarias.;https://www.boe.es/buscar/act.php?id=BOE-A-2008-4483&p=20220727&tn=1
castilla-y-leon-burgos-briviesca;Castilla y Leon;Burgos;Burgos;Briviesca;municipio;si;si;no;;Municipio incluido en el anexo de zonas prioritarias.;https://www.boe.es/buscar/act.php?id=BOE-A-2008-4483&p=20220727&tn=1
castilla-y-leon-burgos-cardenajimeno;Castilla y Leon;Burgos;Burgos;Cardeñajimeno;municipio;si;si;no;;Municipio incluido en el anexo de zonas prioritarias.;https://www.boe.es/buscar/act.php?id=BOE-A-2008-4483&p=20220727&tn=1
castilla-y-leon-burgos-cerezo-del-rio-tiron;Castilla y Leon;Burgos;Burgos;Cerezo del Rio Tirón;municipio;si;si;no;;Municipio incluido en el anexo de zonas prioritarias.;https://www.boe.es/buscar/act.php?id=BOE-A-2008-4483&p=20220727&tn=1
castilla-y-leon-burgos-condado-de-trevino;Castilla y Leon;Burgos;Burgos;Condado de Treviño;municipio;si;si;no;;Municipio incluido en el anexo de zonas prioritarias.;https://www.boe.es/buscar/act.php?id=BOE-A-2008-4483&p=20220727&tn=1
castilla-y-leon-burgos-espinosa-de-los-monteros;Castilla y Leon;Burgos;Burgos;Espinosa de los Monteros;municipio;si;si;no;;Municipio incluido en el anexo de zonas prioritarias.;https://www.boe.es/buscar/act.php?id=BOE-A-2008-4483&p=20220727&tn=1
castilla-y-leon-burgos-la-puebla-de-arganzon;Castilla y Leon;Burgos;Burgos;La Puebla de Arganzón;municipio;si;si;no;;Municipio incluido en el anexo de zonas prioritarias.;https://www.boe.es/buscar/act.php?id=BOE-A-2008-4483&p=20220727&tn=1
castilla-y-leon-burgos-lerma;Castilla y Leon;Burgos;Burgos;Lerma;municipio;si;si;no;;Municipio incluido en el anexo de zonas prioritarias.;https://www.boe.es/buscar/act.php?id=BOE-A-2008-4483&p=20220727&tn=1
castilla-y-leon-burgos-medina-de-pomar;Castilla y Leon;Burgos;Burgos;Medina de Pomar;municipio;si;si;no;;Municipio incluido en el anexo de zonas prioritarias.;https://www.boe.es/buscar/act.php?id=BOE-A-2008-4483&p=20220727&tn=1
castilla-y-leon-burgos-melgar-de-fernamental;Castilla y Leon;Burgos;Burgos;Melgar de Fernamental;municipio;si;si;no;;Municipio incluido en el anexo de zonas prioritarias.;https://www.boe.es/buscar/act.php?id=BOE-A-2008-4483&p=20220727&tn=1
castilla-y-leon-burgos-miranda-de-ebro;Castilla y Leon;Burgos;Burgos;Miranda de Ebro;municipio;si;si;no;;Municipio incluido en el anexo de zonas prioritarias.;https://www.boe.es/buscar/act.php?id=BOE-A-2008-4483&p=20220727&tn=1
castilla-y-leon-burgos-ona;Castilla y Leon;Burgos;Burgos;Oña;municipio;si;si;no;;Municipio incluido en el anexo de zonas prioritarias.;https://www.boe.es/buscar/act.php?id=BOE-A-2008-4483&p=20220727&tn=1
castilla-y-leon-burgos-pradoluengo;Castilla y Leon;Burgos;Burgos;Pradoluengo;municipio;si;si;no;;Municipio incluido en el anexo de zonas prioritarias.;https://www.boe.es/buscar/act.php?id=BOE-A-2008-4483&p=20220727&tn=1
castilla-y-leon-burgos-quintanar-de-la-sierra;Castilla y Leon;Burgos;Burgos;Quintanar de la Sierra;municipio;si;si;no;;Municipio incluido en el anexo de zonas prioritarias.;https://www.boe.es/buscar/act.php?id=BOE-A-2008-4483&p=20220727&tn=1
castilla-y-leon-burgos-roa;Castilla y Leon;Burgos;Burgos;Roa;municipio;si;si;no;;Municipio incluido en el anexo de zonas prioritarias.;https://www.boe.es/buscar/act.php?id=BOE-A-2008-4483&p=20220727&tn=1
castilla-y-leon-burgos-salas-de-los-infantes;Castilla y Leon;Burgos;Burgos;Salas de los Infantes;municipio;si;si;no;;Municipio incluido en el anexo de zonas prioritarias.;https://www.boe.es/buscar/act.php?id=BOE-A-2008-4483&p=20220727&tn=1
castilla-y-leon-burgos-valdorros;Castilla y Leon;Burgos;Burgos;Valdorros;municipio;si;si;no;;Municipio incluido en el anexo de zonas prioritarias.;https://www.boe.es/buscar/act.php?id=BOE-A-2008-4483&p=20220727&tn=1
castilla-y-leon-burgos-valle-de-mena;Castilla y Leon;Burgos;Burgos;Valle de Mena;municipio;si;si;no;;Municipio incluido en el anexo de zonas prioritarias.;https://www.boe.es/buscar/act.php?id=BOE-A-2008-4483&p=20220727&tn=1
castilla-y-leon-burgos-villadiego;Castilla y Leon;Burgos;Burgos;Villadiego;municipio;si;si;no;;Municipio incluido en el anexo de zonas prioritarias.;https://www.boe.es/buscar/act.php?id=BOE-A-2008-4483&p=20220727&tn=1
castilla-y-leon-burgos-villarcayo-de-merindad-de-castilla-la-vieja;Castilla y Leon;Burgos;Burgos;Villarcayo de Merindad de Castilla La Vieja;municipio;si;si;no;;Municipio incluido en el anexo de zonas prioritarias.;https://www.boe.es/buscar/act.php?id=BOE-A-2008-4483&p=20220727&tn=1
castilla-y-leon-leon-arganza;Castilla y Leon;Leon;Leon;Arganza;municipio;si;si;no;;Municipio incluido en el anexo de zonas prioritarias.;https://www.boe.es/buscar/act.php?id=BOE-A-2008-4483&p=20220727&tn=1
castilla-y-leon-leon-astorga;Castilla y Leon;Leon;Leon;Astorga;municipio;si;si;no;;Municipio incluido en el anexo de zonas prioritarias.;https://www.boe.es/buscar/act.php?id=BOE-A-2008-4483&p=20220727&tn=1
castilla-y-leon-leon-bembibre;Castilla y Leon;Leon;Leon;Bembibre;municipio;si;si;no;;Municipio incluido en el anexo de zonas prioritarias.;https://www.boe.es/buscar/act.php?id=BOE-A-2008-4483&p=20220727&tn=1
castilla-y-leon-leon-benavides;Castilla y Leon;Leon;Leon;Benavides;municipio;si;si;no;;Municipio incluido en el anexo de zonas prioritarias.;https://www.boe.es/buscar/act.php?id=BOE-A-2008-4483&p=20220727&tn=1
castilla-y-leon-leon-berlanga-del-bierzo;Castilla y Leon;Leon;Leon;Berlanga del Bierzo;municipio;si;si;no;;Municipio incluido en el anexo de zonas prioritarias.;https://www.boe.es/buscar/act.php?id=BOE-A-2008-4483&p=20220727&tn=1
castilla-y-leon-leon-bonar;Castilla y Leon;Leon;Leon;Boñar;municipio;si;si;no;;Municipio incluido en el anexo de zonas prioritarias.;https://www.boe.es/buscar/act.php?id=BOE-A-2008-4483&p=20220727&tn=1
castilla-y-leon-leon-cabanas-raras;Castilla y Leon;Leon;Leon;Cabañas Raras;municipio;si;si;no;;Municipio incluido en el anexo de zonas prioritarias.;https://www.boe.es/buscar/act.php?id=BOE-A-2008-4483&p=20220727&tn=1
castilla-y-leon-leon-cacabelos;Castilla y Leon;Leon;Leon;Cacabelos;municipio;si;si;no;;Municipio incluido en el anexo de zonas prioritarias.;https://www.boe.es/buscar/act.php?id=BOE-A-2008-4483&p=20220727&tn=1
castilla-y-leon-leon-camponaraya;Castilla y Leon;Leon;Leon;Camponaraya;municipio;si;si;no;;Municipio incluido en el anexo de zonas prioritarias.;https://www.boe.es/buscar/act.php?id=BOE-A-2008-4483&p=20220727&tn=1
castilla-y-leon-leon-carracedelo;Castilla y Leon;Leon;Leon;Carracedelo;municipio;si;si;no;;Municipio incluido en el anexo de zonas prioritarias.;https://www.boe.es/buscar/act.php?id=BOE-A-2008-4483&p=20220727&tn=1
castilla-y-leon-leon-carrizo;Castilla y Leon;Leon;Leon;Carrizo;municipio;si;si;no;;Municipio incluido en el anexo de zonas prioritarias.;https://www.boe.es/buscar/act.php?id=BOE-A-2008-4483&p=20220727&tn=1
castilla-y-leon-leon-castropodame;Castilla y Leon;Leon;Leon;Castropodame;municipio;si;si;no;;Municipio incluido en el anexo de zonas prioritarias.;https://www.boe.es/buscar/act.php?id=BOE-A-2008-4483&p=20220727&tn=1
castilla-y-leon-leon-cistierna;Castilla y Leon;Leon;Leon;Cistierna;municipio;si;si;no;;Municipio incluido en el anexo de zonas prioritarias.;https://www.boe.es/buscar/act.php?id=BOE-A-2008-4483&p=20220727&tn=1
castilla-y-leon-leon-congosto;Castilla y Leon;Leon;Leon;Congosto;municipio;si;si;no;;Municipio incluido en el anexo de zonas prioritarias.;https://www.boe.es/buscar/act.php?id=BOE-A-2008-4483&p=20220727&tn=1
castilla-y-leon-leon-cubillos-del-sil;Castilla y Leon;Leon;Leon;Cubillos del Sil;municipio;si;si;no;;Municipio incluido en el anexo de zonas prioritarias.;https://www.boe.es/buscar/act.php?id=BOE-A-2008-4483&p=20220727&tn=1
castilla-y-leon-leon-fabero;Castilla y Leon;Leon;Leon;Fabero;municipio;si;si;no;;Municipio incluido en el anexo de zonas prioritarias.;https://www.boe.es/buscar/act.php?id=BOE-A-2008-4483&p=20220727&tn=1
castilla-y-leon-leon-folgoso-de-la-ribera;Castilla y Leon;Leon;Leon;Folgoso de la Ribera;municipio;si;si;no;;Municipio incluido en el anexo de zonas prioritarias.;https://www.boe.es/buscar/act.php?id=BOE-A-2008-4483&p=20220727&tn=1
castilla-y-leon-leon-iguena;Castilla y Leon;Leon;Leon;Igüeña;municipio;si;si;no;;Municipio incluido en el anexo de zonas prioritarias.;https://www.boe.es/buscar/act.php?id=BOE-A-2008-4483&p=20220727&tn=1
castilla-y-leon-leon-la-baneza;Castilla y Leon;Leon;Leon;La Bañeza;municipio;si;si;no;;Municipio incluido en el anexo de zonas prioritarias.;https://www.boe.es/buscar/act.php?id=BOE-A-2008-4483&p=20220727&tn=1
castilla-y-leon-leon-la-pola-de-gordon;Castilla y Leon;Leon;Leon;La Pola de Gordón;municipio;si;si;no;;Municipio incluido en el anexo de zonas prioritarias.;https://www.boe.es/buscar/act.php?id=BOE-A-2008-4483&p=20220727&tn=1
castilla-y-leon-leon-la-robla;Castilla y Leon;Leon;Leon;La Robla;municipio;si;si;no;;Municipio incluido en el anexo de zonas prioritarias.;https://www.boe.es/buscar/act.php?id=BOE-A-2008-4483&p=20220727&tn=1
castilla-y-leon-leon-mansilla-de-las-mulas;Castilla y Leon;Leon;Leon;Mansilla de las Mulas;municipio;si;si;no;;Municipio incluido en el anexo de zonas prioritarias.;https://www.boe.es/buscar/act.php?id=BOE-A-2008-4483&p=20220727&tn=1
castilla-y-leon-leon-molinaseca;Castilla y Leon;Leon;Leon;Molinaseca;municipio;si;si;no;;Municipio incluido en el anexo de zonas prioritarias.;https://www.boe.es/buscar/act.php?id=BOE-A-2008-4483&p=20220727&tn=1
castilla-y-leon-leon-noceda;Castilla y Leon;Leon;Leon;Noceda;municipio;si;si;no;;Municipio incluido en el anexo de zonas prioritarias.;https://www.boe.es/buscar/act.php?id=BOE-A-2008-4483&p=20220727&tn=1
castilla-y-leon-leon-onzonilla;Castilla y Leon;Leon;Leon;Onzonilla;municipio;si;si;no;;Municipio incluido en el anexo de zonas prioritarias.;https://www.boe.es/buscar/act.php?id=BOE-A-2008-4483&p=20220727&tn=1
castilla-y-leon-leon-palacios-del-sil;Castilla y Leon;Leon;Leon;Palacios del Sil;municipio;si;si;no;;Municipio incluido en el anexo de zonas prioritarias.;https://www.boe.es/buscar/act.php?id=BOE-A-2008-4483&p=20220727&tn=1
castilla-y-leon-leon-paramo-del-sil;Castilla y Leon;Leon;Leon;Páramo del Sil;municipio;si;si;no;;Municipio incluido en el anexo de zonas prioritarias.;https://www.boe.es/buscar/act.php?id=BOE-A-2008-4483&p=20220727&tn=1
castilla-y-leon-leon-ponferrada;Castilla y Leon;Leon;Leon;Ponferrada;municipio;si;si;no;;Municipio incluido en el anexo de zonas prioritarias.;https://www.boe.es/buscar/act.php?id=BOE-A-2008-4483&p=20220727&tn=1
castilla-y-leon-leon-priaranza-del-bierzo;Castilla y Leon;Leon;Leon;Priaranza del Bierzo;municipio;si;si;no;;Municipio incluido en el anexo de zonas prioritarias.;https://www.boe.es/buscar/act.php?id=BOE-A-2008-4483&p=20220727&tn=1
castilla-y-leon-leon-sabero;Castilla y Leon;Leon;Leon;Sabero;municipio;si;si;no;;Municipio incluido en el anexo de zonas prioritarias.;https://www.boe.es/buscar/act.php?id=BOE-A-2008-4483&p=20220727&tn=1
castilla-y-leon-leon-sahagun;Castilla y Leon;Leon;Leon;Sahagún;municipio;si;si;no;;Municipio incluido en el anexo de zonas prioritarias.;https://www.boe.es/buscar/act.php?id=BOE-A-2008-4483&p=20220727&tn=1
castilla-y-leon-leon-san-andres-del-rabanedo;Castilla y Leon;Leon;Leon;San Andrés del Rabanedo;municipio;si;si;no;;Municipio incluido en el anexo de zonas prioritarias.;https://www.boe.es/buscar/act.php?id=BOE-A-2008-4483&p=20220727&tn=1
castilla-y-leon-leon-sancedo;Castilla y Leon;Leon;Leon;Sancedo;municipio;si;si;no;;Municipio incluido en el anexo de zonas prioritarias.;https://www.boe.es/buscar/act.php?id=BOE-A-2008-4483&p=20220727&tn=1
castilla-y-leon-leon-santa-maria-del-paramo;Castilla y Leon;Leon;Leon;Santa María del Páramo;municipio;si;si;no;;Municipio incluido en el anexo de zonas prioritarias.;https://www.boe.es/buscar/act.php?id=BOE-A-2008-4483&p=20220727&tn=1
castilla-y-leon-leon-santovenia-de-la-valdoncina;Castilla y Leon;Leon;Leon;Santovenia de la Valdoncina;municipio;si;si;no;;Municipio incluido en el anexo de zonas prioritarias.;https://www.boe.es/buscar/act.php?id=BOE-A-2008-4483&p=20220727&tn=1
castilla-y-leon-leon-toreno;Castilla y Leon;Leon;Leon;Toreno;municipio;si;si;no;;Municipio incluido en el anexo de zonas prioritarias.;https://www.boe.es/buscar/act.php?id=BOE-A-2008-4483&p=20220727&tn=1
castilla-y-leon-leon-torre-del-bierzo;Castilla y Leon;Leon;Leon;Torre del Bierzo;municipio;si;si;no;;Municipio incluido en el anexo de zonas prioritarias.;https://www.boe.es/buscar/act.php?id=BOE-A-2008-4483&p=20220727&tn=1
castilla-y-leon-leon-valderas;Castilla y Leon;Leon;Leon;Valderas;municipio;si;si;no;;Municipio incluido en el anexo de zonas prioritarias.;https://www.boe.es/buscar/act.php?id=BOE-A-2008-4483&p=20220727&tn=1
castilla-y-leon-leon-valencia-de-don-juan;Castilla y Leon;Leon;Leon;Valencia de Don Juan;municipio;si;si;no;;Municipio incluido en el anexo de zonas prioritarias.;https://www.boe.es/buscar/act.php?id=BOE-A-2008-4483&p=20220727&tn=1
castilla-y-leon-leon-vega-de-espinareda;Castilla y Leon;Leon;Leon;Vega de Espinareda;municipio;si;si;no;;Municipio incluido en el anexo de zonas prioritarias.;https://www.boe.es/buscar/act.php?id=BOE-A-2008-4483&p=20220727&tn=1
castilla-y-leon-leon-villablino;Castilla y Leon;Leon;Leon;Villablino;municipio;si;si;no;;Municipio incluido en el anexo de zonas prioritarias.;https://www.boe.es/buscar/act.php?id=BOE-A-2008-4483&p=20220727&tn=1
castilla-y-leon-leon-villadangos-del-paramo;Castilla y Leon;Leon;Leon;Villadangos del Páramo;municipio;si;si;no;;Municipio incluido en el anexo de zonas prioritarias.;https://www.boe.es/buscar/act.php?id=BOE-A-2008-4483&p=20220727&tn=1
castilla-y-leon-leon-villadecanes;Castilla y Leon;Leon;Leon;Villadecanes;municipio;si;si;no;;Municipio incluido en el anexo de zonas prioritarias.;https://www.boe.es/buscar/act.php?id=BOE-A-2008-4483&p=20220727&tn=1
castilla-y-leon-leon-villafranca-del-bierzo;Castilla y Leon;Leon;Leon;Villafranca del Bierzo;municipio;si;si;no;;Municipio incluido en el anexo de zonas prioritarias.;https://www.boe.es/buscar/act.php?id=BOE-A-2008-4483&p=20220727&tn=1
castilla-y-leon-leon-villaquilambre;Castilla y Leon;Leon;Leon;Villaquilambre;municipio;si;si;no;;Municipio incluido en el anexo de zonas prioritarias.;https://www.boe.es/buscar/act.php?id=BOE-A-2008-4483&p=20220727&tn=1
castilla-y-leon-leon-villarejo-de-orbigo;Castilla y Leon;Leon;Leon;Villarejo de Órbigo;municipio;si;si;no;;Municipio incluido en el anexo de zonas prioritarias.;https://www.boe.es/buscar/act.php?id=BOE-A-2008-4483&p=20220727&tn=1
castilla-y-leon-palencia-aguilar-de-campoo;Castilla y Leon;Palencia;Palencia;Aguilar de Campoo;municipio;si;si;no;;Municipio incluido en el anexo de zonas prioritarias.;https://www.boe.es/buscar/act.php?id=BOE-A-2008-4483&p=20220727&tn=1
castilla-y-leon-palencia-baltanas;Castilla y Leon;Palencia;Palencia;Baltanás;municipio;si;si;no;;Municipio incluido en el anexo de zonas prioritarias.;https://www.boe.es/buscar/act.php?id=BOE-A-2008-4483&p=20220727&tn=1
castilla-y-leon-palencia-barruelo-de-santullan;Castilla y Leon;Palencia;Palencia;Barruelo de Santullán;municipio;si;si;no;;Municipio incluido en el anexo de zonas prioritarias.;https://www.boe.es/buscar/act.php?id=BOE-A-2008-4483&p=20220727&tn=1
castilla-y-leon-palencia-carrion-de-los-condes;Castilla y Leon;Palencia;Palencia;Carrión de los Condes;municipio;si;si;no;;Municipio incluido en el anexo de zonas prioritarias.;https://www.boe.es/buscar/act.php?id=BOE-A-2008-4483&p=20220727&tn=1
castilla-y-leon-palencia-cervera-de-pisuerga;Castilla y Leon;Palencia;Palencia;Cervera de Pisuerga;municipio;si;si;no;;Municipio incluido en el anexo de zonas prioritarias.;https://www.boe.es/buscar/act.php?id=BOE-A-2008-4483&p=20220727&tn=1
castilla-y-leon-palencia-duenas;Castilla y Leon;Palencia;Palencia;Dueñas;municipio;si;si;no;;Municipio incluido en el anexo de zonas prioritarias.;https://www.boe.es/buscar/act.php?id=BOE-A-2008-4483&p=20220727&tn=1
castilla-y-leon-palencia-guardo;Castilla y Leon;Palencia;Palencia;Guardo;municipio;si;si;no;;Municipio incluido en el anexo de zonas prioritarias.;https://www.boe.es/buscar/act.php?id=BOE-A-2008-4483&p=20220727&tn=1
castilla-y-leon-palencia-herrera-de-pisuerga;Castilla y Leon;Palencia;Palencia;Herrera de Pisuerga;municipio;si;si;no;;Municipio incluido en el anexo de zonas prioritarias.;https://www.boe.es/buscar/act.php?id=BOE-A-2008-4483&p=20220727&tn=1
castilla-y-leon-palencia-magaz-de-pisuerga;Castilla y Leon;Palencia;Palencia;Magaz de Pisuerga;municipio;si;si;no;;Municipio incluido en el anexo de zonas prioritarias.;https://www.boe.es/buscar/act.php?id=BOE-A-2008-4483&p=20220727&tn=1
castilla-y-leon-palencia-monzon-de-campos;Castilla y Leon;Palencia;Palencia;Monzon de Campos;municipio;si;si;no;;Municipio incluido en el anexo de zonas prioritarias.;https://www.boe.es/buscar/act.php?id=BOE-A-2008-4483&p=20220727&tn=1
castilla-y-leon-palencia-osorno-la-mayor;Castilla y Leon;Palencia;Palencia;Osorno la Mayor;municipio;si;si;no;;Municipio incluido en el anexo de zonas prioritarias.;https://www.boe.es/buscar/act.php?id=BOE-A-2008-4483&p=20220727&tn=1
castilla-y-leon-palencia-paredes-de-nava;Castilla y Leon;Palencia;Palencia;Paredes de Nava;municipio;si;si;no;;Municipio incluido en el anexo de zonas prioritarias.;https://www.boe.es/buscar/act.php?id=BOE-A-2008-4483&p=20220727&tn=1
castilla-y-leon-palencia-saldana;Castilla y Leon;Palencia;Palencia;Saldaña;municipio;si;si;no;;Municipio incluido en el anexo de zonas prioritarias.;https://www.boe.es/buscar/act.php?id=BOE-A-2008-4483&p=20220727&tn=1
castilla-y-leon-palencia-torquemada;Castilla y Leon;Palencia;Palencia;Torquemada;municipio;si;si;no;;Municipio incluido en el anexo de zonas prioritarias.;https://www.boe.es/buscar/act.php?id=BOE-A-2008-4483&p=20220727&tn=1
castilla-y-leon-palencia-velilla-del-rio-carrion;Castilla y Leon;Palencia;Palencia;Velilla del Rio Carrión;municipio;si;si;no;;Municipio incluido en el anexo de zonas prioritarias.;https://www.boe.es/buscar/act.php?id=BOE-A-2008-4483&p=20220727&tn=1
castilla-y-leon-palencia-venta-de-banos;Castilla y Leon;Palencia;Palencia;Venta de Baños;municipio;si;si;no;;Municipio incluido en el anexo de zonas prioritarias.;https://www.boe.es/buscar/act.php?id=BOE-A-2008-4483&p=20220727&tn=1
castilla-y-leon-palencia-villamuriel-de-cerrato;Castilla y Leon;Palencia;Palencia;Villamuriel de Cerrato;municipio;si;si;no;;Municipio incluido en el anexo de zonas prioritarias.;https://www.boe.es/buscar/act.php?id=BOE-A-2008-4483&p=20220727&tn=1
castilla-y-leon-salamanca-alba-de-tormes;Castilla y Leon;Salamanca;Salamanca;Alba de Tormes;municipio;si;si;no;;Municipio incluido en el anexo de zonas prioritarias.;https://www.boe.es/buscar/act.php?id=BOE-A-2008-4483&p=20220727&tn=1
castilla-y-leon-salamanca-aldeadavila-de-la-ribera;Castilla y Leon;Salamanca;Salamanca;Aldeadávila de la Ribera;municipio;si;si;no;;Municipio incluido en el anexo de zonas prioritarias.;https://www.boe.es/buscar/act.php?id=BOE-A-2008-4483&p=20220727&tn=1
castilla-y-leon-salamanca-aldeatejada;Castilla y Leon;Salamanca;Salamanca;Aldeatejada;municipio;si;si;no;;Municipio incluido en el anexo de zonas prioritarias.;https://www.boe.es/buscar/act.php?id=BOE-A-2008-4483&p=20220727&tn=1
castilla-y-leon-salamanca-babilafuente;Castilla y Leon;Salamanca;Salamanca;Babilafuente;municipio;si;si;no;;Municipio incluido en el anexo de zonas prioritarias.;https://www.boe.es/buscar/act.php?id=BOE-A-2008-4483&p=20220727&tn=1
castilla-y-leon-salamanca-bejar;Castilla y Leon;Salamanca;Salamanca;Béjar;municipio;si;si;no;;Municipio incluido en el anexo de zonas prioritarias.;https://www.boe.es/buscar/act.php?id=BOE-A-2008-4483&p=20220727&tn=1
castilla-y-leon-salamanca-cabrerizos;Castilla y Leon;Salamanca;Salamanca;Cabrerizos;municipio;si;si;no;;Municipio incluido en el anexo de zonas prioritarias.;https://www.boe.es/buscar/act.php?id=BOE-A-2008-4483&p=20220727&tn=1
castilla-y-leon-salamanca-candelario;Castilla y Leon;Salamanca;Salamanca;Candelario;municipio;si;si;no;;Municipio incluido en el anexo de zonas prioritarias.;https://www.boe.es/buscar/act.php?id=BOE-A-2008-4483&p=20220727&tn=1
castilla-y-leon-salamanca-cantalapiedra;Castilla y Leon;Salamanca;Salamanca;Cantalapiedra;municipio;si;si;no;;Municipio incluido en el anexo de zonas prioritarias.;https://www.boe.es/buscar/act.php?id=BOE-A-2008-4483&p=20220727&tn=1
castilla-y-leon-salamanca-carbajosa-de-la-sagrada;Castilla y Leon;Salamanca;Salamanca;Carbajosa de la Sagrada;municipio;si;si;no;;Municipio incluido en el anexo de zonas prioritarias.;https://www.boe.es/buscar/act.php?id=BOE-A-2008-4483&p=20220727&tn=1
castilla-y-leon-salamanca-castellanos-de-moriscos;Castilla y Leon;Salamanca;Salamanca;Castellanos de Moriscos;municipio;si;si;no;;Municipio incluido en el anexo de zonas prioritarias.;https://www.boe.es/buscar/act.php?id=BOE-A-2008-4483&p=20220727&tn=1
castilla-y-leon-salamanca-ciudad-rodrigo;Castilla y Leon;Salamanca;Salamanca;Ciudad Rodrigo;municipio;si;si;no;;Municipio incluido en el anexo de zonas prioritarias.;https://www.boe.es/buscar/act.php?id=BOE-A-2008-4483&p=20220727&tn=1
castilla-y-leon-salamanca-doninos-de-salamanca;Castilla y Leon;Salamanca;Salamanca;Doñinos de Salamanca;municipio;si;si;no;;Municipio incluido en el anexo de zonas prioritarias.;https://www.boe.es/buscar/act.php?id=BOE-A-2008-4483&p=20220727&tn=1
castilla-y-leon-salamanca-fuentes-de-onoro;Castilla y Leon;Salamanca;Salamanca;Fuentes de Oñoro;municipio;si;si;no;;Municipio incluido en el anexo de zonas prioritarias.;https://www.boe.es/buscar/act.php?id=BOE-A-2008-4483&p=20220727&tn=1
castilla-y-leon-salamanca-guijuelo;Castilla y Leon;Salamanca;Salamanca;Guijuelo;municipio;si;si;no;;Municipio incluido en el anexo de zonas prioritarias.;https://www.boe.es/buscar/act.php?id=BOE-A-2008-4483&p=20220727&tn=1
castilla-y-leon-salamanca-la-alberca;Castilla y Leon;Salamanca;Salamanca;La Alberca;municipio;si;si;no;;Municipio incluido en el anexo de zonas prioritarias.;https://www.boe.es/buscar/act.php?id=BOE-A-2008-4483&p=20220727&tn=1
castilla-y-leon-salamanca-ledesma;Castilla y Leon;Salamanca;Salamanca;Ledesma;municipio;si;si;no;;Municipio incluido en el anexo de zonas prioritarias.;https://www.boe.es/buscar/act.php?id=BOE-A-2008-4483&p=20220727&tn=1
castilla-y-leon-salamanca-ledrada;Castilla y Leon;Salamanca;Salamanca;Ledrada;municipio;si;si;no;;Municipio incluido en el anexo de zonas prioritarias.;https://www.boe.es/buscar/act.php?id=BOE-A-2008-4483&p=20220727&tn=1
castilla-y-leon-salamanca-lumbrales;Castilla y Leon;Salamanca;Salamanca;Lumbrales;municipio;si;si;no;;Municipio incluido en el anexo de zonas prioritarias.;https://www.boe.es/buscar/act.php?id=BOE-A-2008-4483&p=20220727&tn=1
castilla-y-leon-salamanca-macotera;Castilla y Leon;Salamanca;Salamanca;Macotera;municipio;si;si;no;;Municipio incluido en el anexo de zonas prioritarias.;https://www.boe.es/buscar/act.php?id=BOE-A-2008-4483&p=20220727&tn=1
castilla-y-leon-salamanca-penaranda-de-bracamonte;Castilla y Leon;Salamanca;Salamanca;Peñaranda de Bracamonte;municipio;si;si;no;;Municipio incluido en el anexo de zonas prioritarias.;https://www.boe.es/buscar/act.php?id=BOE-A-2008-4483&p=20220727&tn=1
castilla-y-leon-salamanca-santa-marta-de-tormes;Castilla y Leon;Salamanca;Salamanca;Santa Marta de Tormes;municipio;si;si;no;;Municipio incluido en el anexo de zonas prioritarias.;https://www.boe.es/buscar/act.php?id=BOE-A-2008-4483&p=20220727&tn=1
castilla-y-leon-salamanca-villamayor;Castilla y Leon;Salamanca;Salamanca;Villamayor;municipio;si;si;no;;Municipio incluido en el anexo de zonas prioritarias.;https://www.boe.es/buscar/act.php?id=BOE-A-2008-4483&p=20220727&tn=1
castilla-y-leon-salamanca-vitigudino;Castilla y Leon;Salamanca;Salamanca;Vitigudino;municipio;si;si;no;;Municipio incluido en el anexo de zonas prioritarias.;https://www.boe.es/buscar/act.php?id=BOE-A-2008-4483&p=20220727&tn=1
castilla-y-leon-segovia-ayllon;Castilla y Leon;Segovia;Segovia;Ayllon;municipio;si;si;no;;Municipio incluido en el anexo de zonas prioritarias.;https://www.boe.es/buscar/act.php?id=BOE-A-2008-4483&p=20220727&tn=1
castilla-y-leon-segovia-boceguillas;Castilla y Leon;Segovia;Segovia;Boceguillas;municipio;si;si;no;;Municipio incluido en el anexo de zonas prioritarias.;https://www.boe.es/buscar/act.php?id=BOE-A-2008-4483&p=20220727&tn=1
castilla-y-leon-segovia-cantalejo;Castilla y Leon;Segovia;Segovia;Cantalejo;municipio;si;si;no;;Municipio incluido en el anexo de zonas prioritarias.;https://www.boe.es/buscar/act.php?id=BOE-A-2008-4483&p=20220727&tn=1
castilla-y-leon-segovia-carbonero-el-mayor;Castilla y Leon;Segovia;Segovia;Carbonero el Mayor;municipio;si;si;no;;Municipio incluido en el anexo de zonas prioritarias.;https://www.boe.es/buscar/act.php?id=BOE-A-2008-4483&p=20220727&tn=1
castilla-y-leon-segovia-coca;Castilla y Leon;Segovia;Segovia;Coca;municipio;si;si;no;;Municipio incluido en el anexo de zonas prioritarias.;https://www.boe.es/buscar/act.php?id=BOE-A-2008-4483&p=20220727&tn=1
castilla-y-leon-segovia-cuellar;Castilla y Leon;Segovia;Segovia;Cuellar;municipio;si;si;no;;Municipio incluido en el anexo de zonas prioritarias.;https://www.boe.es/buscar/act.php?id=BOE-A-2008-4483&p=20220727&tn=1
castilla-y-leon-segovia-el-espinar;Castilla y Leon;Segovia;Segovia;El Espinar;municipio;si;si;no;;Municipio incluido en el anexo de zonas prioritarias.;https://www.boe.es/buscar/act.php?id=BOE-A-2008-4483&p=20220727&tn=1
castilla-y-leon-segovia-nava-de-la-asuncion;Castilla y Leon;Segovia;Segovia;Nava de la Asunción;municipio;si;si;no;;Municipio incluido en el anexo de zonas prioritarias.;https://www.boe.es/buscar/act.php?id=BOE-A-2008-4483&p=20220727&tn=1
castilla-y-leon-segovia-palazuelos-de-eresma;Castilla y Leon;Segovia;Segovia;Palazuelos de Eresma;municipio;si;si;no;;Municipio incluido en el anexo de zonas prioritarias.;https://www.boe.es/buscar/act.php?id=BOE-A-2008-4483&p=20220727&tn=1
castilla-y-leon-segovia-riaza;Castilla y Leon;Segovia;Segovia;Riaza;municipio;si;si;no;;Municipio incluido en el anexo de zonas prioritarias.;https://www.boe.es/buscar/act.php?id=BOE-A-2008-4483&p=20220727&tn=1
castilla-y-leon-segovia-san-ildefonso;Castilla y Leon;Segovia;Segovia;San Ildefonso;municipio;si;si;no;;Municipio incluido en el anexo de zonas prioritarias.;https://www.boe.es/buscar/act.php?id=BOE-A-2008-4483&p=20220727&tn=1
castilla-y-leon-segovia-sepulveda;Castilla y Leon;Segovia;Segovia;Sepúlveda;municipio;si;si;no;;Municipio incluido en el anexo de zonas prioritarias.;https://www.boe.es/buscar/act.php?id=BOE-A-2008-4483&p=20220727&tn=1
castilla-y-leon-segovia-valverde-del-majano;Castilla y Leon;Segovia;Segovia;Valverde del Majano;municipio;si;si;no;;Municipio incluido en el anexo de zonas prioritarias.;https://www.boe.es/buscar/act.php?id=BOE-A-2008-4483&p=20220727&tn=1
castilla-y-leon-segovia-villacastin;Castilla y Leon;Segovia;Segovia;Villacastín;municipio;si;si;no;;Municipio incluido en el anexo de zonas prioritarias.;https://www.boe.es/buscar/act.php?id=BOE-A-2008-4483&p=20220727&tn=1
castilla-y-leon-soria-agreda;Castilla y Leon;Soria;Soria;Ágreda;municipio;si;si;no;;Municipio incluido en el anexo de zonas prioritarias.;https://www.boe.es/buscar/act.php?id=BOE-A-2008-4483&p=20220727&tn=1
castilla-y-leon-soria-almazan;Castilla y Leon;Soria;Soria;Almazán;municipio;si;si;no;;Municipio incluido en el anexo de zonas prioritarias.;https://www.boe.es/buscar/act.php?id=BOE-A-2008-4483&p=20220727&tn=1
castilla-y-leon-soria-arcos-de-jalon;Castilla y Leon;Soria;Soria;Arcos de Jalón;municipio;si;si;no;;Municipio incluido en el anexo de zonas prioritarias.;https://www.boe.es/buscar/act.php?id=BOE-A-2008-4483&p=20220727&tn=1
castilla-y-leon-soria-burgo-de-osma-ciudad-de-osma;Castilla y Leon;Soria;Soria;Burgo de Osma-Ciudad de Osma;municipio;si;si;no;;Municipio incluido en el anexo de zonas prioritarias.;https://www.boe.es/buscar/act.php?id=BOE-A-2008-4483&p=20220727&tn=1
castilla-y-leon-soria-cabrejas-del-pinar;Castilla y Leon;Soria;Soria;Cabrejas del Pinar;municipio;si;si;no;;Municipio incluido en el anexo de zonas prioritarias.;https://www.boe.es/buscar/act.php?id=BOE-A-2008-4483&p=20220727&tn=1
castilla-y-leon-soria-covaleda;Castilla y Leon;Soria;Soria;Covaleda;municipio;si;si;no;;Municipio incluido en el anexo de zonas prioritarias.;https://www.boe.es/buscar/act.php?id=BOE-A-2008-4483&p=20220727&tn=1
castilla-y-leon-soria-duruelo-de-la-sierra;Castilla y Leon;Soria;Soria;Duruelo de la Sierra;municipio;si;si;no;;Municipio incluido en el anexo de zonas prioritarias.;https://www.boe.es/buscar/act.php?id=BOE-A-2008-4483&p=20220727&tn=1
castilla-y-leon-soria-garray;Castilla y Leon;Soria;Soria;Garray;municipio;si;si;no;;Municipio incluido en el anexo de zonas prioritarias.;https://www.boe.es/buscar/act.php?id=BOE-A-2008-4483&p=20220727&tn=1
castilla-y-leon-soria-golmayo;Castilla y Leon;Soria;Soria;Golmayo;municipio;si;si;no;;Municipio incluido en el anexo de zonas prioritarias.;https://www.boe.es/buscar/act.php?id=BOE-A-2008-4483&p=20220727&tn=1
castilla-y-leon-soria-navaleno;Castilla y Leon;Soria;Soria;Navaleno;municipio;si;si;no;;Municipio incluido en el anexo de zonas prioritarias.;https://www.boe.es/buscar/act.php?id=BOE-A-2008-4483&p=20220727&tn=1
castilla-y-leon-soria-olvega;Castilla y Leon;Soria;Soria;Ólvega;municipio;si;si;no;;Municipio incluido en el anexo de zonas prioritarias.;https://www.boe.es/buscar/act.php?id=BOE-A-2008-4483&p=20220727&tn=1
castilla-y-leon-soria-san-esteban-de-gormaz;Castilla y Leon;Soria;Soria;San Esteban de Gormaz;municipio;si;si;no;;Municipio incluido en el anexo de zonas prioritarias.;https://www.boe.es/buscar/act.php?id=BOE-A-2008-4483&p=20220727&tn=1
castilla-y-leon-soria-san-leonardo-de-yague;Castilla y Leon;Soria;Soria;San Leonardo de Yagüe;municipio;si;si;no;;Municipio incluido en el anexo de zonas prioritarias.;https://www.boe.es/buscar/act.php?id=BOE-A-2008-4483&p=20220727&tn=1
castilla-y-leon-soria-san-pedro-manrique;Castilla y Leon;Soria;Soria;San Pedro Manrique;municipio;si;si;no;;Municipio incluido en el anexo de zonas prioritarias.;https://www.boe.es/buscar/act.php?id=BOE-A-2008-4483&p=20220727&tn=1
castilla-y-leon-valladolid-alaejos;Castilla y Leon;Valladolid;Valladolid;Alaejos;municipio;si;si;no;;Municipio incluido en el anexo de zonas prioritarias.;https://www.boe.es/buscar/act.php?id=BOE-A-2008-4483&p=20220727&tn=1
castilla-y-leon-valladolid-boecillo;Castilla y Leon;Valladolid;Valladolid;Boecillo;municipio;si;si;no;;Municipio incluido en el anexo de zonas prioritarias.;https://www.boe.es/buscar/act.php?id=BOE-A-2008-4483&p=20220727&tn=1
castilla-y-leon-valladolid-cabezon-de-pisuerga;Castilla y Leon;Valladolid;Valladolid;Cabezón de Pisuerga;municipio;si;si;no;;Municipio incluido en el anexo de zonas prioritarias.;https://www.boe.es/buscar/act.php?id=BOE-A-2008-4483&p=20220727&tn=1
castilla-y-leon-valladolid-cigales;Castilla y Leon;Valladolid;Valladolid;Cigales;municipio;si;si;no;;Municipio incluido en el anexo de zonas prioritarias.;https://www.boe.es/buscar/act.php?id=BOE-A-2008-4483&p=20220727&tn=1
castilla-y-leon-valladolid-cisterniga;Castilla y Leon;Valladolid;Valladolid;Cistérniga;municipio;si;si;no;;Municipio incluido en el anexo de zonas prioritarias.;https://www.boe.es/buscar/act.php?id=BOE-A-2008-4483&p=20220727&tn=1
castilla-y-leon-valladolid-corcos;Castilla y Leon;Valladolid;Valladolid;Corcos;municipio;si;si;no;;Municipio incluido en el anexo de zonas prioritarias.;https://www.boe.es/buscar/act.php?id=BOE-A-2008-4483&p=20220727&tn=1
castilla-y-leon-valladolid-iscar;Castilla y Leon;Valladolid;Valladolid;Íscar;municipio;si;si;no;;Municipio incluido en el anexo de zonas prioritarias.;https://www.boe.es/buscar/act.php?id=BOE-A-2008-4483&p=20220727&tn=1
castilla-y-leon-valladolid-laguna-de-duero;Castilla y Leon;Valladolid;Valladolid;Laguna de Duero;municipio;si;si;no;;Municipio incluido en el anexo de zonas prioritarias.;https://www.boe.es/buscar/act.php?id=BOE-A-2008-4483&p=20220727&tn=1
castilla-y-leon-valladolid-medina-de-rioseco;Castilla y Leon;Valladolid;Valladolid;Medina de Rioseco;municipio;si;si;no;;Municipio incluido en el anexo de zonas prioritarias.;https://www.boe.es/buscar/act.php?id=BOE-A-2008-4483&p=20220727&tn=1
castilla-y-leon-valladolid-medina-del-campo;Castilla y Leon;Valladolid;Valladolid;Medina del Campo;municipio;si;si;no;;Municipio incluido en el anexo de zonas prioritarias.;https://www.boe.es/buscar/act.php?id=BOE-A-2008-4483&p=20220727&tn=1
castilla-y-leon-valladolid-nava-del-rey;Castilla y Leon;Valladolid;Valladolid;Nava del Rey;municipio;si;si;no;;Municipio incluido en el anexo de zonas prioritarias.;https://www.boe.es/buscar/act.php?id=BOE-A-2008-4483&p=20220727&tn=1
castilla-y-leon-valladolid-olmedo;Castilla y Leon;Valladolid;Valladolid;Olmedo;municipio;si;si;no;;Municipio incluido en el anexo de zonas prioritarias.;https://www.boe.es/buscar/act.php?id=BOE-A-2008-4483&p=20220727&tn=1
castilla-y-leon-valladolid-pedrajas-de-san-esteban;Castilla y Leon;Valladolid;Valladolid;Pedrajas de San Esteban;municipio;si;si;no;;Municipio incluido en el anexo de zonas prioritarias.;https://www.boe.es/buscar/act.php?id=BOE-A-2008-4483&p=20220727&tn=1
castilla-y-leon-valladolid-penafiel;Castilla y Leon;Valladolid;Valladolid;Peñafiel;municipio;si;si;no;;Municipio incluido en el anexo de zonas prioritarias.;https://www.boe.es/buscar/act.php?id=BOE-A-2008-4483&p=20220727&tn=1
castilla-y-leon-valladolid-rueda;Castilla y Leon;Valladolid;Valladolid;Rueda;municipio;si;si;no;;Municipio incluido en el anexo de zonas prioritarias.;https://www.boe.es/buscar/act.php?id=BOE-A-2008-4483&p=20220727&tn=1
castilla-y-leon-valladolid-santovenia-de-pisuerga;Castilla y Leon;Valladolid;Valladolid;Santovenia de Pisuerga;municipio;si;si;no;;Municipio incluido en el anexo de zonas prioritarias.;https://www.boe.es/buscar/act.php?id=BOE-A-2008-4483&p=20220727&tn=1
castilla-y-leon-valladolid-tordesillas;Castilla y Leon;Valladolid;Valladolid;Tordesillas;municipio;si;si;no;;Municipio incluido en el anexo de zonas prioritarias.;https://www.boe.es/buscar/act.php?id=BOE-A-2008-4483&p=20220727&tn=1
castilla-y-leon-valladolid-tudela-de-duero;Castilla y Leon;Valladolid;Valladolid;Tudela de Duero;municipio;si;si;no;;Municipio incluido en el anexo de zonas prioritarias.;https://www.boe.es/buscar/act.php?id=BOE-A-2008-4483&p=20220727&tn=1
castilla-y-leon-valladolid-villalon-de-campos;Castilla y Leon;Valladolid;Valladolid;Villalón de Campos;municipio;si;si;no;;Municipio incluido en el anexo de zonas prioritarias.;https://www.boe.es/buscar/act.php?id=BOE-A-2008-4483&p=20220727&tn=1
castilla-y-leon-zamora-alcanices;Castilla y Leon;Zamora;Zamora;Alcañices;municipio;si;si;no;;Municipio incluido en el anexo de zonas prioritarias.;https://www.boe.es/buscar/act.php?id=BOE-A-2008-4483&p=20220727&tn=1
castilla-y-leon-zamora-almeida-de-sayago;Castilla y Leon;Zamora;Zamora;Almeida de Sayago;municipio;si;si;no;;Municipio incluido en el anexo de zonas prioritarias.;https://www.boe.es/buscar/act.php?id=BOE-A-2008-4483&p=20220727&tn=1
castilla-y-leon-zamora-benavente;Castilla y Leon;Zamora;Zamora;Benavente;municipio;si;si;no;;Municipio incluido en el anexo de zonas prioritarias.;https://www.boe.es/buscar/act.php?id=BOE-A-2008-4483&p=20220727&tn=1
castilla-y-leon-zamora-bermillo-de-sayago;Castilla y Leon;Zamora;Zamora;Bermillo de Sayago;municipio;si;si;no;;Municipio incluido en el anexo de zonas prioritarias.;https://www.boe.es/buscar/act.php?id=BOE-A-2008-4483&p=20220727&tn=1
castilla-y-leon-zamora-camarzana-de-tera;Castilla y Leon;Zamora;Zamora;Camarzana de Tera;municipio;si;si;no;;Municipio incluido en el anexo de zonas prioritarias.;https://www.boe.es/buscar/act.php?id=BOE-A-2008-4483&p=20220727&tn=1
castilla-y-leon-zamora-coreses;Castilla y Leon;Zamora;Zamora;Coreses;municipio;si;si;no;;Municipio incluido en el anexo de zonas prioritarias.;https://www.boe.es/buscar/act.php?id=BOE-A-2008-4483&p=20220727&tn=1
castilla-y-leon-zamora-fuentesauco;Castilla y Leon;Zamora;Zamora;Fuentesaúco;municipio;si;si;no;;Municipio incluido en el anexo de zonas prioritarias.;https://www.boe.es/buscar/act.php?id=BOE-A-2008-4483&p=20220727&tn=1
castilla-y-leon-zamora-puebla-de-sanabria;Castilla y Leon;Zamora;Zamora;Puebla de Sanabria;municipio;si;si;no;;Municipio incluido en el anexo de zonas prioritarias.;https://www.boe.es/buscar/act.php?id=BOE-A-2008-4483&p=20220727&tn=1
castilla-y-leon-zamora-roales;Castilla y Leon;Zamora;Zamora;Roales;municipio;si;si;no;;Municipio incluido en el anexo de zonas prioritarias.;https://www.boe.es/buscar/act.php?id=BOE-A-2008-4483&p=20220727&tn=1
castilla-y-leon-zamora-san-cristobal-de-entrevinas;Castilla y Leon;Zamora;Zamora;San Cristóbal de Entreviñas;municipio;si;si;no;;Municipio incluido en el anexo de zonas prioritarias.;https://www.boe.es/buscar/act.php?id=BOE-A-2008-4483&p=20220727&tn=1
castilla-y-leon-zamora-toro;Castilla y Leon;Zamora;Zamora;Toro;municipio;si;si;no;;Municipio incluido en el anexo de zonas prioritarias.;https://www.boe.es/buscar/act.php?id=BOE-A-2008-4483&p=20220727&tn=1
castilla-y-leon-zamora-valcabado;Castilla y Leon;Zamora;Zamora;Valcabado;municipio;si;si;no;;Municipio incluido en el anexo de zonas prioritarias.;https://www.boe.es/buscar/act.php?id=BOE-A-2008-4483&p=20220727&tn=1
castilla-y-leon-zamora-villabrazaro;Castilla y Leon;Zamora;Zamora;Villabrázaro;municipio;si;si;no;;Municipio incluido en el anexo de zonas prioritarias.;https://www.boe.es/buscar/act.php?id=BOE-A-2008-4483&p=20220727&tn=1
castilla-y-leon-zamora-villalpando;Castilla y Leon;Zamora;Zamora;Villalpando;municipio;si;si;no;;Municipio incluido en el anexo de zonas prioritarias.;https://www.boe.es/buscar/act.php?id=BOE-A-2008-4483&p=20220727&tn=1
ceuta-total;Ceuta;Ceuta;Ceuta;Ceuta;todo_territorio;si;si;no;;Toda la ciudad de Ceuta es zona prioritaria.;https://www.boe.es/buscar/act.php?id=BOE-A-2008-4484&p=20220727&tn=1
comunitat-valenciana-alicante-agost;Comunitat Valenciana;Alicante;Alicante;Agost;municipio;si;si;no;;Municipio incluido en el anexo de zonas prioritarias.;https://www.boe.es/buscar/act.php?id=BOE-A-2008-4478&p=20220727&tn=1
comunitat-valenciana-alicante-agres;Comunitat Valenciana;Alicante;Alicante;Agres;municipio;si;si;no;;Municipio incluido en el anexo de zonas prioritarias.;https://www.boe.es/buscar/act.php?id=BOE-A-2008-4478&p=20220727&tn=1
comunitat-valenciana-alicante-aigues;Comunitat Valenciana;Alicante;Alicante;Aigües;municipio;si;si;no;;Municipio incluido en el anexo de zonas prioritarias.;https://www.boe.es/buscar/act.php?id=BOE-A-2008-4478&p=20220727&tn=1
comunitat-valenciana-alicante-albatera;Comunitat Valenciana;Alicante;Alicante;Albatera;municipio;si;si;no;;Municipio incluido en el anexo de zonas prioritarias.;https://www.boe.es/buscar/act.php?id=BOE-A-2008-4478&p=20220727&tn=1
comunitat-valenciana-alicante-alcalali;Comunitat Valenciana;Alicante;Alicante;Alcalalí;municipio;si;si;no;;Municipio incluido en el anexo de zonas prioritarias.;https://www.boe.es/buscar/act.php?id=BOE-A-2008-4478&p=20220727&tn=1
comunitat-valenciana-alicante-alcocer-de-planes;Comunitat Valenciana;Alicante;Alicante;Alcocer de Planes;municipio;si;si;no;;Municipio incluido en el anexo de zonas prioritarias.;https://www.boe.es/buscar/act.php?id=BOE-A-2008-4478&p=20220727&tn=1
comunitat-valenciana-alicante-alcoi-alcoy;Comunitat Valenciana;Alicante;Alicante;Alcoi/Alcoy;municipio;si;si;no;;Municipio incluido en el anexo de zonas prioritarias.;https://www.boe.es/buscar/act.php?id=BOE-A-2008-4478&p=20220727&tn=1
comunitat-valenciana-alicante-alcoleja;Comunitat Valenciana;Alicante;Alicante;Alcoleja;municipio;si;si;no;;Municipio incluido en el anexo de zonas prioritarias.;https://www.boe.es/buscar/act.php?id=BOE-A-2008-4478&p=20220727&tn=1
comunitat-valenciana-alicante-alfafara;Comunitat Valenciana;Alicante;Alicante;Alfafara;municipio;si;si;no;;Municipio incluido en el anexo de zonas prioritarias.;https://www.boe.es/buscar/act.php?id=BOE-A-2008-4478&p=20220727&tn=1
comunitat-valenciana-alicante-alfas-del-pi-l;Comunitat Valenciana;Alicante;Alicante;Alfàs del Pi, l';municipio;si;si;no;;Municipio incluido en el anexo de zonas prioritarias.;https://www.boe.es/buscar/act.php?id=BOE-A-2008-4478&p=20220727&tn=1
comunitat-valenciana-alicante-algorfa;Comunitat Valenciana;Alicante;Alicante;Algorfa;municipio;si;si;no;;Municipio incluido en el anexo de zonas prioritarias.;https://www.boe.es/buscar/act.php?id=BOE-A-2008-4478&p=20220727&tn=1
comunitat-valenciana-alicante-alguena;Comunitat Valenciana;Alicante;Alicante;Algueña;municipio;si;si;no;;Municipio incluido en el anexo de zonas prioritarias.;https://www.boe.es/buscar/act.php?id=BOE-A-2008-4478&p=20220727&tn=1
comunitat-valenciana-alicante-almoradi;Comunitat Valenciana;Alicante;Alicante;Almoradí;municipio;si;si;no;;Municipio incluido en el anexo de zonas prioritarias.;https://www.boe.es/buscar/act.php?id=BOE-A-2008-4478&p=20220727&tn=1
comunitat-valenciana-alicante-almudaina;Comunitat Valenciana;Alicante;Alicante;Almudaina;municipio;si;si;no;;Municipio incluido en el anexo de zonas prioritarias.;https://www.boe.es/buscar/act.php?id=BOE-A-2008-4478&p=20220727&tn=1
comunitat-valenciana-alicante-alqueria-d-asnar-l;Comunitat Valenciana;Alicante;Alicante;Alqueria d'Asnar, l';municipio;si;si;no;;Municipio incluido en el anexo de zonas prioritarias.;https://www.boe.es/buscar/act.php?id=BOE-A-2008-4478&p=20220727&tn=1
comunitat-valenciana-alicante-altea;Comunitat Valenciana;Alicante;Alicante;Altea;municipio;si;si;no;;Municipio incluido en el anexo de zonas prioritarias.;https://www.boe.es/buscar/act.php?id=BOE-A-2008-4478&p=20220727&tn=1
comunitat-valenciana-alicante-aspe;Comunitat Valenciana;Alicante;Alicante;Aspe;municipio;si;si;no;;Municipio incluido en el anexo de zonas prioritarias.;https://www.boe.es/buscar/act.php?id=BOE-A-2008-4478&p=20220727&tn=1
comunitat-valenciana-alicante-atzubia-l;Comunitat Valenciana;Alicante;Alicante;Atzúbia, l';municipio;si;si;no;;Municipio incluido en el anexo de zonas prioritarias.;https://www.boe.es/buscar/act.php?id=BOE-A-2008-4478&p=20220727&tn=1
comunitat-valenciana-alicante-balones;Comunitat Valenciana;Alicante;Alicante;Balones;municipio;si;si;no;;Municipio incluido en el anexo de zonas prioritarias.;https://www.boe.es/buscar/act.php?id=BOE-A-2008-4478&p=20220727&tn=1
comunitat-valenciana-alicante-banyeres-de-mariola;Comunitat Valenciana;Alicante;Alicante;Banyeres de Mariola;municipio;si;si;no;;Municipio incluido en el anexo de zonas prioritarias.;https://www.boe.es/buscar/act.php?id=BOE-A-2008-4478&p=20220727&tn=1
comunitat-valenciana-alicante-benasau;Comunitat Valenciana;Alicante;Alicante;Benasau;municipio;si;si;no;;Municipio incluido en el anexo de zonas prioritarias.;https://www.boe.es/buscar/act.php?id=BOE-A-2008-4478&p=20220727&tn=1
comunitat-valenciana-alicante-beneixama;Comunitat Valenciana;Alicante;Alicante;Beneixama;municipio;si;si;no;;Municipio incluido en el anexo de zonas prioritarias.;https://www.boe.es/buscar/act.php?id=BOE-A-2008-4478&p=20220727&tn=1
comunitat-valenciana-alicante-benejuzar;Comunitat Valenciana;Alicante;Alicante;Benejúzar;municipio;si;si;no;;Municipio incluido en el anexo de zonas prioritarias.;https://www.boe.es/buscar/act.php?id=BOE-A-2008-4478&p=20220727&tn=1
comunitat-valenciana-alicante-benferri;Comunitat Valenciana;Alicante;Alicante;Benferri;municipio;si;si;no;;Municipio incluido en el anexo de zonas prioritarias.;https://www.boe.es/buscar/act.php?id=BOE-A-2008-4478&p=20220727&tn=1
comunitat-valenciana-alicante-beniarbeig;Comunitat Valenciana;Alicante;Alicante;Beniarbeig;municipio;si;si;no;;Municipio incluido en el anexo de zonas prioritarias.;https://www.boe.es/buscar/act.php?id=BOE-A-2008-4478&p=20220727&tn=1
comunitat-valenciana-alicante-beniarda;Comunitat Valenciana;Alicante;Alicante;Beniardá;municipio;si;si;no;;Municipio incluido en el anexo de zonas prioritarias.;https://www.boe.es/buscar/act.php?id=BOE-A-2008-4478&p=20220727&tn=1
comunitat-valenciana-alicante-beniarres;Comunitat Valenciana;Alicante;Alicante;Beniarrés;municipio;si;si;no;;Municipio incluido en el anexo de zonas prioritarias.;https://www.boe.es/buscar/act.php?id=BOE-A-2008-4478&p=20220727&tn=1
comunitat-valenciana-alicante-benidoleig;Comunitat Valenciana;Alicante;Alicante;Benidoleig;municipio;si;si;no;;Municipio incluido en el anexo de zonas prioritarias.;https://www.boe.es/buscar/act.php?id=BOE-A-2008-4478&p=20220727&tn=1
comunitat-valenciana-alicante-benidorm;Comunitat Valenciana;Alicante;Alicante;Benidorm;municipio;si;si;no;;Municipio incluido en el anexo de zonas prioritarias.;https://www.boe.es/buscar/act.php?id=BOE-A-2008-4478&p=20220727&tn=1
comunitat-valenciana-alicante-benifallim;Comunitat Valenciana;Alicante;Alicante;Benifallim;municipio;si;si;no;;Municipio incluido en el anexo de zonas prioritarias.;https://www.boe.es/buscar/act.php?id=BOE-A-2008-4478&p=20220727&tn=1
comunitat-valenciana-alicante-benifato;Comunitat Valenciana;Alicante;Alicante;Benifato;municipio;si;si;no;;Municipio incluido en el anexo de zonas prioritarias.;https://www.boe.es/buscar/act.php?id=BOE-A-2008-4478&p=20220727&tn=1
comunitat-valenciana-alicante-benigembla;Comunitat Valenciana;Alicante;Alicante;Benigembla;municipio;si;si;no;;Municipio incluido en el anexo de zonas prioritarias.;https://www.boe.es/buscar/act.php?id=BOE-A-2008-4478&p=20220727&tn=1
comunitat-valenciana-alicante-benijofar;Comunitat Valenciana;Alicante;Alicante;Benijófar;municipio;si;si;no;;Municipio incluido en el anexo de zonas prioritarias.;https://www.boe.es/buscar/act.php?id=BOE-A-2008-4478&p=20220727&tn=1
comunitat-valenciana-alicante-benilloba;Comunitat Valenciana;Alicante;Alicante;Benilloba;municipio;si;si;no;;Municipio incluido en el anexo de zonas prioritarias.;https://www.boe.es/buscar/act.php?id=BOE-A-2008-4478&p=20220727&tn=1
comunitat-valenciana-alicante-benillup;Comunitat Valenciana;Alicante;Alicante;Benillup;municipio;si;si;no;;Municipio incluido en el anexo de zonas prioritarias.;https://www.boe.es/buscar/act.php?id=BOE-A-2008-4478&p=20220727&tn=1
comunitat-valenciana-alicante-benimantell;Comunitat Valenciana;Alicante;Alicante;Benimantell;municipio;si;si;no;;Municipio incluido en el anexo de zonas prioritarias.;https://www.boe.es/buscar/act.php?id=BOE-A-2008-4478&p=20220727&tn=1
comunitat-valenciana-alicante-benimarfull;Comunitat Valenciana;Alicante;Alicante;Benimarfull;municipio;si;si;no;;Municipio incluido en el anexo de zonas prioritarias.;https://www.boe.es/buscar/act.php?id=BOE-A-2008-4478&p=20220727&tn=1
comunitat-valenciana-alicante-benimassot;Comunitat Valenciana;Alicante;Alicante;Benimassot;municipio;si;si;no;;Municipio incluido en el anexo de zonas prioritarias.;https://www.boe.es/buscar/act.php?id=BOE-A-2008-4478&p=20220727&tn=1
comunitat-valenciana-alicante-benimeli;Comunitat Valenciana;Alicante;Alicante;Benimeli;municipio;si;si;no;;Municipio incluido en el anexo de zonas prioritarias.;https://www.boe.es/buscar/act.php?id=BOE-A-2008-4478&p=20220727&tn=1
comunitat-valenciana-alicante-benissa;Comunitat Valenciana;Alicante;Alicante;Benissa;municipio;si;si;no;;Municipio incluido en el anexo de zonas prioritarias.;https://www.boe.es/buscar/act.php?id=BOE-A-2008-4478&p=20220727&tn=1
comunitat-valenciana-alicante-biar;Comunitat Valenciana;Alicante;Alicante;Biar;municipio;si;si;no;;Municipio incluido en el anexo de zonas prioritarias.;https://www.boe.es/buscar/act.php?id=BOE-A-2008-4478&p=20220727&tn=1
comunitat-valenciana-alicante-bigastro;Comunitat Valenciana;Alicante;Alicante;Bigastro;municipio;si;si;no;;Municipio incluido en el anexo de zonas prioritarias.;https://www.boe.es/buscar/act.php?id=BOE-A-2008-4478&p=20220727&tn=1
comunitat-valenciana-alicante-bolulla;Comunitat Valenciana;Alicante;Alicante;Bolulla;municipio;si;si;no;;Municipio incluido en el anexo de zonas prioritarias.;https://www.boe.es/buscar/act.php?id=BOE-A-2008-4478&p=20220727&tn=1
comunitat-valenciana-alicante-busot;Comunitat Valenciana;Alicante;Alicante;Busot;municipio;si;si;no;;Municipio incluido en el anexo de zonas prioritarias.;https://www.boe.es/buscar/act.php?id=BOE-A-2008-4478&p=20220727&tn=1
comunitat-valenciana-alicante-callosa-d-en-sarria;Comunitat Valenciana;Alicante;Alicante;Callosa d'en Sarrià;municipio;si;si;no;;Municipio incluido en el anexo de zonas prioritarias.;https://www.boe.es/buscar/act.php?id=BOE-A-2008-4478&p=20220727&tn=1
comunitat-valenciana-alicante-callosa-de-segura;Comunitat Valenciana;Alicante;Alicante;Callosa de Segura;municipio;si;si;no;;Municipio incluido en el anexo de zonas prioritarias.;https://www.boe.es/buscar/act.php?id=BOE-A-2008-4478&p=20220727&tn=1
comunitat-valenciana-alicante-calp;Comunitat Valenciana;Alicante;Alicante;Calp;municipio;si;si;no;;Municipio incluido en el anexo de zonas prioritarias.;https://www.boe.es/buscar/act.php?id=BOE-A-2008-4478&p=20220727&tn=1
comunitat-valenciana-alicante-camp-de-mirra-el-campo-de-mirra;Comunitat Valenciana;Alicante;Alicante;Camp de Mirra, el/Campo de Mirra;municipio;si;si;no;;Municipio incluido en el anexo de zonas prioritarias.;https://www.boe.es/buscar/act.php?id=BOE-A-2008-4478&p=20220727&tn=1
comunitat-valenciana-alicante-canada;Comunitat Valenciana;Alicante;Alicante;Cañada;municipio;si;si;no;;Municipio incluido en el anexo de zonas prioritarias.;https://www.boe.es/buscar/act.php?id=BOE-A-2008-4478&p=20220727&tn=1
comunitat-valenciana-alicante-castalla;Comunitat Valenciana;Alicante;Alicante;Castalla;municipio;si;si;no;;Municipio incluido en el anexo de zonas prioritarias.;https://www.boe.es/buscar/act.php?id=BOE-A-2008-4478&p=20220727&tn=1
comunitat-valenciana-alicante-castell-de-castells;Comunitat Valenciana;Alicante;Alicante;Castell de Castells;municipio;si;si;no;;Municipio incluido en el anexo de zonas prioritarias.;https://www.boe.es/buscar/act.php?id=BOE-A-2008-4478&p=20220727&tn=1
comunitat-valenciana-alicante-castell-de-guadalest-el;Comunitat Valenciana;Alicante;Alicante;Castell de Guadalest, el;municipio;si;si;no;;Municipio incluido en el anexo de zonas prioritarias.;https://www.boe.es/buscar/act.php?id=BOE-A-2008-4478&p=20220727&tn=1
comunitat-valenciana-alicante-catral;Comunitat Valenciana;Alicante;Alicante;Catral;municipio;si;si;no;;Municipio incluido en el anexo de zonas prioritarias.;https://www.boe.es/buscar/act.php?id=BOE-A-2008-4478&p=20220727&tn=1
comunitat-valenciana-alicante-cocentaina;Comunitat Valenciana;Alicante;Alicante;Cocentaina;municipio;si;si;no;;Municipio incluido en el anexo de zonas prioritarias.;https://www.boe.es/buscar/act.php?id=BOE-A-2008-4478&p=20220727&tn=1
comunitat-valenciana-alicante-confrides;Comunitat Valenciana;Alicante;Alicante;Confrides;municipio;si;si;no;;Municipio incluido en el anexo de zonas prioritarias.;https://www.boe.es/buscar/act.php?id=BOE-A-2008-4478&p=20220727&tn=1
comunitat-valenciana-alicante-cox;Comunitat Valenciana;Alicante;Alicante;Cox;municipio;si;si;no;;Municipio incluido en el anexo de zonas prioritarias.;https://www.boe.es/buscar/act.php?id=BOE-A-2008-4478&p=20220727&tn=1
comunitat-valenciana-alicante-crevillent;Comunitat Valenciana;Alicante;Alicante;Crevillent;municipio;si;si;no;;Municipio incluido en el anexo de zonas prioritarias.;https://www.boe.es/buscar/act.php?id=BOE-A-2008-4478&p=20220727&tn=1
comunitat-valenciana-alicante-daya-nueva;Comunitat Valenciana;Alicante;Alicante;Daya Nueva;municipio;si;si;no;;Municipio incluido en el anexo de zonas prioritarias.;https://www.boe.es/buscar/act.php?id=BOE-A-2008-4478&p=20220727&tn=1
comunitat-valenciana-alicante-daya-vieja;Comunitat Valenciana;Alicante;Alicante;Daya Vieja;municipio;si;si;no;;Municipio incluido en el anexo de zonas prioritarias.;https://www.boe.es/buscar/act.php?id=BOE-A-2008-4478&p=20220727&tn=1
comunitat-valenciana-alicante-dolores;Comunitat Valenciana;Alicante;Alicante;Dolores;municipio;si;si;no;;Municipio incluido en el anexo de zonas prioritarias.;https://www.boe.es/buscar/act.php?id=BOE-A-2008-4478&p=20220727&tn=1
comunitat-valenciana-alicante-elda;Comunitat Valenciana;Alicante;Alicante;Elda;municipio;si;si;no;;Municipio incluido en el anexo de zonas prioritarias.;https://www.boe.es/buscar/act.php?id=BOE-A-2008-4478&p=20220727&tn=1
comunitat-valenciana-alicante-elx-elche;Comunitat Valenciana;Alicante;Alicante;Elx/Elche;municipio;si;si;no;;Municipio incluido en el anexo de zonas prioritarias.;https://www.boe.es/buscar/act.php?id=BOE-A-2008-4478&p=20220727&tn=1
comunitat-valenciana-alicante-facheca;Comunitat Valenciana;Alicante;Alicante;Facheca;municipio;si;si;no;;Municipio incluido en el anexo de zonas prioritarias.;https://www.boe.es/buscar/act.php?id=BOE-A-2008-4478&p=20220727&tn=1
comunitat-valenciana-alicante-famorca;Comunitat Valenciana;Alicante;Alicante;Famorca;municipio;si;si;no;;Municipio incluido en el anexo de zonas prioritarias.;https://www.boe.es/buscar/act.php?id=BOE-A-2008-4478&p=20220727&tn=1
comunitat-valenciana-alicante-finestrat;Comunitat Valenciana;Alicante;Alicante;Finestrat;municipio;si;si;no;;Municipio incluido en el anexo de zonas prioritarias.;https://www.boe.es/buscar/act.php?id=BOE-A-2008-4478&p=20220727&tn=1
comunitat-valenciana-alicante-fondo-de-les-neus-el-hondon-de-las-nieves;Comunitat Valenciana;Alicante;Alicante;Fondó de les Neus, el/Hondón de las Nieves;municipio;si;si;no;;Municipio incluido en el anexo de zonas prioritarias.;https://www.boe.es/buscar/act.php?id=BOE-A-2008-4478&p=20220727&tn=1
comunitat-valenciana-alicante-formentera-del-segura;Comunitat Valenciana;Alicante;Alicante;Formentera del Segura;municipio;si;si;no;;Municipio incluido en el anexo de zonas prioritarias.;https://www.boe.es/buscar/act.php?id=BOE-A-2008-4478&p=20220727&tn=1
comunitat-valenciana-alicante-gaianes;Comunitat Valenciana;Alicante;Alicante;Gaianes;municipio;si;si;no;;Municipio incluido en el anexo de zonas prioritarias.;https://www.boe.es/buscar/act.php?id=BOE-A-2008-4478&p=20220727&tn=1
comunitat-valenciana-alicante-gata-de-gorgos;Comunitat Valenciana;Alicante;Alicante;Gata de Gorgos;municipio;si;si;no;;Municipio incluido en el anexo de zonas prioritarias.;https://www.boe.es/buscar/act.php?id=BOE-A-2008-4478&p=20220727&tn=1
comunitat-valenciana-alicante-gorga;Comunitat Valenciana;Alicante;Alicante;Gorga;municipio;si;si;no;;Municipio incluido en el anexo de zonas prioritarias.;https://www.boe.es/buscar/act.php?id=BOE-A-2008-4478&p=20220727&tn=1
comunitat-valenciana-alicante-granja-de-rocamora;Comunitat Valenciana;Alicante;Alicante;Granja de Rocamora;municipio;si;si;no;;Municipio incluido en el anexo de zonas prioritarias.;https://www.boe.es/buscar/act.php?id=BOE-A-2008-4478&p=20220727&tn=1
comunitat-valenciana-alicante-guardamar-del-segura;Comunitat Valenciana;Alicante;Alicante;Guardamar del Segura;municipio;si;si;no;;Municipio incluido en el anexo de zonas prioritarias.;https://www.boe.es/buscar/act.php?id=BOE-A-2008-4478&p=20220727&tn=1
comunitat-valenciana-alicante-hondon-de-los-frailes;Comunitat Valenciana;Alicante;Alicante;Hondón de los Frailes;municipio;si;si;no;;Municipio incluido en el anexo de zonas prioritarias.;https://www.boe.es/buscar/act.php?id=BOE-A-2008-4478&p=20220727&tn=1
comunitat-valenciana-alicante-ibi;Comunitat Valenciana;Alicante;Alicante;Ibi;municipio;si;si;no;;Municipio incluido en el anexo de zonas prioritarias.;https://www.boe.es/buscar/act.php?id=BOE-A-2008-4478&p=20220727&tn=1
comunitat-valenciana-alicante-jacarilla;Comunitat Valenciana;Alicante;Alicante;Jacarilla;municipio;si;si;no;;Municipio incluido en el anexo de zonas prioritarias.;https://www.boe.es/buscar/act.php?id=BOE-A-2008-4478&p=20220727&tn=1
comunitat-valenciana-alicante-lliber;Comunitat Valenciana;Alicante;Alicante;Llíber;municipio;si;si;no;;Municipio incluido en el anexo de zonas prioritarias.;https://www.boe.es/buscar/act.php?id=BOE-A-2008-4478&p=20220727&tn=1
comunitat-valenciana-alicante-millena;Comunitat Valenciana;Alicante;Alicante;Millena;municipio;si;si;no;;Municipio incluido en el anexo de zonas prioritarias.;https://www.boe.es/buscar/act.php?id=BOE-A-2008-4478&p=20220727&tn=1
comunitat-valenciana-alicante-monforte-del-cid;Comunitat Valenciana;Alicante;Alicante;Monforte del Cid;municipio;si;si;no;;Municipio incluido en el anexo de zonas prioritarias.;https://www.boe.es/buscar/act.php?id=BOE-A-2008-4478&p=20220727&tn=1
comunitat-valenciana-alicante-monover-monovar;Comunitat Valenciana;Alicante;Alicante;Monòver/Monóvar;municipio;si;si;no;;Municipio incluido en el anexo de zonas prioritarias.;https://www.boe.es/buscar/act.php?id=BOE-A-2008-4478&p=20220727&tn=1
comunitat-valenciana-alicante-montesinos-los;Comunitat Valenciana;Alicante;Alicante;Montesinos, los;municipio;si;si;no;;Municipio incluido en el anexo de zonas prioritarias.;https://www.boe.es/buscar/act.php?id=BOE-A-2008-4478&p=20220727&tn=1
comunitat-valenciana-alicante-murla;Comunitat Valenciana;Alicante;Alicante;Murla;municipio;si;si;no;;Municipio incluido en el anexo de zonas prioritarias.;https://www.boe.es/buscar/act.php?id=BOE-A-2008-4478&p=20220727&tn=1
comunitat-valenciana-alicante-muro-de-alcoy;Comunitat Valenciana;Alicante;Alicante;Muro de Alcoy;municipio;si;si;no;;Municipio incluido en el anexo de zonas prioritarias.;https://www.boe.es/buscar/act.php?id=BOE-A-2008-4478&p=20220727&tn=1
comunitat-valenciana-alicante-mutxamel;Comunitat Valenciana;Alicante;Alicante;Mutxamel;municipio;si;si;no;;Municipio incluido en el anexo de zonas prioritarias.;https://www.boe.es/buscar/act.php?id=BOE-A-2008-4478&p=20220727&tn=1
comunitat-valenciana-alicante-novelda;Comunitat Valenciana;Alicante;Alicante;Novelda;municipio;si;si;no;;Municipio incluido en el anexo de zonas prioritarias.;https://www.boe.es/buscar/act.php?id=BOE-A-2008-4478&p=20220727&tn=1
comunitat-valenciana-alicante-nucia-la;Comunitat Valenciana;Alicante;Alicante;Nucia, la;municipio;si;si;no;;Municipio incluido en el anexo de zonas prioritarias.;https://www.boe.es/buscar/act.php?id=BOE-A-2008-4478&p=20220727&tn=1
comunitat-valenciana-alicante-ondara;Comunitat Valenciana;Alicante;Alicante;Ondara;municipio;si;si;no;;Municipio incluido en el anexo de zonas prioritarias.;https://www.boe.es/buscar/act.php?id=BOE-A-2008-4478&p=20220727&tn=1
comunitat-valenciana-alicante-onil;Comunitat Valenciana;Alicante;Alicante;Onil;municipio;si;si;no;;Municipio incluido en el anexo de zonas prioritarias.;https://www.boe.es/buscar/act.php?id=BOE-A-2008-4478&p=20220727&tn=1
comunitat-valenciana-alicante-orba;Comunitat Valenciana;Alicante;Alicante;Orba;municipio;si;si;no;;Municipio incluido en el anexo de zonas prioritarias.;https://www.boe.es/buscar/act.php?id=BOE-A-2008-4478&p=20220727&tn=1
comunitat-valenciana-alicante-orihuela;Comunitat Valenciana;Alicante;Alicante;Orihuela;municipio;si;si;no;;Municipio incluido en el anexo de zonas prioritarias.;https://www.boe.es/buscar/act.php?id=BOE-A-2008-4478&p=20220727&tn=1
comunitat-valenciana-alicante-orxa-l-lorcha;Comunitat Valenciana;Alicante;Alicante;Orxa, l'/Lorcha;municipio;si;si;no;;Municipio incluido en el anexo de zonas prioritarias.;https://www.boe.es/buscar/act.php?id=BOE-A-2008-4478&p=20220727&tn=1
comunitat-valenciana-alicante-orxeta;Comunitat Valenciana;Alicante;Alicante;Orxeta;municipio;si;si;no;;Municipio incluido en el anexo de zonas prioritarias.;https://www.boe.es/buscar/act.php?id=BOE-A-2008-4478&p=20220727&tn=1
comunitat-valenciana-alicante-parcent;Comunitat Valenciana;Alicante;Alicante;Parcent;municipio;si;si;no;;Municipio incluido en el anexo de zonas prioritarias.;https://www.boe.es/buscar/act.php?id=BOE-A-2008-4478&p=20220727&tn=1
comunitat-valenciana-alicante-pedreguer;Comunitat Valenciana;Alicante;Alicante;Pedreguer;municipio;si;si;no;;Municipio incluido en el anexo de zonas prioritarias.;https://www.boe.es/buscar/act.php?id=BOE-A-2008-4478&p=20220727&tn=1
comunitat-valenciana-alicante-pego;Comunitat Valenciana;Alicante;Alicante;Pego;municipio;si;si;no;;Municipio incluido en el anexo de zonas prioritarias.;https://www.boe.es/buscar/act.php?id=BOE-A-2008-4478&p=20220727&tn=1
comunitat-valenciana-alicante-penaguila;Comunitat Valenciana;Alicante;Alicante;Penàguila;municipio;si;si;no;;Municipio incluido en el anexo de zonas prioritarias.;https://www.boe.es/buscar/act.php?id=BOE-A-2008-4478&p=20220727&tn=1
comunitat-valenciana-alicante-petrer;Comunitat Valenciana;Alicante;Alicante;Petrer;municipio;si;si;no;;Municipio incluido en el anexo de zonas prioritarias.;https://www.boe.es/buscar/act.php?id=BOE-A-2008-4478&p=20220727&tn=1
comunitat-valenciana-alicante-pilar-de-la-horadada;Comunitat Valenciana;Alicante;Alicante;Pilar de la Horadada;municipio;si;si;no;;Municipio incluido en el anexo de zonas prioritarias.;https://www.boe.es/buscar/act.php?id=BOE-A-2008-4478&p=20220727&tn=1
comunitat-valenciana-alicante-pinos-el-pinoso;Comunitat Valenciana;Alicante;Alicante;Pinós, el/Pinoso;municipio;si;si;no;;Municipio incluido en el anexo de zonas prioritarias.;https://www.boe.es/buscar/act.php?id=BOE-A-2008-4478&p=20220727&tn=1
comunitat-valenciana-alicante-planes;Comunitat Valenciana;Alicante;Alicante;Planes;municipio;si;si;no;;Municipio incluido en el anexo de zonas prioritarias.;https://www.boe.es/buscar/act.php?id=BOE-A-2008-4478&p=20220727&tn=1
comunitat-valenciana-alicante-poble-nou-de-benitatxell-el-benitachell;Comunitat Valenciana;Alicante;Alicante;Poble Nou de Benitatxell, el/Benitachell;municipio;si;si;no;;Municipio incluido en el anexo de zonas prioritarias.;https://www.boe.es/buscar/act.php?id=BOE-A-2008-4478&p=20220727&tn=1
comunitat-valenciana-alicante-poblets-els;Comunitat Valenciana;Alicante;Alicante;Poblets, els;municipio;si;si;no;;Municipio incluido en el anexo de zonas prioritarias.;https://www.boe.es/buscar/act.php?id=BOE-A-2008-4478&p=20220727&tn=1
comunitat-valenciana-alicante-polop;Comunitat Valenciana;Alicante;Alicante;Polop;municipio;si;si;no;;Municipio incluido en el anexo de zonas prioritarias.;https://www.boe.es/buscar/act.php?id=BOE-A-2008-4478&p=20220727&tn=1
comunitat-valenciana-alicante-quatretondeta;Comunitat Valenciana;Alicante;Alicante;Quatretondeta;municipio;si;si;no;;Municipio incluido en el anexo de zonas prioritarias.;https://www.boe.es/buscar/act.php?id=BOE-A-2008-4478&p=20220727&tn=1
comunitat-valenciana-alicante-rafal;Comunitat Valenciana;Alicante;Alicante;Rafal;municipio;si;si;no;;Municipio incluido en el anexo de zonas prioritarias.;https://www.boe.es/buscar/act.php?id=BOE-A-2008-4478&p=20220727&tn=1
comunitat-valenciana-alicante-rafol-d-almunia-el;Comunitat Valenciana;Alicante;Alicante;Ràfol d'Almúnia, el;municipio;si;si;no;;Municipio incluido en el anexo de zonas prioritarias.;https://www.boe.es/buscar/act.php?id=BOE-A-2008-4478&p=20220727&tn=1
comunitat-valenciana-alicante-redovan;Comunitat Valenciana;Alicante;Alicante;Redován;municipio;si;si;no;;Municipio incluido en el anexo de zonas prioritarias.;https://www.boe.es/buscar/act.php?id=BOE-A-2008-4478&p=20220727&tn=1
comunitat-valenciana-alicante-relleu;Comunitat Valenciana;Alicante;Alicante;Relleu;municipio;si;si;no;;Municipio incluido en el anexo de zonas prioritarias.;https://www.boe.es/buscar/act.php?id=BOE-A-2008-4478&p=20220727&tn=1
comunitat-valenciana-alicante-rojales;Comunitat Valenciana;Alicante;Alicante;Rojales;municipio;si;si;no;;Municipio incluido en el anexo de zonas prioritarias.;https://www.boe.es/buscar/act.php?id=BOE-A-2008-4478&p=20220727&tn=1
comunitat-valenciana-alicante-romana-la;Comunitat Valenciana;Alicante;Alicante;Romana, la;municipio;si;si;no;;Municipio incluido en el anexo de zonas prioritarias.;https://www.boe.es/buscar/act.php?id=BOE-A-2008-4478&p=20220727&tn=1
comunitat-valenciana-alicante-sagra;Comunitat Valenciana;Alicante;Alicante;Sagra;municipio;si;si;no;;Municipio incluido en el anexo de zonas prioritarias.;https://www.boe.es/buscar/act.php?id=BOE-A-2008-4478&p=20220727&tn=1
comunitat-valenciana-alicante-salinas;Comunitat Valenciana;Alicante;Alicante;Salinas;municipio;si;si;no;;Municipio incluido en el anexo de zonas prioritarias.;https://www.boe.es/buscar/act.php?id=BOE-A-2008-4478&p=20220727&tn=1
comunitat-valenciana-alicante-san-fulgencio;Comunitat Valenciana;Alicante;Alicante;San Fulgencio;municipio;si;si;no;;Municipio incluido en el anexo de zonas prioritarias.;https://www.boe.es/buscar/act.php?id=BOE-A-2008-4478&p=20220727&tn=1
comunitat-valenciana-alicante-san-isidro;Comunitat Valenciana;Alicante;Alicante;San Isidro;municipio;si;si;no;;Municipio incluido en el anexo de zonas prioritarias.;https://www.boe.es/buscar/act.php?id=BOE-A-2008-4478&p=20220727&tn=1
comunitat-valenciana-alicante-san-miguel-de-salinas;Comunitat Valenciana;Alicante;Alicante;San Miguel de Salinas;municipio;si;si;no;;Municipio incluido en el anexo de zonas prioritarias.;https://www.boe.es/buscar/act.php?id=BOE-A-2008-4478&p=20220727&tn=1
comunitat-valenciana-alicante-sanet-y-negrals;Comunitat Valenciana;Alicante;Alicante;Sanet y Negrals;municipio;si;si;no;;Municipio incluido en el anexo de zonas prioritarias.;https://www.boe.es/buscar/act.php?id=BOE-A-2008-4478&p=20220727&tn=1
comunitat-valenciana-alicante-sant-joan-d-alacant;Comunitat Valenciana;Alicante;Alicante;Sant Joan d'Alacant;municipio;si;si;no;;Municipio incluido en el anexo de zonas prioritarias.;https://www.boe.es/buscar/act.php?id=BOE-A-2008-4478&p=20220727&tn=1
comunitat-valenciana-alicante-sant-vicent-del-raspeig-san-vicente-del-raspeig;Comunitat Valenciana;Alicante;Alicante;Sant Vicent del Raspeig/San Vicente del Raspeig;municipio;si;si;no;;Municipio incluido en el anexo de zonas prioritarias.;https://www.boe.es/buscar/act.php?id=BOE-A-2008-4478&p=20220727&tn=1
comunitat-valenciana-alicante-santa-pola;Comunitat Valenciana;Alicante;Alicante;Santa Pola;municipio;si;si;no;;Municipio incluido en el anexo de zonas prioritarias.;https://www.boe.es/buscar/act.php?id=BOE-A-2008-4478&p=20220727&tn=1
comunitat-valenciana-alicante-sax;Comunitat Valenciana;Alicante;Alicante;Sax;municipio;si;si;no;;Municipio incluido en el anexo de zonas prioritarias.;https://www.boe.es/buscar/act.php?id=BOE-A-2008-4478&p=20220727&tn=1
comunitat-valenciana-alicante-sella;Comunitat Valenciana;Alicante;Alicante;Sella;municipio;si;si;no;;Municipio incluido en el anexo de zonas prioritarias.;https://www.boe.es/buscar/act.php?id=BOE-A-2008-4478&p=20220727&tn=1
comunitat-valenciana-alicante-senija;Comunitat Valenciana;Alicante;Alicante;Senija;municipio;si;si;no;;Municipio incluido en el anexo de zonas prioritarias.;https://www.boe.es/buscar/act.php?id=BOE-A-2008-4478&p=20220727&tn=1
comunitat-valenciana-alicante-tarbena;Comunitat Valenciana;Alicante;Alicante;Tàrbena;municipio;si;si;no;;Municipio incluido en el anexo de zonas prioritarias.;https://www.boe.es/buscar/act.php?id=BOE-A-2008-4478&p=20220727&tn=1
comunitat-valenciana-alicante-teulada;Comunitat Valenciana;Alicante;Alicante;Teulada;municipio;si;si;no;;Municipio incluido en el anexo de zonas prioritarias.;https://www.boe.es/buscar/act.php?id=BOE-A-2008-4478&p=20220727&tn=1
comunitat-valenciana-alicante-tibi;Comunitat Valenciana;Alicante;Alicante;Tibi;municipio;si;si;no;;Municipio incluido en el anexo de zonas prioritarias.;https://www.boe.es/buscar/act.php?id=BOE-A-2008-4478&p=20220727&tn=1
comunitat-valenciana-alicante-tollos;Comunitat Valenciana;Alicante;Alicante;Tollos;municipio;si;si;no;;Municipio incluido en el anexo de zonas prioritarias.;https://www.boe.es/buscar/act.php?id=BOE-A-2008-4478&p=20220727&tn=1
comunitat-valenciana-alicante-tormos;Comunitat Valenciana;Alicante;Alicante;Tormos;municipio;si;si;no;;Municipio incluido en el anexo de zonas prioritarias.;https://www.boe.es/buscar/act.php?id=BOE-A-2008-4478&p=20220727&tn=1
comunitat-valenciana-alicante-torre-de-les-macanes-la-torremanzanas;Comunitat Valenciana;Alicante;Alicante;Torre de les Maçanes, la/Torremanzanas;municipio;si;si;no;;Municipio incluido en el anexo de zonas prioritarias.;https://www.boe.es/buscar/act.php?id=BOE-A-2008-4478&p=20220727&tn=1
comunitat-valenciana-alicante-torrevieja;Comunitat Valenciana;Alicante;Alicante;Torrevieja;municipio;si;si;no;;Municipio incluido en el anexo de zonas prioritarias.;https://www.boe.es/buscar/act.php?id=BOE-A-2008-4478&p=20220727&tn=1
comunitat-valenciana-alicante-vall-d-alcala-la;Comunitat Valenciana;Alicante;Alicante;Vall d'Alcalà, la;municipio;si;si;no;;Municipio incluido en el anexo de zonas prioritarias.;https://www.boe.es/buscar/act.php?id=BOE-A-2008-4478&p=20220727&tn=1
comunitat-valenciana-alicante-vall-d-ebo-la;Comunitat Valenciana;Alicante;Alicante;Vall d'Ebo, la;municipio;si;si;no;;Municipio incluido en el anexo de zonas prioritarias.;https://www.boe.es/buscar/act.php?id=BOE-A-2008-4478&p=20220727&tn=1
comunitat-valenciana-alicante-vall-de-gallinera;Comunitat Valenciana;Alicante;Alicante;Vall de Gallinera;municipio;si;si;no;;Municipio incluido en el anexo de zonas prioritarias.;https://www.boe.es/buscar/act.php?id=BOE-A-2008-4478&p=20220727&tn=1
comunitat-valenciana-alicante-vall-de-laguar-la;Comunitat Valenciana;Alicante;Alicante;Vall de Laguar, la;municipio;si;si;no;;Municipio incluido en el anexo de zonas prioritarias.;https://www.boe.es/buscar/act.php?id=BOE-A-2008-4478&p=20220727&tn=1
comunitat-valenciana-alicante-verger-el;Comunitat Valenciana;Alicante;Alicante;Verger, el;municipio;si;si;no;;Municipio incluido en el anexo de zonas prioritarias.;https://www.boe.es/buscar/act.php?id=BOE-A-2008-4478&p=20220727&tn=1
comunitat-valenciana-alicante-vila-joiosa-la-villajoyosa;Comunitat Valenciana;Alicante;Alicante;Vila Joiosa, la/Villajoyosa;municipio;si;si;no;;Municipio incluido en el anexo de zonas prioritarias.;https://www.boe.es/buscar/act.php?id=BOE-A-2008-4478&p=20220727&tn=1
comunitat-valenciana-alicante-villena;Comunitat Valenciana;Alicante;Alicante;Villena;municipio;si;si;no;;Municipio incluido en el anexo de zonas prioritarias.;https://www.boe.es/buscar/act.php?id=BOE-A-2008-4478&p=20220727&tn=1
comunitat-valenciana-alicante-xalo;Comunitat Valenciana;Alicante;Alicante;Xaló;municipio;si;si;no;;Municipio incluido en el anexo de zonas prioritarias.;https://www.boe.es/buscar/act.php?id=BOE-A-2008-4478&p=20220727&tn=1
comunitat-valenciana-alicante-xixona-jijona;Comunitat Valenciana;Alicante;Alicante;Xixona/Jijona;municipio;si;si;no;;Municipio incluido en el anexo de zonas prioritarias.;https://www.boe.es/buscar/act.php?id=BOE-A-2008-4478&p=20220727&tn=1
comunitat-valenciana-castellon-ain;Comunitat Valenciana;Castellon;Castellon;Aín;municipio;si;si;no;;Municipio incluido en el anexo de zonas prioritarias.;https://www.boe.es/buscar/act.php?id=BOE-A-2008-4478&p=20220727&tn=1
comunitat-valenciana-castellon-albocasser;Comunitat Valenciana;Castellon;Castellon;Albocàsser;municipio;si;si;no;;Municipio incluido en el anexo de zonas prioritarias.;https://www.boe.es/buscar/act.php?id=BOE-A-2008-4478&p=20220727&tn=1
comunitat-valenciana-castellon-alcala-de-xivert;Comunitat Valenciana;Castellon;Castellon;Alcalà de Xivert;municipio;si;si;no;;Municipio incluido en el anexo de zonas prioritarias.;https://www.boe.es/buscar/act.php?id=BOE-A-2008-4478&p=20220727&tn=1
comunitat-valenciana-castellon-alcora-l;Comunitat Valenciana;Castellon;Castellon;Alcora, l';municipio;si;si;no;;Municipio incluido en el anexo de zonas prioritarias.;https://www.boe.es/buscar/act.php?id=BOE-A-2008-4478&p=20220727&tn=1
comunitat-valenciana-castellon-alcudia-de-veo;Comunitat Valenciana;Castellon;Castellon;Alcudia de Veo;municipio;si;si;no;;Municipio incluido en el anexo de zonas prioritarias.;https://www.boe.es/buscar/act.php?id=BOE-A-2008-4478&p=20220727&tn=1
comunitat-valenciana-castellon-alfondeguilla;Comunitat Valenciana;Castellon;Castellon;Alfondeguilla;municipio;si;si;no;;Municipio incluido en el anexo de zonas prioritarias.;https://www.boe.es/buscar/act.php?id=BOE-A-2008-4478&p=20220727&tn=1
comunitat-valenciana-castellon-algimia-de-almonacid;Comunitat Valenciana;Castellon;Castellon;Algimia de Almonacid;municipio;si;si;no;;Municipio incluido en el anexo de zonas prioritarias.;https://www.boe.es/buscar/act.php?id=BOE-A-2008-4478&p=20220727&tn=1
comunitat-valenciana-castellon-almedijar;Comunitat Valenciana;Castellon;Castellon;Almedíjar;municipio;si;si;no;;Municipio incluido en el anexo de zonas prioritarias.;https://www.boe.es/buscar/act.php?id=BOE-A-2008-4478&p=20220727&tn=1
comunitat-valenciana-castellon-almenara;Comunitat Valenciana;Castellon;Castellon;Almenara;municipio;si;si;no;;Municipio incluido en el anexo de zonas prioritarias.;https://www.boe.es/buscar/act.php?id=BOE-A-2008-4478&p=20220727&tn=1
comunitat-valenciana-castellon-alqueries-les-alquerias-del-nino-perdido;Comunitat Valenciana;Castellon;Castellon;Alqueries, les/Alquerías del Niño Perdido;municipio;si;si;no;;Municipio incluido en el anexo de zonas prioritarias.;https://www.boe.es/buscar/act.php?id=BOE-A-2008-4478&p=20220727&tn=1
comunitat-valenciana-castellon-altura;Comunitat Valenciana;Castellon;Castellon;Altura;municipio;si;si;no;;Municipio incluido en el anexo de zonas prioritarias.;https://www.boe.es/buscar/act.php?id=BOE-A-2008-4478&p=20220727&tn=1
comunitat-valenciana-castellon-aranuel;Comunitat Valenciana;Castellon;Castellon;Arañuel;municipio;si;si;no;;Municipio incluido en el anexo de zonas prioritarias.;https://www.boe.es/buscar/act.php?id=BOE-A-2008-4478&p=20220727&tn=1
comunitat-valenciana-castellon-ares-del-maestrat;Comunitat Valenciana;Castellon;Castellon;Ares del Maestrat;municipio;si;si;no;;Municipio incluido en el anexo de zonas prioritarias.;https://www.boe.es/buscar/act.php?id=BOE-A-2008-4478&p=20220727&tn=1
comunitat-valenciana-castellon-argelita;Comunitat Valenciana;Castellon;Castellon;Argelita;municipio;si;si;no;;Municipio incluido en el anexo de zonas prioritarias.;https://www.boe.es/buscar/act.php?id=BOE-A-2008-4478&p=20220727&tn=1
comunitat-valenciana-castellon-artana;Comunitat Valenciana;Castellon;Castellon;Artana;municipio;si;si;no;;Municipio incluido en el anexo de zonas prioritarias.;https://www.boe.es/buscar/act.php?id=BOE-A-2008-4478&p=20220727&tn=1
comunitat-valenciana-castellon-atzeneta-del-maestrat;Comunitat Valenciana;Castellon;Castellon;Atzeneta del Maestrat;municipio;si;si;no;;Municipio incluido en el anexo de zonas prioritarias.;https://www.boe.es/buscar/act.php?id=BOE-A-2008-4478&p=20220727&tn=1
comunitat-valenciana-castellon-ayodar;Comunitat Valenciana;Castellon;Castellon;Ayódar;municipio;si;si;no;;Municipio incluido en el anexo de zonas prioritarias.;https://www.boe.es/buscar/act.php?id=BOE-A-2008-4478&p=20220727&tn=1
comunitat-valenciana-castellon-azuebar;Comunitat Valenciana;Castellon;Castellon;Azuébar;municipio;si;si;no;;Municipio incluido en el anexo de zonas prioritarias.;https://www.boe.es/buscar/act.php?id=BOE-A-2008-4478&p=20220727&tn=1
comunitat-valenciana-castellon-barracas;Comunitat Valenciana;Castellon;Castellon;Barracas;municipio;si;si;no;;Municipio incluido en el anexo de zonas prioritarias.;https://www.boe.es/buscar/act.php?id=BOE-A-2008-4478&p=20220727&tn=1
comunitat-valenciana-castellon-bejis;Comunitat Valenciana;Castellon;Castellon;Bejís;municipio;si;si;no;;Municipio incluido en el anexo de zonas prioritarias.;https://www.boe.es/buscar/act.php?id=BOE-A-2008-4478&p=20220727&tn=1
comunitat-valenciana-castellon-benafer;Comunitat Valenciana;Castellon;Castellon;Benafer;municipio;si;si;no;;Municipio incluido en el anexo de zonas prioritarias.;https://www.boe.es/buscar/act.php?id=BOE-A-2008-4478&p=20220727&tn=1
comunitat-valenciana-castellon-benafigos;Comunitat Valenciana;Castellon;Castellon;Benafigos;municipio;si;si;no;;Municipio incluido en el anexo de zonas prioritarias.;https://www.boe.es/buscar/act.php?id=BOE-A-2008-4478&p=20220727&tn=1
comunitat-valenciana-castellon-benassal;Comunitat Valenciana;Castellon;Castellon;Benassal;municipio;si;si;no;;Municipio incluido en el anexo de zonas prioritarias.;https://www.boe.es/buscar/act.php?id=BOE-A-2008-4478&p=20220727&tn=1
comunitat-valenciana-castellon-benicassim-benicasim;Comunitat Valenciana;Castellon;Castellon;Benicàssim/Benicasim;municipio;si;si;no;;Municipio incluido en el anexo de zonas prioritarias.;https://www.boe.es/buscar/act.php?id=BOE-A-2008-4478&p=20220727&tn=1
comunitat-valenciana-castellon-benlloc;Comunitat Valenciana;Castellon;Castellon;Benlloc;municipio;si;si;no;;Municipio incluido en el anexo de zonas prioritarias.;https://www.boe.es/buscar/act.php?id=BOE-A-2008-4478&p=20220727&tn=1
comunitat-valenciana-castellon-betxi;Comunitat Valenciana;Castellon;Castellon;Betxí;municipio;si;si;no;;Municipio incluido en el anexo de zonas prioritarias.;https://www.boe.es/buscar/act.php?id=BOE-A-2008-4478&p=20220727&tn=1
comunitat-valenciana-castellon-borriol;Comunitat Valenciana;Castellon;Castellon;Borriol;municipio;si;si;no;;Municipio incluido en el anexo de zonas prioritarias.;https://www.boe.es/buscar/act.php?id=BOE-A-2008-4478&p=20220727&tn=1
comunitat-valenciana-castellon-cabanes;Comunitat Valenciana;Castellon;Castellon;Cabanes;municipio;si;si;no;;Municipio incluido en el anexo de zonas prioritarias.;https://www.boe.es/buscar/act.php?id=BOE-A-2008-4478&p=20220727&tn=1
comunitat-valenciana-castellon-calig;Comunitat Valenciana;Castellon;Castellon;Càlig;municipio;si;si;no;;Municipio incluido en el anexo de zonas prioritarias.;https://www.boe.es/buscar/act.php?id=BOE-A-2008-4478&p=20220727&tn=1
comunitat-valenciana-castellon-canet-lo-roig;Comunitat Valenciana;Castellon;Castellon;Canet lo Roig;municipio;si;si;no;;Municipio incluido en el anexo de zonas prioritarias.;https://www.boe.es/buscar/act.php?id=BOE-A-2008-4478&p=20220727&tn=1
comunitat-valenciana-castellon-castell-de-cabres;Comunitat Valenciana;Castellon;Castellon;Castell de Cabres;municipio;si;si;no;;Municipio incluido en el anexo de zonas prioritarias.;https://www.boe.es/buscar/act.php?id=BOE-A-2008-4478&p=20220727&tn=1
comunitat-valenciana-castellon-castellfort;Comunitat Valenciana;Castellon;Castellon;Castellfort;municipio;si;si;no;;Municipio incluido en el anexo de zonas prioritarias.;https://www.boe.es/buscar/act.php?id=BOE-A-2008-4478&p=20220727&tn=1
comunitat-valenciana-castellon-castellnovo;Comunitat Valenciana;Castellon;Castellon;Castellnovo;municipio;si;si;no;;Municipio incluido en el anexo de zonas prioritarias.;https://www.boe.es/buscar/act.php?id=BOE-A-2008-4478&p=20220727&tn=1
comunitat-valenciana-castellon-castillo-de-villamalefa;Comunitat Valenciana;Castellon;Castellon;Castillo de Villamalefa;municipio;si;si;no;;Municipio incluido en el anexo de zonas prioritarias.;https://www.boe.es/buscar/act.php?id=BOE-A-2008-4478&p=20220727&tn=1
comunitat-valenciana-castellon-cati;Comunitat Valenciana;Castellon;Castellon;Catí;municipio;si;si;no;;Municipio incluido en el anexo de zonas prioritarias.;https://www.boe.es/buscar/act.php?id=BOE-A-2008-4478&p=20220727&tn=1
comunitat-valenciana-castellon-caudiel;Comunitat Valenciana;Castellon;Castellon;Caudiel;municipio;si;si;no;;Municipio incluido en el anexo de zonas prioritarias.;https://www.boe.es/buscar/act.php?id=BOE-A-2008-4478&p=20220727&tn=1
comunitat-valenciana-castellon-cervera-del-maestre;Comunitat Valenciana;Castellon;Castellon;Cervera del Maestre;municipio;si;si;no;;Municipio incluido en el anexo de zonas prioritarias.;https://www.boe.es/buscar/act.php?id=BOE-A-2008-4478&p=20220727&tn=1
comunitat-valenciana-castellon-chilches-xilxes;Comunitat Valenciana;Castellon;Castellon;Chilches/Xilxes;municipio;si;si;no;;Municipio incluido en el anexo de zonas prioritarias.;https://www.boe.es/buscar/act.php?id=BOE-A-2008-4478&p=20220727&tn=1
comunitat-valenciana-castellon-chovar;Comunitat Valenciana;Castellon;Castellon;Chóvar;municipio;si;si;no;;Municipio incluido en el anexo de zonas prioritarias.;https://www.boe.es/buscar/act.php?id=BOE-A-2008-4478&p=20220727&tn=1
comunitat-valenciana-castellon-cinctorres;Comunitat Valenciana;Castellon;Castellon;Cinctorres;municipio;si;si;no;;Municipio incluido en el anexo de zonas prioritarias.;https://www.boe.es/buscar/act.php?id=BOE-A-2008-4478&p=20220727&tn=1
comunitat-valenciana-castellon-cirat;Comunitat Valenciana;Castellon;Castellon;Cirat;municipio;si;si;no;;Municipio incluido en el anexo de zonas prioritarias.;https://www.boe.es/buscar/act.php?id=BOE-A-2008-4478&p=20220727&tn=1
comunitat-valenciana-castellon-cortes-de-arenoso;Comunitat Valenciana;Castellon;Castellon;Cortes de Arenoso;municipio;si;si;no;;Municipio incluido en el anexo de zonas prioritarias.;https://www.boe.es/buscar/act.php?id=BOE-A-2008-4478&p=20220727&tn=1
comunitat-valenciana-castellon-costur;Comunitat Valenciana;Castellon;Castellon;Costur;municipio;si;si;no;;Municipio incluido en el anexo de zonas prioritarias.;https://www.boe.es/buscar/act.php?id=BOE-A-2008-4478&p=20220727&tn=1
comunitat-valenciana-castellon-coves-de-vinroma-les;Comunitat Valenciana;Castellon;Castellon;Coves de Vinromà, les;municipio;si;si;no;;Municipio incluido en el anexo de zonas prioritarias.;https://www.boe.es/buscar/act.php?id=BOE-A-2008-4478&p=20220727&tn=1
comunitat-valenciana-castellon-culla;Comunitat Valenciana;Castellon;Castellon;Culla;municipio;si;si;no;;Municipio incluido en el anexo de zonas prioritarias.;https://www.boe.es/buscar/act.php?id=BOE-A-2008-4478&p=20220727&tn=1
comunitat-valenciana-castellon-eslida;Comunitat Valenciana;Castellon;Castellon;Eslida;municipio;si;si;no;;Municipio incluido en el anexo de zonas prioritarias.;https://www.boe.es/buscar/act.php?id=BOE-A-2008-4478&p=20220727&tn=1
comunitat-valenciana-castellon-espadilla;Comunitat Valenciana;Castellon;Castellon;Espadilla;municipio;si;si;no;;Municipio incluido en el anexo de zonas prioritarias.;https://www.boe.es/buscar/act.php?id=BOE-A-2008-4478&p=20220727&tn=1
comunitat-valenciana-castellon-fanzara;Comunitat Valenciana;Castellon;Castellon;Fanzara;municipio;si;si;no;;Municipio incluido en el anexo de zonas prioritarias.;https://www.boe.es/buscar/act.php?id=BOE-A-2008-4478&p=20220727&tn=1
comunitat-valenciana-castellon-figueroles;Comunitat Valenciana;Castellon;Castellon;Figueroles;municipio;si;si;no;;Municipio incluido en el anexo de zonas prioritarias.;https://www.boe.es/buscar/act.php?id=BOE-A-2008-4478&p=20220727&tn=1
comunitat-valenciana-castellon-forcall;Comunitat Valenciana;Castellon;Castellon;Forcall;municipio;si;si;no;;Municipio incluido en el anexo de zonas prioritarias.;https://www.boe.es/buscar/act.php?id=BOE-A-2008-4478&p=20220727&tn=1
comunitat-valenciana-castellon-fuente-la-reina;Comunitat Valenciana;Castellon;Castellon;Fuente la Reina;municipio;si;si;no;;Municipio incluido en el anexo de zonas prioritarias.;https://www.boe.es/buscar/act.php?id=BOE-A-2008-4478&p=20220727&tn=1
comunitat-valenciana-castellon-fuentes-de-ayodar;Comunitat Valenciana;Castellon;Castellon;Fuentes de Ayódar;municipio;si;si;no;;Municipio incluido en el anexo de zonas prioritarias.;https://www.boe.es/buscar/act.php?id=BOE-A-2008-4478&p=20220727&tn=1
comunitat-valenciana-castellon-gaibiel;Comunitat Valenciana;Castellon;Castellon;Gaibiel;municipio;si;si;no;;Municipio incluido en el anexo de zonas prioritarias.;https://www.boe.es/buscar/act.php?id=BOE-A-2008-4478&p=20220727&tn=1
comunitat-valenciana-castellon-geldo;Comunitat Valenciana;Castellon;Castellon;Geldo;municipio;si;si;no;;Municipio incluido en el anexo de zonas prioritarias.;https://www.boe.es/buscar/act.php?id=BOE-A-2008-4478&p=20220727&tn=1
comunitat-valenciana-castellon-herbers;Comunitat Valenciana;Castellon;Castellon;Herbers;municipio;si;si;no;;Municipio incluido en el anexo de zonas prioritarias.;https://www.boe.es/buscar/act.php?id=BOE-A-2008-4478&p=20220727&tn=1
comunitat-valenciana-castellon-higueras;Comunitat Valenciana;Castellon;Castellon;Higueras;municipio;si;si;no;;Municipio incluido en el anexo de zonas prioritarias.;https://www.boe.es/buscar/act.php?id=BOE-A-2008-4478&p=20220727&tn=1
comunitat-valenciana-castellon-jana-la;Comunitat Valenciana;Castellon;Castellon;Jana, la;municipio;si;si;no;;Municipio incluido en el anexo de zonas prioritarias.;https://www.boe.es/buscar/act.php?id=BOE-A-2008-4478&p=20220727&tn=1
comunitat-valenciana-castellon-jerica;Comunitat Valenciana;Castellon;Castellon;Jérica;municipio;si;si;no;;Municipio incluido en el anexo de zonas prioritarias.;https://www.boe.es/buscar/act.php?id=BOE-A-2008-4478&p=20220727&tn=1
comunitat-valenciana-castellon-llosa-la;Comunitat Valenciana;Castellon;Castellon;Llosa, la;municipio;si;si;no;;Municipio incluido en el anexo de zonas prioritarias.;https://www.boe.es/buscar/act.php?id=BOE-A-2008-4478&p=20220727&tn=1
comunitat-valenciana-castellon-llucena-lucena-del-cid;Comunitat Valenciana;Castellon;Castellon;Llucena/Lucena del Cid;municipio;si;si;no;;Municipio incluido en el anexo de zonas prioritarias.;https://www.boe.es/buscar/act.php?id=BOE-A-2008-4478&p=20220727&tn=1
comunitat-valenciana-castellon-ludiente;Comunitat Valenciana;Castellon;Castellon;Ludiente;municipio;si;si;no;;Municipio incluido en el anexo de zonas prioritarias.;https://www.boe.es/buscar/act.php?id=BOE-A-2008-4478&p=20220727&tn=1
comunitat-valenciana-castellon-mata-de-morella-la;Comunitat Valenciana;Castellon;Castellon;Mata de Morella, la;municipio;si;si;no;;Municipio incluido en el anexo de zonas prioritarias.;https://www.boe.es/buscar/act.php?id=BOE-A-2008-4478&p=20220727&tn=1
comunitat-valenciana-castellon-matet;Comunitat Valenciana;Castellon;Castellon;Matet;municipio;si;si;no;;Municipio incluido en el anexo de zonas prioritarias.;https://www.boe.es/buscar/act.php?id=BOE-A-2008-4478&p=20220727&tn=1
comunitat-valenciana-castellon-moncofa;Comunitat Valenciana;Castellon;Castellon;Moncofa;municipio;si;si;no;;Municipio incluido en el anexo de zonas prioritarias.;https://www.boe.es/buscar/act.php?id=BOE-A-2008-4478&p=20220727&tn=1
comunitat-valenciana-castellon-montan;Comunitat Valenciana;Castellon;Castellon;Montán;municipio;si;si;no;;Municipio incluido en el anexo de zonas prioritarias.;https://www.boe.es/buscar/act.php?id=BOE-A-2008-4478&p=20220727&tn=1
comunitat-valenciana-castellon-montanejos;Comunitat Valenciana;Castellon;Castellon;Montanejos;municipio;si;si;no;;Municipio incluido en el anexo de zonas prioritarias.;https://www.boe.es/buscar/act.php?id=BOE-A-2008-4478&p=20220727&tn=1
comunitat-valenciana-castellon-morella;Comunitat Valenciana;Castellon;Castellon;Morella;municipio;si;si;no;;Municipio incluido en el anexo de zonas prioritarias.;https://www.boe.es/buscar/act.php?id=BOE-A-2008-4478&p=20220727&tn=1
comunitat-valenciana-castellon-navajas;Comunitat Valenciana;Castellon;Castellon;Navajas;municipio;si;si;no;;Municipio incluido en el anexo de zonas prioritarias.;https://www.boe.es/buscar/act.php?id=BOE-A-2008-4478&p=20220727&tn=1
comunitat-valenciana-castellon-nules;Comunitat Valenciana;Castellon;Castellon;Nules;municipio;si;si;no;;Municipio incluido en el anexo de zonas prioritarias.;https://www.boe.es/buscar/act.php?id=BOE-A-2008-4478&p=20220727&tn=1
comunitat-valenciana-castellon-olocau-del-rey;Comunitat Valenciana;Castellon;Castellon;Olocau del Rey;municipio;si;si;no;;Municipio incluido en el anexo de zonas prioritarias.;https://www.boe.es/buscar/act.php?id=BOE-A-2008-4478&p=20220727&tn=1
comunitat-valenciana-castellon-onda;Comunitat Valenciana;Castellon;Castellon;Onda;municipio;si;si;no;;Municipio incluido en el anexo de zonas prioritarias.;https://www.boe.es/buscar/act.php?id=BOE-A-2008-4478&p=20220727&tn=1
comunitat-valenciana-castellon-orpesa-oropesa-del-mar;Comunitat Valenciana;Castellon;Castellon;Orpesa/Oropesa del Mar;municipio;si;si;no;;Municipio incluido en el anexo de zonas prioritarias.;https://www.boe.es/buscar/act.php?id=BOE-A-2008-4478&p=20220727&tn=1
comunitat-valenciana-castellon-palanques;Comunitat Valenciana;Castellon;Castellon;Palanques;municipio;si;si;no;;Municipio incluido en el anexo de zonas prioritarias.;https://www.boe.es/buscar/act.php?id=BOE-A-2008-4478&p=20220727&tn=1
comunitat-valenciana-castellon-pavias;Comunitat Valenciana;Castellon;Castellon;Pavías;municipio;si;si;no;;Municipio incluido en el anexo de zonas prioritarias.;https://www.boe.es/buscar/act.php?id=BOE-A-2008-4478&p=20220727&tn=1
comunitat-valenciana-castellon-peniscola-peniscola;Comunitat Valenciana;Castellon;Castellon;Peníscola/Peñíscola;municipio;si;si;no;;Municipio incluido en el anexo de zonas prioritarias.;https://www.boe.es/buscar/act.php?id=BOE-A-2008-4478&p=20220727&tn=1
comunitat-valenciana-castellon-pina-de-montalgrao;Comunitat Valenciana;Castellon;Castellon;Pina de Montalgrao;municipio;si;si;no;;Municipio incluido en el anexo de zonas prioritarias.;https://www.boe.es/buscar/act.php?id=BOE-A-2008-4478&p=20220727&tn=1
comunitat-valenciana-castellon-pobla-de-benifassa-la;Comunitat Valenciana;Castellon;Castellon;Pobla de Benifassà, la;municipio;si;si;no;;Municipio incluido en el anexo de zonas prioritarias.;https://www.boe.es/buscar/act.php?id=BOE-A-2008-4478&p=20220727&tn=1
comunitat-valenciana-castellon-pobla-tornesa-la;Comunitat Valenciana;Castellon;Castellon;Pobla Tornesa, la;municipio;si;si;no;;Municipio incluido en el anexo de zonas prioritarias.;https://www.boe.es/buscar/act.php?id=BOE-A-2008-4478&p=20220727&tn=1
comunitat-valenciana-castellon-portell-de-morella;Comunitat Valenciana;Castellon;Castellon;Portell de Morella;municipio;si;si;no;;Municipio incluido en el anexo de zonas prioritarias.;https://www.boe.es/buscar/act.php?id=BOE-A-2008-4478&p=20220727&tn=1
comunitat-valenciana-castellon-puebla-de-arenoso;Comunitat Valenciana;Castellon;Castellon;Puebla de Arenoso;municipio;si;si;no;;Municipio incluido en el anexo de zonas prioritarias.;https://www.boe.es/buscar/act.php?id=BOE-A-2008-4478&p=20220727&tn=1
comunitat-valenciana-castellon-ribesalbes;Comunitat Valenciana;Castellon;Castellon;Ribesalbes;municipio;si;si;no;;Municipio incluido en el anexo de zonas prioritarias.;https://www.boe.es/buscar/act.php?id=BOE-A-2008-4478&p=20220727&tn=1
comunitat-valenciana-castellon-rossell;Comunitat Valenciana;Castellon;Castellon;Rossell;municipio;si;si;no;;Municipio incluido en el anexo de zonas prioritarias.;https://www.boe.es/buscar/act.php?id=BOE-A-2008-4478&p=20220727&tn=1
comunitat-valenciana-castellon-sacanet;Comunitat Valenciana;Castellon;Castellon;Sacañet;municipio;si;si;no;;Municipio incluido en el anexo de zonas prioritarias.;https://www.boe.es/buscar/act.php?id=BOE-A-2008-4478&p=20220727&tn=1
comunitat-valenciana-castellon-salzadella-la;Comunitat Valenciana;Castellon;Castellon;Salzadella, la;municipio;si;si;no;;Municipio incluido en el anexo de zonas prioritarias.;https://www.boe.es/buscar/act.php?id=BOE-A-2008-4478&p=20220727&tn=1
comunitat-valenciana-castellon-san-rafael-del-rio;Comunitat Valenciana;Castellon;Castellon;San Rafael del Río;municipio;si;si;no;;Municipio incluido en el anexo de zonas prioritarias.;https://www.boe.es/buscar/act.php?id=BOE-A-2008-4478&p=20220727&tn=1
comunitat-valenciana-castellon-sant-joan-de-moro;Comunitat Valenciana;Castellon;Castellon;Sant Joan de Moró;municipio;si;si;no;;Municipio incluido en el anexo de zonas prioritarias.;https://www.boe.es/buscar/act.php?id=BOE-A-2008-4478&p=20220727&tn=1
comunitat-valenciana-castellon-sant-jordi-san-jorge;Comunitat Valenciana;Castellon;Castellon;Sant Jordi/San Jorge;municipio;si;si;no;;Municipio incluido en el anexo de zonas prioritarias.;https://www.boe.es/buscar/act.php?id=BOE-A-2008-4478&p=20220727&tn=1
comunitat-valenciana-castellon-sant-mateu;Comunitat Valenciana;Castellon;Castellon;Sant Mateu;municipio;si;si;no;;Municipio incluido en el anexo de zonas prioritarias.;https://www.boe.es/buscar/act.php?id=BOE-A-2008-4478&p=20220727&tn=1
comunitat-valenciana-castellon-santa-magdalena-de-pulpis;Comunitat Valenciana;Castellon;Castellon;Santa Magdalena de Pulpis;municipio;si;si;no;;Municipio incluido en el anexo de zonas prioritarias.;https://www.boe.es/buscar/act.php?id=BOE-A-2008-4478&p=20220727&tn=1
comunitat-valenciana-castellon-segorbe;Comunitat Valenciana;Castellon;Castellon;Segorbe;municipio;si;si;no;;Municipio incluido en el anexo de zonas prioritarias.;https://www.boe.es/buscar/act.php?id=BOE-A-2008-4478&p=20220727&tn=1
comunitat-valenciana-castellon-serratella-la;Comunitat Valenciana;Castellon;Castellon;Serratella, la;municipio;si;si;no;;Municipio incluido en el anexo de zonas prioritarias.;https://www.boe.es/buscar/act.php?id=BOE-A-2008-4478&p=20220727&tn=1
comunitat-valenciana-castellon-sierra-engarceran;Comunitat Valenciana;Castellon;Castellon;Sierra Engarcerán;municipio;si;si;no;;Municipio incluido en el anexo de zonas prioritarias.;https://www.boe.es/buscar/act.php?id=BOE-A-2008-4478&p=20220727&tn=1
comunitat-valenciana-castellon-soneja;Comunitat Valenciana;Castellon;Castellon;Soneja;municipio;si;si;no;;Municipio incluido en el anexo de zonas prioritarias.;https://www.boe.es/buscar/act.php?id=BOE-A-2008-4478&p=20220727&tn=1
comunitat-valenciana-castellon-sot-de-ferrer;Comunitat Valenciana;Castellon;Castellon;Sot de Ferrer;municipio;si;si;no;;Municipio incluido en el anexo de zonas prioritarias.;https://www.boe.es/buscar/act.php?id=BOE-A-2008-4478&p=20220727&tn=1
comunitat-valenciana-castellon-suera-sueras;Comunitat Valenciana;Castellon;Castellon;Suera/Sueras;municipio;si;si;no;;Municipio incluido en el anexo de zonas prioritarias.;https://www.boe.es/buscar/act.php?id=BOE-A-2008-4478&p=20220727&tn=1
comunitat-valenciana-castellon-tales;Comunitat Valenciana;Castellon;Castellon;Tales;municipio;si;si;no;;Municipio incluido en el anexo de zonas prioritarias.;https://www.boe.es/buscar/act.php?id=BOE-A-2008-4478&p=20220727&tn=1
comunitat-valenciana-castellon-teresa;Comunitat Valenciana;Castellon;Castellon;Teresa;municipio;si;si;no;;Municipio incluido en el anexo de zonas prioritarias.;https://www.boe.es/buscar/act.php?id=BOE-A-2008-4478&p=20220727&tn=1
comunitat-valenciana-castellon-tirig;Comunitat Valenciana;Castellon;Castellon;Tírig;municipio;si;si;no;;Municipio incluido en el anexo de zonas prioritarias.;https://www.boe.es/buscar/act.php?id=BOE-A-2008-4478&p=20220727&tn=1
comunitat-valenciana-castellon-todolella;Comunitat Valenciana;Castellon;Castellon;Todolella;municipio;si;si;no;;Municipio incluido en el anexo de zonas prioritarias.;https://www.boe.es/buscar/act.php?id=BOE-A-2008-4478&p=20220727&tn=1
comunitat-valenciana-castellon-toga;Comunitat Valenciana;Castellon;Castellon;Toga;municipio;si;si;no;;Municipio incluido en el anexo de zonas prioritarias.;https://www.boe.es/buscar/act.php?id=BOE-A-2008-4478&p=20220727&tn=1
comunitat-valenciana-castellon-toras;Comunitat Valenciana;Castellon;Castellon;Torás;municipio;si;si;no;;Municipio incluido en el anexo de zonas prioritarias.;https://www.boe.es/buscar/act.php?id=BOE-A-2008-4478&p=20220727&tn=1
comunitat-valenciana-castellon-toro-el;Comunitat Valenciana;Castellon;Castellon;Toro, El;municipio;si;si;no;;Municipio incluido en el anexo de zonas prioritarias.;https://www.boe.es/buscar/act.php?id=BOE-A-2008-4478&p=20220727&tn=1
comunitat-valenciana-castellon-torralba-del-pinar;Comunitat Valenciana;Castellon;Castellon;Torralba del Pinar;municipio;si;si;no;;Municipio incluido en el anexo de zonas prioritarias.;https://www.boe.es/buscar/act.php?id=BOE-A-2008-4478&p=20220727&tn=1
comunitat-valenciana-castellon-torre-d-en-besora-la;Comunitat Valenciana;Castellon;Castellon;Torre d'En Besora, la;municipio;si;si;no;;Municipio incluido en el anexo de zonas prioritarias.;https://www.boe.es/buscar/act.php?id=BOE-A-2008-4478&p=20220727&tn=1
comunitat-valenciana-castellon-torre-d-en-domenec-la;Comunitat Valenciana;Castellon;Castellon;Torre d'en Doménec, la;municipio;si;si;no;;Municipio incluido en el anexo de zonas prioritarias.;https://www.boe.es/buscar/act.php?id=BOE-A-2008-4478&p=20220727&tn=1
comunitat-valenciana-castellon-torreblanca;Comunitat Valenciana;Castellon;Castellon;Torreblanca;municipio;si;si;no;;Municipio incluido en el anexo de zonas prioritarias.;https://www.boe.es/buscar/act.php?id=BOE-A-2008-4478&p=20220727&tn=1
comunitat-valenciana-castellon-torrechiva;Comunitat Valenciana;Castellon;Castellon;Torrechiva;municipio;si;si;no;;Municipio incluido en el anexo de zonas prioritarias.;https://www.boe.es/buscar/act.php?id=BOE-A-2008-4478&p=20220727&tn=1
comunitat-valenciana-castellon-traiguera;Comunitat Valenciana;Castellon;Castellon;Traiguera;municipio;si;si;no;;Municipio incluido en el anexo de zonas prioritarias.;https://www.boe.es/buscar/act.php?id=BOE-A-2008-4478&p=20220727&tn=1
comunitat-valenciana-castellon-useres-les-useras;Comunitat Valenciana;Castellon;Castellon;Useres, les/Useras;municipio;si;si;no;;Municipio incluido en el anexo de zonas prioritarias.;https://www.boe.es/buscar/act.php?id=BOE-A-2008-4478&p=20220727&tn=1
comunitat-valenciana-castellon-vall-d-alba;Comunitat Valenciana;Castellon;Castellon;Vall d'Alba;municipio;si;si;no;;Municipio incluido en el anexo de zonas prioritarias.;https://www.boe.es/buscar/act.php?id=BOE-A-2008-4478&p=20220727&tn=1
comunitat-valenciana-castellon-vall-d-uixo-la;Comunitat Valenciana;Castellon;Castellon;Vall d'Uixó, la;municipio;si;si;no;;Municipio incluido en el anexo de zonas prioritarias.;https://www.boe.es/buscar/act.php?id=BOE-A-2008-4478&p=20220727&tn=1
comunitat-valenciana-castellon-vall-de-almonacid;Comunitat Valenciana;Castellon;Castellon;Vall de Almonacid;municipio;si;si;no;;Municipio incluido en el anexo de zonas prioritarias.;https://www.boe.es/buscar/act.php?id=BOE-A-2008-4478&p=20220727&tn=1
comunitat-valenciana-castellon-vallat;Comunitat Valenciana;Castellon;Castellon;Vallat;municipio;si;si;no;;Municipio incluido en el anexo de zonas prioritarias.;https://www.boe.es/buscar/act.php?id=BOE-A-2008-4478&p=20220727&tn=1
comunitat-valenciana-castellon-vallibona;Comunitat Valenciana;Castellon;Castellon;Vallibona;municipio;si;si;no;;Municipio incluido en el anexo de zonas prioritarias.;https://www.boe.es/buscar/act.php?id=BOE-A-2008-4478&p=20220727&tn=1
comunitat-valenciana-castellon-vilafames;Comunitat Valenciana;Castellon;Castellon;Vilafamés;municipio;si;si;no;;Municipio incluido en el anexo de zonas prioritarias.;https://www.boe.es/buscar/act.php?id=BOE-A-2008-4478&p=20220727&tn=1
comunitat-valenciana-castellon-vilafranca-villafranca-del-cid;Comunitat Valenciana;Castellon;Castellon;Vilafranca/Villafranca del Cid;municipio;si;si;no;;Municipio incluido en el anexo de zonas prioritarias.;https://www.boe.es/buscar/act.php?id=BOE-A-2008-4478&p=20220727&tn=1
comunitat-valenciana-castellon-vilanova-d-alcolea;Comunitat Valenciana;Castellon;Castellon;Vilanova d'Alcolea;municipio;si;si;no;;Municipio incluido en el anexo de zonas prioritarias.;https://www.boe.es/buscar/act.php?id=BOE-A-2008-4478&p=20220727&tn=1
comunitat-valenciana-castellon-vilar-de-canes;Comunitat Valenciana;Castellon;Castellon;Vilar de Canes;municipio;si;si;no;;Municipio incluido en el anexo de zonas prioritarias.;https://www.boe.es/buscar/act.php?id=BOE-A-2008-4478&p=20220727&tn=1
comunitat-valenciana-castellon-vilavella-la;Comunitat Valenciana;Castellon;Castellon;Vilavella, la;municipio;si;si;no;;Municipio incluido en el anexo de zonas prioritarias.;https://www.boe.es/buscar/act.php?id=BOE-A-2008-4478&p=20220727&tn=1
comunitat-valenciana-castellon-villahermosa-del-rio;Comunitat Valenciana;Castellon;Castellon;Villahermosa del Río;municipio;si;si;no;;Municipio incluido en el anexo de zonas prioritarias.;https://www.boe.es/buscar/act.php?id=BOE-A-2008-4478&p=20220727&tn=1
comunitat-valenciana-castellon-villamalur;Comunitat Valenciana;Castellon;Castellon;Villamalur;municipio;si;si;no;;Municipio incluido en el anexo de zonas prioritarias.;https://www.boe.es/buscar/act.php?id=BOE-A-2008-4478&p=20220727&tn=1
comunitat-valenciana-castellon-villanueva-de-viver;Comunitat Valenciana;Castellon;Castellon;Villanueva de Viver;municipio;si;si;no;;Municipio incluido en el anexo de zonas prioritarias.;https://www.boe.es/buscar/act.php?id=BOE-A-2008-4478&p=20220727&tn=1
comunitat-valenciana-castellon-villores;Comunitat Valenciana;Castellon;Castellon;Villores;municipio;si;si;no;;Municipio incluido en el anexo de zonas prioritarias.;https://www.boe.es/buscar/act.php?id=BOE-A-2008-4478&p=20220727&tn=1
comunitat-valenciana-castellon-vistabella-del-maestrat;Comunitat Valenciana;Castellon;Castellon;Vistabella del Maestrat;municipio;si;si;no;;Municipio incluido en el anexo de zonas prioritarias.;https://www.boe.es/buscar/act.php?id=BOE-A-2008-4478&p=20220727&tn=1
comunitat-valenciana-castellon-viver;Comunitat Valenciana;Castellon;Castellon;Viver;municipio;si;si;no;;Municipio incluido en el anexo de zonas prioritarias.;https://www.boe.es/buscar/act.php?id=BOE-A-2008-4478&p=20220727&tn=1
comunitat-valenciana-castellon-xert;Comunitat Valenciana;Castellon;Castellon;Xert;municipio;si;si;no;;Municipio incluido en el anexo de zonas prioritarias.;https://www.boe.es/buscar/act.php?id=BOE-A-2008-4478&p=20220727&tn=1
comunitat-valenciana-castellon-xodos-chodos;Comunitat Valenciana;Castellon;Castellon;Xodos/Chodos;municipio;si;si;no;;Municipio incluido en el anexo de zonas prioritarias.;https://www.boe.es/buscar/act.php?id=BOE-A-2008-4478&p=20220727&tn=1
comunitat-valenciana-castellon-zorita-del-maestrazgo;Comunitat Valenciana;Castellon;Castellon;Zorita del Maestrazgo;municipio;si;si;no;;Municipio incluido en el anexo de zonas prioritarias.;https://www.boe.es/buscar/act.php?id=BOE-A-2008-4478&p=20220727&tn=1
comunitat-valenciana-castellon-zucaina;Comunitat Valenciana;Castellon;Castellon;Zucaina;municipio;si;si;no;;Municipio incluido en el anexo de zonas prioritarias.;https://www.boe.es/buscar/act.php?id=BOE-A-2008-4478&p=20220727&tn=1
comunitat-valenciana-valencia-ademuz;Comunitat Valenciana;Valencia;Valencia;Ademuz;municipio;si;si;no;;Municipio incluido en el anexo de zonas prioritarias.;https://www.boe.es/buscar/act.php?id=BOE-A-2008-4478&p=20220727&tn=1
comunitat-valenciana-valencia-ador;Comunitat Valenciana;Valencia;Valencia;Ador;municipio;si;si;no;;Municipio incluido en el anexo de zonas prioritarias.;https://www.boe.es/buscar/act.php?id=BOE-A-2008-4478&p=20220727&tn=1
comunitat-valenciana-valencia-agullent;Comunitat Valenciana;Valencia;Valencia;Agullent;municipio;si;si;no;;Municipio incluido en el anexo de zonas prioritarias.;https://www.boe.es/buscar/act.php?id=BOE-A-2008-4478&p=20220727&tn=1
comunitat-valenciana-valencia-aielo-de-malferit;Comunitat Valenciana;Valencia;Valencia;Aielo de Malferit;municipio;si;si;no;;Municipio incluido en el anexo de zonas prioritarias.;https://www.boe.es/buscar/act.php?id=BOE-A-2008-4478&p=20220727&tn=1
comunitat-valenciana-valencia-aielo-de-rugat;Comunitat Valenciana;Valencia;Valencia;Aielo de Rugat;municipio;si;si;no;;Municipio incluido en el anexo de zonas prioritarias.;https://www.boe.es/buscar/act.php?id=BOE-A-2008-4478&p=20220727&tn=1
comunitat-valenciana-valencia-alaquas;Comunitat Valenciana;Valencia;Valencia;Alaquàs;municipio;si;si;no;;Municipio incluido en el anexo de zonas prioritarias.;https://www.boe.es/buscar/act.php?id=BOE-A-2008-4478&p=20220727&tn=1
comunitat-valenciana-valencia-albaida;Comunitat Valenciana;Valencia;Valencia;Albaida;municipio;si;si;no;;Municipio incluido en el anexo de zonas prioritarias.;https://www.boe.es/buscar/act.php?id=BOE-A-2008-4478&p=20220727&tn=1
comunitat-valenciana-valencia-albal;Comunitat Valenciana;Valencia;Valencia;Albal;municipio;si;si;no;;Municipio incluido en el anexo de zonas prioritarias.;https://www.boe.es/buscar/act.php?id=BOE-A-2008-4478&p=20220727&tn=1
comunitat-valenciana-valencia-albalat-de-la-ribera;Comunitat Valenciana;Valencia;Valencia;Albalat de la Ribera;municipio;si;si;no;;Municipio incluido en el anexo de zonas prioritarias.;https://www.boe.es/buscar/act.php?id=BOE-A-2008-4478&p=20220727&tn=1
comunitat-valenciana-valencia-albalat-dels-sorells;Comunitat Valenciana;Valencia;Valencia;Albalat dels Sorells;municipio;si;si;no;;Municipio incluido en el anexo de zonas prioritarias.;https://www.boe.es/buscar/act.php?id=BOE-A-2008-4478&p=20220727&tn=1
comunitat-valenciana-valencia-albalat-dels-tarongers;Comunitat Valenciana;Valencia;Valencia;Albalat dels Tarongers;municipio;si;si;no;;Municipio incluido en el anexo de zonas prioritarias.;https://www.boe.es/buscar/act.php?id=BOE-A-2008-4478&p=20220727&tn=1
comunitat-valenciana-valencia-alberic;Comunitat Valenciana;Valencia;Valencia;Alberic;municipio;si;si;no;;Municipio incluido en el anexo de zonas prioritarias.;https://www.boe.es/buscar/act.php?id=BOE-A-2008-4478&p=20220727&tn=1
comunitat-valenciana-valencia-alborache;Comunitat Valenciana;Valencia;Valencia;Alborache;municipio;si;si;no;;Municipio incluido en el anexo de zonas prioritarias.;https://www.boe.es/buscar/act.php?id=BOE-A-2008-4478&p=20220727&tn=1
comunitat-valenciana-valencia-alboraia-alboraya;Comunitat Valenciana;Valencia;Valencia;Alboraia/Alboraya;municipio;si;si;no;;Municipio incluido en el anexo de zonas prioritarias.;https://www.boe.es/buscar/act.php?id=BOE-A-2008-4478&p=20220727&tn=1
comunitat-valenciana-valencia-albuixech;Comunitat Valenciana;Valencia;Valencia;Albuixech;municipio;si;si;no;;Municipio incluido en el anexo de zonas prioritarias.;https://www.boe.es/buscar/act.php?id=BOE-A-2008-4478&p=20220727&tn=1
comunitat-valenciana-valencia-alcantera-de-xuquer;Comunitat Valenciana;Valencia;Valencia;Alcàntera de Xúquer;municipio;si;si;no;;Municipio incluido en el anexo de zonas prioritarias.;https://www.boe.es/buscar/act.php?id=BOE-A-2008-4478&p=20220727&tn=1
comunitat-valenciana-valencia-alcasser;Comunitat Valenciana;Valencia;Valencia;Alcàsser;municipio;si;si;no;;Municipio incluido en el anexo de zonas prioritarias.;https://www.boe.es/buscar/act.php?id=BOE-A-2008-4478&p=20220727&tn=1
comunitat-valenciana-valencia-alcublas;Comunitat Valenciana;Valencia;Valencia;Alcublas;municipio;si;si;no;;Municipio incluido en el anexo de zonas prioritarias.;https://www.boe.es/buscar/act.php?id=BOE-A-2008-4478&p=20220727&tn=1
comunitat-valenciana-valencia-alcudia-de-crespins-l;Comunitat Valenciana;Valencia;Valencia;Alcúdia de Crespins, l';municipio;si;si;no;;Municipio incluido en el anexo de zonas prioritarias.;https://www.boe.es/buscar/act.php?id=BOE-A-2008-4478&p=20220727&tn=1
comunitat-valenciana-valencia-alcudia-l;Comunitat Valenciana;Valencia;Valencia;Alcúdia, l';municipio;si;si;no;;Municipio incluido en el anexo de zonas prioritarias.;https://www.boe.es/buscar/act.php?id=BOE-A-2008-4478&p=20220727&tn=1
comunitat-valenciana-valencia-aldaia;Comunitat Valenciana;Valencia;Valencia;Aldaia;municipio;si;si;no;;Municipio incluido en el anexo de zonas prioritarias.;https://www.boe.es/buscar/act.php?id=BOE-A-2008-4478&p=20220727&tn=1
comunitat-valenciana-valencia-alfafar;Comunitat Valenciana;Valencia;Valencia;Alfafar;municipio;si;si;no;;Municipio incluido en el anexo de zonas prioritarias.;https://www.boe.es/buscar/act.php?id=BOE-A-2008-4478&p=20220727&tn=1
comunitat-valenciana-valencia-alfara-de-la-baronia;Comunitat Valenciana;Valencia;Valencia;Alfara de la Baronia;municipio;si;si;no;;Municipio incluido en el anexo de zonas prioritarias.;https://www.boe.es/buscar/act.php?id=BOE-A-2008-4478&p=20220727&tn=1
comunitat-valenciana-valencia-alfara-del-patriarca;Comunitat Valenciana;Valencia;Valencia;Alfara del Patriarca;municipio;si;si;no;;Municipio incluido en el anexo de zonas prioritarias.;https://www.boe.es/buscar/act.php?id=BOE-A-2008-4478&p=20220727&tn=1
comunitat-valenciana-valencia-alfarp;Comunitat Valenciana;Valencia;Valencia;Alfarp;municipio;si;si;no;;Municipio incluido en el anexo de zonas prioritarias.;https://www.boe.es/buscar/act.php?id=BOE-A-2008-4478&p=20220727&tn=1
comunitat-valenciana-valencia-alfarrasi;Comunitat Valenciana;Valencia;Valencia;Alfarrasí;municipio;si;si;no;;Municipio incluido en el anexo de zonas prioritarias.;https://www.boe.es/buscar/act.php?id=BOE-A-2008-4478&p=20220727&tn=1
comunitat-valenciana-valencia-alfauir;Comunitat Valenciana;Valencia;Valencia;Alfauir;municipio;si;si;no;;Municipio incluido en el anexo de zonas prioritarias.;https://www.boe.es/buscar/act.php?id=BOE-A-2008-4478&p=20220727&tn=1
comunitat-valenciana-valencia-algar-de-palancia;Comunitat Valenciana;Valencia;Valencia;Algar de Palancia;municipio;si;si;no;;Municipio incluido en el anexo de zonas prioritarias.;https://www.boe.es/buscar/act.php?id=BOE-A-2008-4478&p=20220727&tn=1
comunitat-valenciana-valencia-algemesi;Comunitat Valenciana;Valencia;Valencia;Algemesí;municipio;si;si;no;;Municipio incluido en el anexo de zonas prioritarias.;https://www.boe.es/buscar/act.php?id=BOE-A-2008-4478&p=20220727&tn=1
comunitat-valenciana-valencia-algimia-d-alfara;Comunitat Valenciana;Valencia;Valencia;Algímia d'Alfara;municipio;si;si;no;;Municipio incluido en el anexo de zonas prioritarias.;https://www.boe.es/buscar/act.php?id=BOE-A-2008-4478&p=20220727&tn=1
comunitat-valenciana-valencia-alginet;Comunitat Valenciana;Valencia;Valencia;Alginet;municipio;si;si;no;;Municipio incluido en el anexo de zonas prioritarias.;https://www.boe.es/buscar/act.php?id=BOE-A-2008-4478&p=20220727&tn=1
comunitat-valenciana-valencia-almassera;Comunitat Valenciana;Valencia;Valencia;Almàssera;municipio;si;si;no;;Municipio incluido en el anexo de zonas prioritarias.;https://www.boe.es/buscar/act.php?id=BOE-A-2008-4478&p=20220727&tn=1
comunitat-valenciana-valencia-almisera;Comunitat Valenciana;Valencia;Valencia;Almiserà;municipio;si;si;no;;Municipio incluido en el anexo de zonas prioritarias.;https://www.boe.es/buscar/act.php?id=BOE-A-2008-4478&p=20220727&tn=1
comunitat-valenciana-valencia-almoines;Comunitat Valenciana;Valencia;Valencia;Almoines;municipio;si;si;no;;Municipio incluido en el anexo de zonas prioritarias.;https://www.boe.es/buscar/act.php?id=BOE-A-2008-4478&p=20220727&tn=1
comunitat-valenciana-valencia-almussafes;Comunitat Valenciana;Valencia;Valencia;Almussafes;municipio;si;si;no;;Municipio incluido en el anexo de zonas prioritarias.;https://www.boe.es/buscar/act.php?id=BOE-A-2008-4478&p=20220727&tn=1
comunitat-valenciana-valencia-alpuente;Comunitat Valenciana;Valencia;Valencia;Alpuente;municipio;si;si;no;;Municipio incluido en el anexo de zonas prioritarias.;https://www.boe.es/buscar/act.php?id=BOE-A-2008-4478&p=20220727&tn=1
comunitat-valenciana-valencia-alqueria-de-la-comtessa-l;Comunitat Valenciana;Valencia;Valencia;Alqueria de la Comtessa, l';municipio;si;si;no;;Municipio incluido en el anexo de zonas prioritarias.;https://www.boe.es/buscar/act.php?id=BOE-A-2008-4478&p=20220727&tn=1
comunitat-valenciana-valencia-alzira;Comunitat Valenciana;Valencia;Valencia;Alzira;municipio;si;si;no;;Municipio incluido en el anexo de zonas prioritarias.;https://www.boe.es/buscar/act.php?id=BOE-A-2008-4478&p=20220727&tn=1
comunitat-valenciana-valencia-andilla;Comunitat Valenciana;Valencia;Valencia;Andilla;municipio;si;si;no;;Municipio incluido en el anexo de zonas prioritarias.;https://www.boe.es/buscar/act.php?id=BOE-A-2008-4478&p=20220727&tn=1
comunitat-valenciana-valencia-anna;Comunitat Valenciana;Valencia;Valencia;Anna;municipio;si;si;no;;Municipio incluido en el anexo de zonas prioritarias.;https://www.boe.es/buscar/act.php?id=BOE-A-2008-4478&p=20220727&tn=1
comunitat-valenciana-valencia-antella;Comunitat Valenciana;Valencia;Valencia;Antella;municipio;si;si;no;;Municipio incluido en el anexo de zonas prioritarias.;https://www.boe.es/buscar/act.php?id=BOE-A-2008-4478&p=20220727&tn=1
comunitat-valenciana-valencia-aras-de-los-olmos;Comunitat Valenciana;Valencia;Valencia;Aras de los Olmos;municipio;si;si;no;;Municipio incluido en el anexo de zonas prioritarias.;https://www.boe.es/buscar/act.php?id=BOE-A-2008-4478&p=20220727&tn=1
comunitat-valenciana-valencia-atzeneta-d-albaida;Comunitat Valenciana;Valencia;Valencia;Atzeneta d'Albaida;municipio;si;si;no;;Municipio incluido en el anexo de zonas prioritarias.;https://www.boe.es/buscar/act.php?id=BOE-A-2008-4478&p=20220727&tn=1
comunitat-valenciana-valencia-ayora;Comunitat Valenciana;Valencia;Valencia;Ayora;municipio;si;si;no;;Municipio incluido en el anexo de zonas prioritarias.;https://www.boe.es/buscar/act.php?id=BOE-A-2008-4478&p=20220727&tn=1
comunitat-valenciana-valencia-barx;Comunitat Valenciana;Valencia;Valencia;Barx;municipio;si;si;no;;Municipio incluido en el anexo de zonas prioritarias.;https://www.boe.es/buscar/act.php?id=BOE-A-2008-4478&p=20220727&tn=1
comunitat-valenciana-valencia-barxeta;Comunitat Valenciana;Valencia;Valencia;Barxeta;municipio;si;si;no;;Municipio incluido en el anexo de zonas prioritarias.;https://www.boe.es/buscar/act.php?id=BOE-A-2008-4478&p=20220727&tn=1
comunitat-valenciana-valencia-belgida;Comunitat Valenciana;Valencia;Valencia;Bèlgida;municipio;si;si;no;;Municipio incluido en el anexo de zonas prioritarias.;https://www.boe.es/buscar/act.php?id=BOE-A-2008-4478&p=20220727&tn=1
comunitat-valenciana-valencia-bellreguard;Comunitat Valenciana;Valencia;Valencia;Bellreguard;municipio;si;si;no;;Municipio incluido en el anexo de zonas prioritarias.;https://www.boe.es/buscar/act.php?id=BOE-A-2008-4478&p=20220727&tn=1
comunitat-valenciana-valencia-bellus;Comunitat Valenciana;Valencia;Valencia;Bellús;municipio;si;si;no;;Municipio incluido en el anexo de zonas prioritarias.;https://www.boe.es/buscar/act.php?id=BOE-A-2008-4478&p=20220727&tn=1
comunitat-valenciana-valencia-benageber;Comunitat Valenciana;Valencia;Valencia;Benagéber;municipio;si;si;no;;Municipio incluido en el anexo de zonas prioritarias.;https://www.boe.es/buscar/act.php?id=BOE-A-2008-4478&p=20220727&tn=1
comunitat-valenciana-valencia-benaguasil;Comunitat Valenciana;Valencia;Valencia;Benaguasil;municipio;si;si;no;;Municipio incluido en el anexo de zonas prioritarias.;https://www.boe.es/buscar/act.php?id=BOE-A-2008-4478&p=20220727&tn=1
comunitat-valenciana-valencia-benavites;Comunitat Valenciana;Valencia;Valencia;Benavites;municipio;si;si;no;;Municipio incluido en el anexo de zonas prioritarias.;https://www.boe.es/buscar/act.php?id=BOE-A-2008-4478&p=20220727&tn=1
comunitat-valenciana-valencia-beneixida;Comunitat Valenciana;Valencia;Valencia;Beneixida;municipio;si;si;no;;Municipio incluido en el anexo de zonas prioritarias.;https://www.boe.es/buscar/act.php?id=BOE-A-2008-4478&p=20220727&tn=1
comunitat-valenciana-valencia-benetusser;Comunitat Valenciana;Valencia;Valencia;Benetússer;municipio;si;si;no;;Municipio incluido en el anexo de zonas prioritarias.;https://www.boe.es/buscar/act.php?id=BOE-A-2008-4478&p=20220727&tn=1
comunitat-valenciana-valencia-beniarjo;Comunitat Valenciana;Valencia;Valencia;Beniarjó;municipio;si;si;no;;Municipio incluido en el anexo de zonas prioritarias.;https://www.boe.es/buscar/act.php?id=BOE-A-2008-4478&p=20220727&tn=1
comunitat-valenciana-valencia-beniatjar;Comunitat Valenciana;Valencia;Valencia;Beniatjar;municipio;si;si;no;;Municipio incluido en el anexo de zonas prioritarias.;https://www.boe.es/buscar/act.php?id=BOE-A-2008-4478&p=20220727&tn=1
comunitat-valenciana-valencia-benicolet;Comunitat Valenciana;Valencia;Valencia;Benicolet;municipio;si;si;no;;Municipio incluido en el anexo de zonas prioritarias.;https://www.boe.es/buscar/act.php?id=BOE-A-2008-4478&p=20220727&tn=1
comunitat-valenciana-valencia-benicull-de-xuquer;Comunitat Valenciana;Valencia;Valencia;Benicull de Xúquer;municipio;si;si;no;;Municipio incluido en el anexo de zonas prioritarias.;https://www.boe.es/buscar/act.php?id=BOE-A-2008-4478&p=20220727&tn=1
comunitat-valenciana-valencia-benifaio;Comunitat Valenciana;Valencia;Valencia;Benifaió;municipio;si;si;no;;Municipio incluido en el anexo de zonas prioritarias.;https://www.boe.es/buscar/act.php?id=BOE-A-2008-4478&p=20220727&tn=1
comunitat-valenciana-valencia-benifairo-de-la-valldigna;Comunitat Valenciana;Valencia;Valencia;Benifairó de la Valldigna;municipio;si;si;no;;Municipio incluido en el anexo de zonas prioritarias.;https://www.boe.es/buscar/act.php?id=BOE-A-2008-4478&p=20220727&tn=1
comunitat-valenciana-valencia-benifairo-de-les-valls;Comunitat Valenciana;Valencia;Valencia;Benifairó de les Valls;municipio;si;si;no;;Municipio incluido en el anexo de zonas prioritarias.;https://www.boe.es/buscar/act.php?id=BOE-A-2008-4478&p=20220727&tn=1
comunitat-valenciana-valencia-benifla;Comunitat Valenciana;Valencia;Valencia;Beniflá;municipio;si;si;no;;Municipio incluido en el anexo de zonas prioritarias.;https://www.boe.es/buscar/act.php?id=BOE-A-2008-4478&p=20220727&tn=1
comunitat-valenciana-valencia-beniganim;Comunitat Valenciana;Valencia;Valencia;Benigànim;municipio;si;si;no;;Municipio incluido en el anexo de zonas prioritarias.;https://www.boe.es/buscar/act.php?id=BOE-A-2008-4478&p=20220727&tn=1
comunitat-valenciana-valencia-benimodo;Comunitat Valenciana;Valencia;Valencia;Benimodo;municipio;si;si;no;;Municipio incluido en el anexo de zonas prioritarias.;https://www.boe.es/buscar/act.php?id=BOE-A-2008-4478&p=20220727&tn=1
comunitat-valenciana-valencia-benimuslem;Comunitat Valenciana;Valencia;Valencia;Benimuslem;municipio;si;si;no;;Municipio incluido en el anexo de zonas prioritarias.;https://www.boe.es/buscar/act.php?id=BOE-A-2008-4478&p=20220727&tn=1
comunitat-valenciana-valencia-beniparrell;Comunitat Valenciana;Valencia;Valencia;Beniparrell;municipio;si;si;no;;Municipio incluido en el anexo de zonas prioritarias.;https://www.boe.es/buscar/act.php?id=BOE-A-2008-4478&p=20220727&tn=1
comunitat-valenciana-valencia-benirredra;Comunitat Valenciana;Valencia;Valencia;Benirredrà;municipio;si;si;no;;Municipio incluido en el anexo de zonas prioritarias.;https://www.boe.es/buscar/act.php?id=BOE-A-2008-4478&p=20220727&tn=1
comunitat-valenciana-valencia-benissano;Comunitat Valenciana;Valencia;Valencia;Benissanó;municipio;si;si;no;;Municipio incluido en el anexo de zonas prioritarias.;https://www.boe.es/buscar/act.php?id=BOE-A-2008-4478&p=20220727&tn=1
comunitat-valenciana-valencia-benissoda;Comunitat Valenciana;Valencia;Valencia;Benissoda;municipio;si;si;no;;Municipio incluido en el anexo de zonas prioritarias.;https://www.boe.es/buscar/act.php?id=BOE-A-2008-4478&p=20220727&tn=1
comunitat-valenciana-valencia-benissuera;Comunitat Valenciana;Valencia;Valencia;Benissuera;municipio;si;si;no;;Municipio incluido en el anexo de zonas prioritarias.;https://www.boe.es/buscar/act.php?id=BOE-A-2008-4478&p=20220727&tn=1
comunitat-valenciana-valencia-betera;Comunitat Valenciana;Valencia;Valencia;Bétera;municipio;si;si;no;;Municipio incluido en el anexo de zonas prioritarias.;https://www.boe.es/buscar/act.php?id=BOE-A-2008-4478&p=20220727&tn=1
comunitat-valenciana-valencia-bicorp;Comunitat Valenciana;Valencia;Valencia;Bicorp;municipio;si;si;no;;Municipio incluido en el anexo de zonas prioritarias.;https://www.boe.es/buscar/act.php?id=BOE-A-2008-4478&p=20220727&tn=1
comunitat-valenciana-valencia-bocairent;Comunitat Valenciana;Valencia;Valencia;Bocairent;municipio;si;si;no;;Municipio incluido en el anexo de zonas prioritarias.;https://www.boe.es/buscar/act.php?id=BOE-A-2008-4478&p=20220727&tn=1
comunitat-valenciana-valencia-bolbaite;Comunitat Valenciana;Valencia;Valencia;Bolbaite;municipio;si;si;no;;Municipio incluido en el anexo de zonas prioritarias.;https://www.boe.es/buscar/act.php?id=BOE-A-2008-4478&p=20220727&tn=1
comunitat-valenciana-valencia-bonrepos-i-mirambell;Comunitat Valenciana;Valencia;Valencia;Bonrepòs i Mirambell;municipio;si;si;no;;Municipio incluido en el anexo de zonas prioritarias.;https://www.boe.es/buscar/act.php?id=BOE-A-2008-4478&p=20220727&tn=1
comunitat-valenciana-valencia-bufali;Comunitat Valenciana;Valencia;Valencia;Bufali;municipio;si;si;no;;Municipio incluido en el anexo de zonas prioritarias.;https://www.boe.es/buscar/act.php?id=BOE-A-2008-4478&p=20220727&tn=1
comunitat-valenciana-valencia-bugarra;Comunitat Valenciana;Valencia;Valencia;Bugarra;municipio;si;si;no;;Municipio incluido en el anexo de zonas prioritarias.;https://www.boe.es/buscar/act.php?id=BOE-A-2008-4478&p=20220727&tn=1
comunitat-valenciana-valencia-bunol;Comunitat Valenciana;Valencia;Valencia;Buñol;municipio;si;si;no;;Municipio incluido en el anexo de zonas prioritarias.;https://www.boe.es/buscar/act.php?id=BOE-A-2008-4478&p=20220727&tn=1
comunitat-valenciana-valencia-burjassot;Comunitat Valenciana;Valencia;Valencia;Burjassot;municipio;si;si;no;;Municipio incluido en el anexo de zonas prioritarias.;https://www.boe.es/buscar/act.php?id=BOE-A-2008-4478&p=20220727&tn=1
comunitat-valenciana-valencia-calles;Comunitat Valenciana;Valencia;Valencia;Calles;municipio;si;si;no;;Municipio incluido en el anexo de zonas prioritarias.;https://www.boe.es/buscar/act.php?id=BOE-A-2008-4478&p=20220727&tn=1
comunitat-valenciana-valencia-camporrobles;Comunitat Valenciana;Valencia;Valencia;Camporrobles;municipio;si;si;no;;Municipio incluido en el anexo de zonas prioritarias.;https://www.boe.es/buscar/act.php?id=BOE-A-2008-4478&p=20220727&tn=1
comunitat-valenciana-valencia-canals;Comunitat Valenciana;Valencia;Valencia;Canals;municipio;si;si;no;;Municipio incluido en el anexo de zonas prioritarias.;https://www.boe.es/buscar/act.php?id=BOE-A-2008-4478&p=20220727&tn=1
comunitat-valenciana-valencia-canet-d-en-berenguer;Comunitat Valenciana;Valencia;Valencia;Canet d'En Berenguer;municipio;si;si;no;;Municipio incluido en el anexo de zonas prioritarias.;https://www.boe.es/buscar/act.php?id=BOE-A-2008-4478&p=20220727&tn=1
comunitat-valenciana-valencia-carcaixent;Comunitat Valenciana;Valencia;Valencia;Carcaixent;municipio;si;si;no;;Municipio incluido en el anexo de zonas prioritarias.;https://www.boe.es/buscar/act.php?id=BOE-A-2008-4478&p=20220727&tn=1
comunitat-valenciana-valencia-carcer;Comunitat Valenciana;Valencia;Valencia;Càrcer;municipio;si;si;no;;Municipio incluido en el anexo de zonas prioritarias.;https://www.boe.es/buscar/act.php?id=BOE-A-2008-4478&p=20220727&tn=1
comunitat-valenciana-valencia-carlet;Comunitat Valenciana;Valencia;Valencia;Carlet;municipio;si;si;no;;Municipio incluido en el anexo de zonas prioritarias.;https://www.boe.es/buscar/act.php?id=BOE-A-2008-4478&p=20220727&tn=1
comunitat-valenciana-valencia-carricola;Comunitat Valenciana;Valencia;Valencia;Carrícola;municipio;si;si;no;;Municipio incluido en el anexo de zonas prioritarias.;https://www.boe.es/buscar/act.php?id=BOE-A-2008-4478&p=20220727&tn=1
comunitat-valenciana-valencia-casas-altas;Comunitat Valenciana;Valencia;Valencia;Casas Altas;municipio;si;si;no;;Municipio incluido en el anexo de zonas prioritarias.;https://www.boe.es/buscar/act.php?id=BOE-A-2008-4478&p=20220727&tn=1
comunitat-valenciana-valencia-casas-bajas;Comunitat Valenciana;Valencia;Valencia;Casas Bajas;municipio;si;si;no;;Municipio incluido en el anexo de zonas prioritarias.;https://www.boe.es/buscar/act.php?id=BOE-A-2008-4478&p=20220727&tn=1
comunitat-valenciana-valencia-casinos;Comunitat Valenciana;Valencia;Valencia;Casinos;municipio;si;si;no;;Municipio incluido en el anexo de zonas prioritarias.;https://www.boe.es/buscar/act.php?id=BOE-A-2008-4478&p=20220727&tn=1
comunitat-valenciana-valencia-castello;Comunitat Valenciana;Valencia;Valencia;Castelló;municipio;si;si;no;;Municipio incluido en el anexo de zonas prioritarias.;https://www.boe.es/buscar/act.php?id=BOE-A-2008-4478&p=20220727&tn=1
comunitat-valenciana-valencia-castello-de-rugat;Comunitat Valenciana;Valencia;Valencia;Castelló de Rugat;municipio;si;si;no;;Municipio incluido en el anexo de zonas prioritarias.;https://www.boe.es/buscar/act.php?id=BOE-A-2008-4478&p=20220727&tn=1
comunitat-valenciana-valencia-castellonet-de-la-conquesta;Comunitat Valenciana;Valencia;Valencia;Castellonet de la Conquesta;municipio;si;si;no;;Municipio incluido en el anexo de zonas prioritarias.;https://www.boe.es/buscar/act.php?id=BOE-A-2008-4478&p=20220727&tn=1
comunitat-valenciana-valencia-castielfabib;Comunitat Valenciana;Valencia;Valencia;Castielfabib;municipio;si;si;no;;Municipio incluido en el anexo de zonas prioritarias.;https://www.boe.es/buscar/act.php?id=BOE-A-2008-4478&p=20220727&tn=1
comunitat-valenciana-valencia-catadau;Comunitat Valenciana;Valencia;Valencia;Catadau;municipio;si;si;no;;Municipio incluido en el anexo de zonas prioritarias.;https://www.boe.es/buscar/act.php?id=BOE-A-2008-4478&p=20220727&tn=1
comunitat-valenciana-valencia-catarroja;Comunitat Valenciana;Valencia;Valencia;Catarroja;municipio;si;si;no;;Municipio incluido en el anexo de zonas prioritarias.;https://www.boe.es/buscar/act.php?id=BOE-A-2008-4478&p=20220727&tn=1
comunitat-valenciana-valencia-caudete-de-las-fuentes;Comunitat Valenciana;Valencia;Valencia;Caudete de las Fuentes;municipio;si;si;no;;Municipio incluido en el anexo de zonas prioritarias.;https://www.boe.es/buscar/act.php?id=BOE-A-2008-4478&p=20220727&tn=1
comunitat-valenciana-valencia-cerda;Comunitat Valenciana;Valencia;Valencia;Cerdà;municipio;si;si;no;;Municipio incluido en el anexo de zonas prioritarias.;https://www.boe.es/buscar/act.php?id=BOE-A-2008-4478&p=20220727&tn=1
comunitat-valenciana-valencia-chella;Comunitat Valenciana;Valencia;Valencia;Chella;municipio;si;si;no;;Municipio incluido en el anexo de zonas prioritarias.;https://www.boe.es/buscar/act.php?id=BOE-A-2008-4478&p=20220727&tn=1
comunitat-valenciana-valencia-chelva;Comunitat Valenciana;Valencia;Valencia;Chelva;municipio;si;si;no;;Municipio incluido en el anexo de zonas prioritarias.;https://www.boe.es/buscar/act.php?id=BOE-A-2008-4478&p=20220727&tn=1
comunitat-valenciana-valencia-chera;Comunitat Valenciana;Valencia;Valencia;Chera;municipio;si;si;no;;Municipio incluido en el anexo de zonas prioritarias.;https://www.boe.es/buscar/act.php?id=BOE-A-2008-4478&p=20220727&tn=1
comunitat-valenciana-valencia-cheste;Comunitat Valenciana;Valencia;Valencia;Cheste;municipio;si;si;no;;Municipio incluido en el anexo de zonas prioritarias.;https://www.boe.es/buscar/act.php?id=BOE-A-2008-4478&p=20220727&tn=1
comunitat-valenciana-valencia-chiva;Comunitat Valenciana;Valencia;Valencia;Chiva;municipio;si;si;no;;Municipio incluido en el anexo de zonas prioritarias.;https://www.boe.es/buscar/act.php?id=BOE-A-2008-4478&p=20220727&tn=1
comunitat-valenciana-valencia-chulilla;Comunitat Valenciana;Valencia;Valencia;Chulilla;municipio;si;si;no;;Municipio incluido en el anexo de zonas prioritarias.;https://www.boe.es/buscar/act.php?id=BOE-A-2008-4478&p=20220727&tn=1
comunitat-valenciana-valencia-cofrentes;Comunitat Valenciana;Valencia;Valencia;Cofrentes;municipio;si;si;no;;Municipio incluido en el anexo de zonas prioritarias.;https://www.boe.es/buscar/act.php?id=BOE-A-2008-4478&p=20220727&tn=1
comunitat-valenciana-valencia-corbera;Comunitat Valenciana;Valencia;Valencia;Corbera;municipio;si;si;no;;Municipio incluido en el anexo de zonas prioritarias.;https://www.boe.es/buscar/act.php?id=BOE-A-2008-4478&p=20220727&tn=1
comunitat-valenciana-valencia-cortes-de-pallas;Comunitat Valenciana;Valencia;Valencia;Cortes de Pallás;municipio;si;si;no;;Municipio incluido en el anexo de zonas prioritarias.;https://www.boe.es/buscar/act.php?id=BOE-A-2008-4478&p=20220727&tn=1
comunitat-valenciana-valencia-cotes;Comunitat Valenciana;Valencia;Valencia;Cotes;municipio;si;si;no;;Municipio incluido en el anexo de zonas prioritarias.;https://www.boe.es/buscar/act.php?id=BOE-A-2008-4478&p=20220727&tn=1
comunitat-valenciana-valencia-cullera;Comunitat Valenciana;Valencia;Valencia;Cullera;municipio;si;si;no;;Municipio incluido en el anexo de zonas prioritarias.;https://www.boe.es/buscar/act.php?id=BOE-A-2008-4478&p=20220727&tn=1
comunitat-valenciana-valencia-daimus;Comunitat Valenciana;Valencia;Valencia;Daimús;municipio;si;si;no;;Municipio incluido en el anexo de zonas prioritarias.;https://www.boe.es/buscar/act.php?id=BOE-A-2008-4478&p=20220727&tn=1
comunitat-valenciana-valencia-domeno;Comunitat Valenciana;Valencia;Valencia;Domeño;municipio;si;si;no;;Municipio incluido en el anexo de zonas prioritarias.;https://www.boe.es/buscar/act.php?id=BOE-A-2008-4478&p=20220727&tn=1
comunitat-valenciana-valencia-dos-aguas;Comunitat Valenciana;Valencia;Valencia;Dos Aguas;municipio;si;si;no;;Municipio incluido en el anexo de zonas prioritarias.;https://www.boe.es/buscar/act.php?id=BOE-A-2008-4478&p=20220727&tn=1
comunitat-valenciana-valencia-eliana-l;Comunitat Valenciana;Valencia;Valencia;Eliana, l';municipio;si;si;no;;Municipio incluido en el anexo de zonas prioritarias.;https://www.boe.es/buscar/act.php?id=BOE-A-2008-4478&p=20220727&tn=1
comunitat-valenciana-valencia-emperador;Comunitat Valenciana;Valencia;Valencia;Emperador;municipio;si;si;no;;Municipio incluido en el anexo de zonas prioritarias.;https://www.boe.es/buscar/act.php?id=BOE-A-2008-4478&p=20220727&tn=1
comunitat-valenciana-valencia-enguera;Comunitat Valenciana;Valencia;Valencia;Enguera;municipio;si;si;no;;Municipio incluido en el anexo de zonas prioritarias.;https://www.boe.es/buscar/act.php?id=BOE-A-2008-4478&p=20220727&tn=1
comunitat-valenciana-valencia-enova-l;Comunitat Valenciana;Valencia;Valencia;Ènova, l';municipio;si;si;no;;Municipio incluido en el anexo de zonas prioritarias.;https://www.boe.es/buscar/act.php?id=BOE-A-2008-4478&p=20220727&tn=1
comunitat-valenciana-valencia-estivella;Comunitat Valenciana;Valencia;Valencia;Estivella;municipio;si;si;no;;Municipio incluido en el anexo de zonas prioritarias.;https://www.boe.es/buscar/act.php?id=BOE-A-2008-4478&p=20220727&tn=1
comunitat-valenciana-valencia-estubeny;Comunitat Valenciana;Valencia;Valencia;Estubeny;municipio;si;si;no;;Municipio incluido en el anexo de zonas prioritarias.;https://www.boe.es/buscar/act.php?id=BOE-A-2008-4478&p=20220727&tn=1
comunitat-valenciana-valencia-faura;Comunitat Valenciana;Valencia;Valencia;Faura;municipio;si;si;no;;Municipio incluido en el anexo de zonas prioritarias.;https://www.boe.es/buscar/act.php?id=BOE-A-2008-4478&p=20220727&tn=1
comunitat-valenciana-valencia-favara;Comunitat Valenciana;Valencia;Valencia;Favara;municipio;si;si;no;;Municipio incluido en el anexo de zonas prioritarias.;https://www.boe.es/buscar/act.php?id=BOE-A-2008-4478&p=20220727&tn=1
comunitat-valenciana-valencia-foios;Comunitat Valenciana;Valencia;Valencia;Foios;municipio;si;si;no;;Municipio incluido en el anexo de zonas prioritarias.;https://www.boe.es/buscar/act.php?id=BOE-A-2008-4478&p=20220727&tn=1
comunitat-valenciana-valencia-font-d-en-carros-la;Comunitat Valenciana;Valencia;Valencia;Font d'En Carròs, la;municipio;si;si;no;;Municipio incluido en el anexo de zonas prioritarias.;https://www.boe.es/buscar/act.php?id=BOE-A-2008-4478&p=20220727&tn=1
comunitat-valenciana-valencia-font-de-la-figuera-la;Comunitat Valenciana;Valencia;Valencia;Font de la Figuera, la;municipio;si;si;no;;Municipio incluido en el anexo de zonas prioritarias.;https://www.boe.es/buscar/act.php?id=BOE-A-2008-4478&p=20220727&tn=1
comunitat-valenciana-valencia-fontanars-dels-alforins;Comunitat Valenciana;Valencia;Valencia;Fontanars dels Alforins;municipio;si;si;no;;Municipio incluido en el anexo de zonas prioritarias.;https://www.boe.es/buscar/act.php?id=BOE-A-2008-4478&p=20220727&tn=1
comunitat-valenciana-valencia-fortaleny;Comunitat Valenciana;Valencia;Valencia;Fortaleny;municipio;si;si;no;;Municipio incluido en el anexo de zonas prioritarias.;https://www.boe.es/buscar/act.php?id=BOE-A-2008-4478&p=20220727&tn=1
comunitat-valenciana-valencia-fuenterrobles;Comunitat Valenciana;Valencia;Valencia;Fuenterrobles;municipio;si;si;no;;Municipio incluido en el anexo de zonas prioritarias.;https://www.boe.es/buscar/act.php?id=BOE-A-2008-4478&p=20220727&tn=1
comunitat-valenciana-valencia-gandia;Comunitat Valenciana;Valencia;Valencia;Gandia;municipio;si;si;no;;Municipio incluido en el anexo de zonas prioritarias.;https://www.boe.es/buscar/act.php?id=BOE-A-2008-4478&p=20220727&tn=1
comunitat-valenciana-valencia-gatova;Comunitat Valenciana;Valencia;Valencia;Gátova;municipio;si;si;no;;Municipio incluido en el anexo de zonas prioritarias.;https://www.boe.es/buscar/act.php?id=BOE-A-2008-4478&p=20220727&tn=1
comunitat-valenciana-valencia-gavarda;Comunitat Valenciana;Valencia;Valencia;Gavarda;municipio;si;si;no;;Municipio incluido en el anexo de zonas prioritarias.;https://www.boe.es/buscar/act.php?id=BOE-A-2008-4478&p=20220727&tn=1
comunitat-valenciana-valencia-genoves-el;Comunitat Valenciana;Valencia;Valencia;Genovés, el;municipio;si;si;no;;Municipio incluido en el anexo de zonas prioritarias.;https://www.boe.es/buscar/act.php?id=BOE-A-2008-4478&p=20220727&tn=1
comunitat-valenciana-valencia-gestalgar;Comunitat Valenciana;Valencia;Valencia;Gestalgar;municipio;si;si;no;;Municipio incluido en el anexo de zonas prioritarias.;https://www.boe.es/buscar/act.php?id=BOE-A-2008-4478&p=20220727&tn=1
comunitat-valenciana-valencia-gilet;Comunitat Valenciana;Valencia;Valencia;Gilet;municipio;si;si;no;;Municipio incluido en el anexo de zonas prioritarias.;https://www.boe.es/buscar/act.php?id=BOE-A-2008-4478&p=20220727&tn=1
comunitat-valenciana-valencia-godella;Comunitat Valenciana;Valencia;Valencia;Godella;municipio;si;si;no;;Municipio incluido en el anexo de zonas prioritarias.;https://www.boe.es/buscar/act.php?id=BOE-A-2008-4478&p=20220727&tn=1
comunitat-valenciana-valencia-godelleta;Comunitat Valenciana;Valencia;Valencia;Godelleta;municipio;si;si;no;;Municipio incluido en el anexo de zonas prioritarias.;https://www.boe.es/buscar/act.php?id=BOE-A-2008-4478&p=20220727&tn=1
comunitat-valenciana-valencia-granja-de-la-costera-la;Comunitat Valenciana;Valencia;Valencia;Granja de la Costera, la;municipio;si;si;no;;Municipio incluido en el anexo de zonas prioritarias.;https://www.boe.es/buscar/act.php?id=BOE-A-2008-4478&p=20220727&tn=1
comunitat-valenciana-valencia-guadassequies;Comunitat Valenciana;Valencia;Valencia;Guadasséquies;municipio;si;si;no;;Municipio incluido en el anexo de zonas prioritarias.;https://www.boe.es/buscar/act.php?id=BOE-A-2008-4478&p=20220727&tn=1
comunitat-valenciana-valencia-guadassuar;Comunitat Valenciana;Valencia;Valencia;Guadassuar;municipio;si;si;no;;Municipio incluido en el anexo de zonas prioritarias.;https://www.boe.es/buscar/act.php?id=BOE-A-2008-4478&p=20220727&tn=1
comunitat-valenciana-valencia-guardamar-de-la-safor;Comunitat Valenciana;Valencia;Valencia;Guardamar de la Safor;municipio;si;si;no;;Municipio incluido en el anexo de zonas prioritarias.;https://www.boe.es/buscar/act.php?id=BOE-A-2008-4478&p=20220727&tn=1
comunitat-valenciana-valencia-higueruelas;Comunitat Valenciana;Valencia;Valencia;Higueruelas;municipio;si;si;no;;Municipio incluido en el anexo de zonas prioritarias.;https://www.boe.es/buscar/act.php?id=BOE-A-2008-4478&p=20220727&tn=1
comunitat-valenciana-valencia-jalance;Comunitat Valenciana;Valencia;Valencia;Jalance;municipio;si;si;no;;Municipio incluido en el anexo de zonas prioritarias.;https://www.boe.es/buscar/act.php?id=BOE-A-2008-4478&p=20220727&tn=1
comunitat-valenciana-valencia-jarafuel;Comunitat Valenciana;Valencia;Valencia;Jarafuel;municipio;si;si;no;;Municipio incluido en el anexo de zonas prioritarias.;https://www.boe.es/buscar/act.php?id=BOE-A-2008-4478&p=20220727&tn=1
comunitat-valenciana-valencia-llanera-de-ranes;Comunitat Valenciana;Valencia;Valencia;Llanera de Ranes;municipio;si;si;no;;Municipio incluido en el anexo de zonas prioritarias.;https://www.boe.es/buscar/act.php?id=BOE-A-2008-4478&p=20220727&tn=1
comunitat-valenciana-valencia-llauri;Comunitat Valenciana;Valencia;Valencia;Llaurí;municipio;si;si;no;;Municipio incluido en el anexo de zonas prioritarias.;https://www.boe.es/buscar/act.php?id=BOE-A-2008-4478&p=20220727&tn=1
comunitat-valenciana-valencia-lliria;Comunitat Valenciana;Valencia;Valencia;Llíria;municipio;si;si;no;;Municipio incluido en el anexo de zonas prioritarias.;https://www.boe.es/buscar/act.php?id=BOE-A-2008-4478&p=20220727&tn=1
comunitat-valenciana-valencia-llocnou-d-en-fenollet;Comunitat Valenciana;Valencia;Valencia;Llocnou d'En Fenollet;municipio;si;si;no;;Municipio incluido en el anexo de zonas prioritarias.;https://www.boe.es/buscar/act.php?id=BOE-A-2008-4478&p=20220727&tn=1
comunitat-valenciana-valencia-llocnou-de-la-corona;Comunitat Valenciana;Valencia;Valencia;Llocnou de la Corona;municipio;si;si;no;;Municipio incluido en el anexo de zonas prioritarias.;https://www.boe.es/buscar/act.php?id=BOE-A-2008-4478&p=20220727&tn=1
comunitat-valenciana-valencia-llocnou-de-sant-jeroni;Comunitat Valenciana;Valencia;Valencia;Llocnou de Sant Jeroni;municipio;si;si;no;;Municipio incluido en el anexo de zonas prioritarias.;https://www.boe.es/buscar/act.php?id=BOE-A-2008-4478&p=20220727&tn=1
comunitat-valenciana-valencia-llombai;Comunitat Valenciana;Valencia;Valencia;Llombai;municipio;si;si;no;;Municipio incluido en el anexo de zonas prioritarias.;https://www.boe.es/buscar/act.php?id=BOE-A-2008-4478&p=20220727&tn=1
comunitat-valenciana-valencia-llosa-de-ranes-la;Comunitat Valenciana;Valencia;Valencia;Llosa de Ranes, la;municipio;si;si;no;;Municipio incluido en el anexo de zonas prioritarias.;https://www.boe.es/buscar/act.php?id=BOE-A-2008-4478&p=20220727&tn=1
comunitat-valenciana-valencia-llutxent;Comunitat Valenciana;Valencia;Valencia;Llutxent;municipio;si;si;no;;Municipio incluido en el anexo de zonas prioritarias.;https://www.boe.es/buscar/act.php?id=BOE-A-2008-4478&p=20220727&tn=1
comunitat-valenciana-valencia-loriguilla;Comunitat Valenciana;Valencia;Valencia;Loriguilla;municipio;si;si;no;;Municipio incluido en el anexo de zonas prioritarias.;https://www.boe.es/buscar/act.php?id=BOE-A-2008-4478&p=20220727&tn=1
comunitat-valenciana-valencia-losa-del-obispo;Comunitat Valenciana;Valencia;Valencia;Losa del Obispo;municipio;si;si;no;;Municipio incluido en el anexo de zonas prioritarias.;https://www.boe.es/buscar/act.php?id=BOE-A-2008-4478&p=20220727&tn=1
comunitat-valenciana-valencia-macastre;Comunitat Valenciana;Valencia;Valencia;Macastre;municipio;si;si;no;;Municipio incluido en el anexo de zonas prioritarias.;https://www.boe.es/buscar/act.php?id=BOE-A-2008-4478&p=20220727&tn=1
comunitat-valenciana-valencia-manises;Comunitat Valenciana;Valencia;Valencia;Manises;municipio;si;si;no;;Municipio incluido en el anexo de zonas prioritarias.;https://www.boe.es/buscar/act.php?id=BOE-A-2008-4478&p=20220727&tn=1
comunitat-valenciana-valencia-manuel;Comunitat Valenciana;Valencia;Valencia;Manuel;municipio;si;si;no;;Municipio incluido en el anexo de zonas prioritarias.;https://www.boe.es/buscar/act.php?id=BOE-A-2008-4478&p=20220727&tn=1
comunitat-valenciana-valencia-marines;Comunitat Valenciana;Valencia;Valencia;Marines;municipio;si;si;no;;Municipio incluido en el anexo de zonas prioritarias.;https://www.boe.es/buscar/act.php?id=BOE-A-2008-4478&p=20220727&tn=1
comunitat-valenciana-valencia-massalaves;Comunitat Valenciana;Valencia;Valencia;Massalavés;municipio;si;si;no;;Municipio incluido en el anexo de zonas prioritarias.;https://www.boe.es/buscar/act.php?id=BOE-A-2008-4478&p=20220727&tn=1
comunitat-valenciana-valencia-massalfassar;Comunitat Valenciana;Valencia;Valencia;Massalfassar;municipio;si;si;no;;Municipio incluido en el anexo de zonas prioritarias.;https://www.boe.es/buscar/act.php?id=BOE-A-2008-4478&p=20220727&tn=1
comunitat-valenciana-valencia-massamagrell;Comunitat Valenciana;Valencia;Valencia;Massamagrell;municipio;si;si;no;;Municipio incluido en el anexo de zonas prioritarias.;https://www.boe.es/buscar/act.php?id=BOE-A-2008-4478&p=20220727&tn=1
comunitat-valenciana-valencia-massanassa;Comunitat Valenciana;Valencia;Valencia;Massanassa;municipio;si;si;no;;Municipio incluido en el anexo de zonas prioritarias.;https://www.boe.es/buscar/act.php?id=BOE-A-2008-4478&p=20220727&tn=1
comunitat-valenciana-valencia-meliana;Comunitat Valenciana;Valencia;Valencia;Meliana;municipio;si;si;no;;Municipio incluido en el anexo de zonas prioritarias.;https://www.boe.es/buscar/act.php?id=BOE-A-2008-4478&p=20220727&tn=1
comunitat-valenciana-valencia-millares;Comunitat Valenciana;Valencia;Valencia;Millares;municipio;si;si;no;;Municipio incluido en el anexo de zonas prioritarias.;https://www.boe.es/buscar/act.php?id=BOE-A-2008-4478&p=20220727&tn=1
comunitat-valenciana-valencia-miramar;Comunitat Valenciana;Valencia;Valencia;Miramar;municipio;si;si;no;;Municipio incluido en el anexo de zonas prioritarias.;https://www.boe.es/buscar/act.php?id=BOE-A-2008-4478&p=20220727&tn=1
comunitat-valenciana-valencia-moixent-mogente;Comunitat Valenciana;Valencia;Valencia;Moixent/Mogente;municipio;si;si;no;;Municipio incluido en el anexo de zonas prioritarias.;https://www.boe.es/buscar/act.php?id=BOE-A-2008-4478&p=20220727&tn=1
comunitat-valenciana-valencia-moncada;Comunitat Valenciana;Valencia;Valencia;Moncada;municipio;si;si;no;;Municipio incluido en el anexo de zonas prioritarias.;https://www.boe.es/buscar/act.php?id=BOE-A-2008-4478&p=20220727&tn=1
comunitat-valenciana-valencia-montaverner;Comunitat Valenciana;Valencia;Valencia;Montaverner;municipio;si;si;no;;Municipio incluido en el anexo de zonas prioritarias.;https://www.boe.es/buscar/act.php?id=BOE-A-2008-4478&p=20220727&tn=1
comunitat-valenciana-valencia-montesa;Comunitat Valenciana;Valencia;Valencia;Montesa;municipio;si;si;no;;Municipio incluido en el anexo de zonas prioritarias.;https://www.boe.es/buscar/act.php?id=BOE-A-2008-4478&p=20220727&tn=1
comunitat-valenciana-valencia-montitxelvo-montichelvo;Comunitat Valenciana;Valencia;Valencia;Montitxelvo/Montichelvo;municipio;si;si;no;;Municipio incluido en el anexo de zonas prioritarias.;https://www.boe.es/buscar/act.php?id=BOE-A-2008-4478&p=20220727&tn=1
comunitat-valenciana-valencia-montroi-montroy;Comunitat Valenciana;Valencia;Valencia;Montroi/Montroy;municipio;si;si;no;;Municipio incluido en el anexo de zonas prioritarias.;https://www.boe.es/buscar/act.php?id=BOE-A-2008-4478&p=20220727&tn=1
comunitat-valenciana-valencia-montserrat;Comunitat Valenciana;Valencia;Valencia;Montserrat;municipio;si;si;no;;Municipio incluido en el anexo de zonas prioritarias.;https://www.boe.es/buscar/act.php?id=BOE-A-2008-4478&p=20220727&tn=1
comunitat-valenciana-valencia-museros;Comunitat Valenciana;Valencia;Valencia;Museros;municipio;si;si;no;;Municipio incluido en el anexo de zonas prioritarias.;https://www.boe.es/buscar/act.php?id=BOE-A-2008-4478&p=20220727&tn=1
comunitat-valenciana-valencia-naquera-naquera;Comunitat Valenciana;Valencia;Valencia;Nàquera/Náquera;municipio;si;si;no;;Municipio incluido en el anexo de zonas prioritarias.;https://www.boe.es/buscar/act.php?id=BOE-A-2008-4478&p=20220727&tn=1
comunitat-valenciana-valencia-navarres;Comunitat Valenciana;Valencia;Valencia;Navarrés;municipio;si;si;no;;Municipio incluido en el anexo de zonas prioritarias.;https://www.boe.es/buscar/act.php?id=BOE-A-2008-4478&p=20220727&tn=1
comunitat-valenciana-valencia-novetle-novele;Comunitat Valenciana;Valencia;Valencia;Novetlè/Novelé;municipio;si;si;no;;Municipio incluido en el anexo de zonas prioritarias.;https://www.boe.es/buscar/act.php?id=BOE-A-2008-4478&p=20220727&tn=1
comunitat-valenciana-valencia-olleria-l;Comunitat Valenciana;Valencia;Valencia;Olleria, l';municipio;si;si;no;;Municipio incluido en el anexo de zonas prioritarias.;https://www.boe.es/buscar/act.php?id=BOE-A-2008-4478&p=20220727&tn=1
comunitat-valenciana-valencia-olocau;Comunitat Valenciana;Valencia;Valencia;Olocau;municipio;si;si;no;;Municipio incluido en el anexo de zonas prioritarias.;https://www.boe.es/buscar/act.php?id=BOE-A-2008-4478&p=20220727&tn=1
comunitat-valenciana-valencia-ontinyent;Comunitat Valenciana;Valencia;Valencia;Ontinyent;municipio;si;si;no;;Municipio incluido en el anexo de zonas prioritarias.;https://www.boe.es/buscar/act.php?id=BOE-A-2008-4478&p=20220727&tn=1
comunitat-valenciana-valencia-otos;Comunitat Valenciana;Valencia;Valencia;Otos;municipio;si;si;no;;Municipio incluido en el anexo de zonas prioritarias.;https://www.boe.es/buscar/act.php?id=BOE-A-2008-4478&p=20220727&tn=1
comunitat-valenciana-valencia-paiporta;Comunitat Valenciana;Valencia;Valencia;Paiporta;municipio;si;si;no;;Municipio incluido en el anexo de zonas prioritarias.;https://www.boe.es/buscar/act.php?id=BOE-A-2008-4478&p=20220727&tn=1
comunitat-valenciana-valencia-palma-de-gandia;Comunitat Valenciana;Valencia;Valencia;Palma de Gandía;municipio;si;si;no;;Municipio incluido en el anexo de zonas prioritarias.;https://www.boe.es/buscar/act.php?id=BOE-A-2008-4478&p=20220727&tn=1
comunitat-valenciana-valencia-palmera;Comunitat Valenciana;Valencia;Valencia;Palmera;municipio;si;si;no;;Municipio incluido en el anexo de zonas prioritarias.;https://www.boe.es/buscar/act.php?id=BOE-A-2008-4478&p=20220727&tn=1
comunitat-valenciana-valencia-palomar-el;Comunitat Valenciana;Valencia;Valencia;Palomar, el;municipio;si;si;no;;Municipio incluido en el anexo de zonas prioritarias.;https://www.boe.es/buscar/act.php?id=BOE-A-2008-4478&p=20220727&tn=1
comunitat-valenciana-valencia-pedralba;Comunitat Valenciana;Valencia;Valencia;Pedralba;municipio;si;si;no;;Municipio incluido en el anexo de zonas prioritarias.;https://www.boe.es/buscar/act.php?id=BOE-A-2008-4478&p=20220727&tn=1
comunitat-valenciana-valencia-petres;Comunitat Valenciana;Valencia;Valencia;Petrés;municipio;si;si;no;;Municipio incluido en el anexo de zonas prioritarias.;https://www.boe.es/buscar/act.php?id=BOE-A-2008-4478&p=20220727&tn=1
comunitat-valenciana-valencia-picanya;Comunitat Valenciana;Valencia;Valencia;Picanya;municipio;si;si;no;;Municipio incluido en el anexo de zonas prioritarias.;https://www.boe.es/buscar/act.php?id=BOE-A-2008-4478&p=20220727&tn=1
comunitat-valenciana-valencia-picassent;Comunitat Valenciana;Valencia;Valencia;Picassent;municipio;si;si;no;;Municipio incluido en el anexo de zonas prioritarias.;https://www.boe.es/buscar/act.php?id=BOE-A-2008-4478&p=20220727&tn=1
comunitat-valenciana-valencia-piles;Comunitat Valenciana;Valencia;Valencia;Piles;municipio;si;si;no;;Municipio incluido en el anexo de zonas prioritarias.;https://www.boe.es/buscar/act.php?id=BOE-A-2008-4478&p=20220727&tn=1
comunitat-valenciana-valencia-pinet;Comunitat Valenciana;Valencia;Valencia;Pinet;municipio;si;si;no;;Municipio incluido en el anexo de zonas prioritarias.;https://www.boe.es/buscar/act.php?id=BOE-A-2008-4478&p=20220727&tn=1
comunitat-valenciana-valencia-pobla-de-farnals-la;Comunitat Valenciana;Valencia;Valencia;Pobla de Farnals, la;municipio;si;si;no;;Municipio incluido en el anexo de zonas prioritarias.;https://www.boe.es/buscar/act.php?id=BOE-A-2008-4478&p=20220727&tn=1
comunitat-valenciana-valencia-pobla-de-vallbona-la;Comunitat Valenciana;Valencia;Valencia;Pobla de Vallbona, la;municipio;si;si;no;;Municipio incluido en el anexo de zonas prioritarias.;https://www.boe.es/buscar/act.php?id=BOE-A-2008-4478&p=20220727&tn=1
comunitat-valenciana-valencia-pobla-del-duc-la;Comunitat Valenciana;Valencia;Valencia;Pobla del Duc, la;municipio;si;si;no;;Municipio incluido en el anexo de zonas prioritarias.;https://www.boe.es/buscar/act.php?id=BOE-A-2008-4478&p=20220727&tn=1
comunitat-valenciana-valencia-pobla-llarga-la;Comunitat Valenciana;Valencia;Valencia;Pobla Llarga, la;municipio;si;si;no;;Municipio incluido en el anexo de zonas prioritarias.;https://www.boe.es/buscar/act.php?id=BOE-A-2008-4478&p=20220727&tn=1
comunitat-valenciana-valencia-polinya-de-xuquer;Comunitat Valenciana;Valencia;Valencia;Polinyà de Xúquer;municipio;si;si;no;;Municipio incluido en el anexo de zonas prioritarias.;https://www.boe.es/buscar/act.php?id=BOE-A-2008-4478&p=20220727&tn=1
comunitat-valenciana-valencia-potries;Comunitat Valenciana;Valencia;Valencia;Potries;municipio;si;si;no;;Municipio incluido en el anexo de zonas prioritarias.;https://www.boe.es/buscar/act.php?id=BOE-A-2008-4478&p=20220727&tn=1
comunitat-valenciana-valencia-pucol;Comunitat Valenciana;Valencia;Valencia;Puçol;municipio;si;si;no;;Municipio incluido en el anexo de zonas prioritarias.;https://www.boe.es/buscar/act.php?id=BOE-A-2008-4478&p=20220727&tn=1
comunitat-valenciana-valencia-puebla-de-san-miguel;Comunitat Valenciana;Valencia;Valencia;Puebla de San Miguel;municipio;si;si;no;;Municipio incluido en el anexo de zonas prioritarias.;https://www.boe.es/buscar/act.php?id=BOE-A-2008-4478&p=20220727&tn=1
comunitat-valenciana-valencia-puig-de-santa-maria-el;Comunitat Valenciana;Valencia;Valencia;Puig de Santa Maria, el;municipio;si;si;no;;Municipio incluido en el anexo de zonas prioritarias.;https://www.boe.es/buscar/act.php?id=BOE-A-2008-4478&p=20220727&tn=1
comunitat-valenciana-valencia-quart-de-les-valls;Comunitat Valenciana;Valencia;Valencia;Quart de les Valls;municipio;si;si;no;;Municipio incluido en el anexo de zonas prioritarias.;https://www.boe.es/buscar/act.php?id=BOE-A-2008-4478&p=20220727&tn=1
comunitat-valenciana-valencia-quart-de-poblet;Comunitat Valenciana;Valencia;Valencia;Quart de Poblet;municipio;si;si;no;;Municipio incluido en el anexo de zonas prioritarias.;https://www.boe.es/buscar/act.php?id=BOE-A-2008-4478&p=20220727&tn=1
comunitat-valenciana-valencia-quartell;Comunitat Valenciana;Valencia;Valencia;Quartell;municipio;si;si;no;;Municipio incluido en el anexo de zonas prioritarias.;https://www.boe.es/buscar/act.php?id=BOE-A-2008-4478&p=20220727&tn=1
comunitat-valenciana-valencia-quatretonda;Comunitat Valenciana;Valencia;Valencia;Quatretonda;municipio;si;si;no;;Municipio incluido en el anexo de zonas prioritarias.;https://www.boe.es/buscar/act.php?id=BOE-A-2008-4478&p=20220727&tn=1
comunitat-valenciana-valencia-quesa;Comunitat Valenciana;Valencia;Valencia;Quesa;municipio;si;si;no;;Municipio incluido en el anexo de zonas prioritarias.;https://www.boe.es/buscar/act.php?id=BOE-A-2008-4478&p=20220727&tn=1
comunitat-valenciana-valencia-rafelbunyol;Comunitat Valenciana;Valencia;Valencia;Rafelbunyol;municipio;si;si;no;;Municipio incluido en el anexo de zonas prioritarias.;https://www.boe.es/buscar/act.php?id=BOE-A-2008-4478&p=20220727&tn=1
comunitat-valenciana-valencia-rafelcofer;Comunitat Valenciana;Valencia;Valencia;Rafelcofer;municipio;si;si;no;;Municipio incluido en el anexo de zonas prioritarias.;https://www.boe.es/buscar/act.php?id=BOE-A-2008-4478&p=20220727&tn=1
comunitat-valenciana-valencia-rafelguaraf;Comunitat Valenciana;Valencia;Valencia;Rafelguaraf;municipio;si;si;no;;Municipio incluido en el anexo de zonas prioritarias.;https://www.boe.es/buscar/act.php?id=BOE-A-2008-4478&p=20220727&tn=1
comunitat-valenciana-valencia-rafol-de-salem;Comunitat Valenciana;Valencia;Valencia;Ráfol de Salem;municipio;si;si;no;;Municipio incluido en el anexo de zonas prioritarias.;https://www.boe.es/buscar/act.php?id=BOE-A-2008-4478&p=20220727&tn=1
comunitat-valenciana-valencia-real;Comunitat Valenciana;Valencia;Valencia;Real;municipio;si;si;no;;Municipio incluido en el anexo de zonas prioritarias.;https://www.boe.es/buscar/act.php?id=BOE-A-2008-4478&p=20220727&tn=1
comunitat-valenciana-valencia-real-de-gandia-el;Comunitat Valenciana;Valencia;Valencia;Real de Gandia, el;municipio;si;si;no;;Municipio incluido en el anexo de zonas prioritarias.;https://www.boe.es/buscar/act.php?id=BOE-A-2008-4478&p=20220727&tn=1
comunitat-valenciana-valencia-requena;Comunitat Valenciana;Valencia;Valencia;Requena;municipio;si;si;no;;Municipio incluido en el anexo de zonas prioritarias.;https://www.boe.es/buscar/act.php?id=BOE-A-2008-4478&p=20220727&tn=1
comunitat-valenciana-valencia-riba-roja-de-turia;Comunitat Valenciana;Valencia;Valencia;Riba-roja de Túria;municipio;si;si;no;;Municipio incluido en el anexo de zonas prioritarias.;https://www.boe.es/buscar/act.php?id=BOE-A-2008-4478&p=20220727&tn=1
comunitat-valenciana-valencia-riola;Comunitat Valenciana;Valencia;Valencia;Riola;municipio;si;si;no;;Municipio incluido en el anexo de zonas prioritarias.;https://www.boe.es/buscar/act.php?id=BOE-A-2008-4478&p=20220727&tn=1
comunitat-valenciana-valencia-rocafort;Comunitat Valenciana;Valencia;Valencia;Rocafort;municipio;si;si;no;;Municipio incluido en el anexo de zonas prioritarias.;https://www.boe.es/buscar/act.php?id=BOE-A-2008-4478&p=20220727&tn=1
comunitat-valenciana-valencia-rotgla-i-corbera;Comunitat Valenciana;Valencia;Valencia;Rotglà i Corberà;municipio;si;si;no;;Municipio incluido en el anexo de zonas prioritarias.;https://www.boe.es/buscar/act.php?id=BOE-A-2008-4478&p=20220727&tn=1
comunitat-valenciana-valencia-rotova;Comunitat Valenciana;Valencia;Valencia;Ròtova;municipio;si;si;no;;Municipio incluido en el anexo de zonas prioritarias.;https://www.boe.es/buscar/act.php?id=BOE-A-2008-4478&p=20220727&tn=1
comunitat-valenciana-valencia-rugat;Comunitat Valenciana;Valencia;Valencia;Rugat;municipio;si;si;no;;Municipio incluido en el anexo de zonas prioritarias.;https://www.boe.es/buscar/act.php?id=BOE-A-2008-4478&p=20220727&tn=1
comunitat-valenciana-valencia-sagunt-sagunto;Comunitat Valenciana;Valencia;Valencia;Sagunt/Sagunto;municipio;si;si;no;;Municipio incluido en el anexo de zonas prioritarias.;https://www.boe.es/buscar/act.php?id=BOE-A-2008-4478&p=20220727&tn=1
comunitat-valenciana-valencia-salem;Comunitat Valenciana;Valencia;Valencia;Salem;municipio;si;si;no;;Municipio incluido en el anexo de zonas prioritarias.;https://www.boe.es/buscar/act.php?id=BOE-A-2008-4478&p=20220727&tn=1
comunitat-valenciana-valencia-san-antonio-de-benageber;Comunitat Valenciana;Valencia;Valencia;San Antonio de Benagéber;municipio;si;si;no;;Municipio incluido en el anexo de zonas prioritarias.;https://www.boe.es/buscar/act.php?id=BOE-A-2008-4478&p=20220727&tn=1
comunitat-valenciana-valencia-sant-joanet;Comunitat Valenciana;Valencia;Valencia;Sant Joanet;municipio;si;si;no;;Municipio incluido en el anexo de zonas prioritarias.;https://www.boe.es/buscar/act.php?id=BOE-A-2008-4478&p=20220727&tn=1
comunitat-valenciana-valencia-se-modifica-por-el-art-unico-6-del-real-decreto-618-2022-de-26-de-julio-ref-boe-a-2022-12493;Comunitat Valenciana;Valencia;Valencia;Se modifica por el art. único.6 del Real Decreto 618/2022, de 26 de julio. Ref. BOE-A-2022-12493;municipio;si;si;no;;Municipio incluido en el anexo de zonas prioritarias.;https://www.boe.es/buscar/act.php?id=BOE-A-2008-4478&p=20220727&tn=1
comunitat-valenciana-valencia-sedavi;Comunitat Valenciana;Valencia;Valencia;Sedaví;municipio;si;si;no;;Municipio incluido en el anexo de zonas prioritarias.;https://www.boe.es/buscar/act.php?id=BOE-A-2008-4478&p=20220727&tn=1
comunitat-valenciana-valencia-segart;Comunitat Valenciana;Valencia;Valencia;Segart;municipio;si;si;no;;Municipio incluido en el anexo de zonas prioritarias.;https://www.boe.es/buscar/act.php?id=BOE-A-2008-4478&p=20220727&tn=1
comunitat-valenciana-valencia-seleccionar-redaccion;Comunitat Valenciana;Valencia;Valencia;Seleccionar redacción;municipio;si;si;no;;Municipio incluido en el anexo de zonas prioritarias.;https://www.boe.es/buscar/act.php?id=BOE-A-2008-4478&p=20220727&tn=1
comunitat-valenciana-valencia-sellent;Comunitat Valenciana;Valencia;Valencia;Sellent;municipio;si;si;no;;Municipio incluido en el anexo de zonas prioritarias.;https://www.boe.es/buscar/act.php?id=BOE-A-2008-4478&p=20220727&tn=1
comunitat-valenciana-valencia-sempere;Comunitat Valenciana;Valencia;Valencia;Sempere;municipio;si;si;no;;Municipio incluido en el anexo de zonas prioritarias.;https://www.boe.es/buscar/act.php?id=BOE-A-2008-4478&p=20220727&tn=1
comunitat-valenciana-valencia-senyera;Comunitat Valenciana;Valencia;Valencia;Senyera;municipio;si;si;no;;Municipio incluido en el anexo de zonas prioritarias.;https://www.boe.es/buscar/act.php?id=BOE-A-2008-4478&p=20220727&tn=1
comunitat-valenciana-valencia-serra;Comunitat Valenciana;Valencia;Valencia;Serra;municipio;si;si;no;;Municipio incluido en el anexo de zonas prioritarias.;https://www.boe.es/buscar/act.php?id=BOE-A-2008-4478&p=20220727&tn=1
comunitat-valenciana-valencia-siete-aguas;Comunitat Valenciana;Valencia;Valencia;Siete Aguas;municipio;si;si;no;;Municipio incluido en el anexo de zonas prioritarias.;https://www.boe.es/buscar/act.php?id=BOE-A-2008-4478&p=20220727&tn=1
comunitat-valenciana-valencia-silla;Comunitat Valenciana;Valencia;Valencia;Silla;municipio;si;si;no;;Municipio incluido en el anexo de zonas prioritarias.;https://www.boe.es/buscar/act.php?id=BOE-A-2008-4478&p=20220727&tn=1
comunitat-valenciana-valencia-simat-de-la-valldigna;Comunitat Valenciana;Valencia;Valencia;Simat de la Valldigna;municipio;si;si;no;;Municipio incluido en el anexo de zonas prioritarias.;https://www.boe.es/buscar/act.php?id=BOE-A-2008-4478&p=20220727&tn=1
comunitat-valenciana-valencia-sinarcas;Comunitat Valenciana;Valencia;Valencia;Sinarcas;municipio;si;si;no;;Municipio incluido en el anexo de zonas prioritarias.;https://www.boe.es/buscar/act.php?id=BOE-A-2008-4478&p=20220727&tn=1
comunitat-valenciana-valencia-sollana;Comunitat Valenciana;Valencia;Valencia;Sollana;municipio;si;si;no;;Municipio incluido en el anexo de zonas prioritarias.;https://www.boe.es/buscar/act.php?id=BOE-A-2008-4478&p=20220727&tn=1
comunitat-valenciana-valencia-sot-de-chera;Comunitat Valenciana;Valencia;Valencia;Sot de Chera;municipio;si;si;no;;Municipio incluido en el anexo de zonas prioritarias.;https://www.boe.es/buscar/act.php?id=BOE-A-2008-4478&p=20220727&tn=1
comunitat-valenciana-valencia-sueca;Comunitat Valenciana;Valencia;Valencia;Sueca;municipio;si;si;no;;Municipio incluido en el anexo de zonas prioritarias.;https://www.boe.es/buscar/act.php?id=BOE-A-2008-4478&p=20220727&tn=1
comunitat-valenciana-valencia-sumacarcer;Comunitat Valenciana;Valencia;Valencia;Sumacàrcer;municipio;si;si;no;;Municipio incluido en el anexo de zonas prioritarias.;https://www.boe.es/buscar/act.php?id=BOE-A-2008-4478&p=20220727&tn=1
comunitat-valenciana-valencia-tavernes-blanques;Comunitat Valenciana;Valencia;Valencia;Tavernes Blanques;municipio;si;si;no;;Municipio incluido en el anexo de zonas prioritarias.;https://www.boe.es/buscar/act.php?id=BOE-A-2008-4478&p=20220727&tn=1
comunitat-valenciana-valencia-tavernes-de-la-valldigna;Comunitat Valenciana;Valencia;Valencia;Tavernes de la Valldigna;municipio;si;si;no;;Municipio incluido en el anexo de zonas prioritarias.;https://www.boe.es/buscar/act.php?id=BOE-A-2008-4478&p=20220727&tn=1
comunitat-valenciana-valencia-teresa-de-cofrentes;Comunitat Valenciana;Valencia;Valencia;Teresa de Cofrentes;municipio;si;si;no;;Municipio incluido en el anexo de zonas prioritarias.;https://www.boe.es/buscar/act.php?id=BOE-A-2008-4478&p=20220727&tn=1
comunitat-valenciana-valencia-terrateig;Comunitat Valenciana;Valencia;Valencia;Terrateig;municipio;si;si;no;;Municipio incluido en el anexo de zonas prioritarias.;https://www.boe.es/buscar/act.php?id=BOE-A-2008-4478&p=20220727&tn=1
comunitat-valenciana-valencia-texto-original-publicado-el-08-03-2008-en-vigor-a-partir-del-09-03-2008;Comunitat Valenciana;Valencia;Valencia;Texto original, publicado el 08/03/2008, en vigor a partir del 09/03/2008;municipio;si;si;no;;Municipio incluido en el anexo de zonas prioritarias.;https://www.boe.es/buscar/act.php?id=BOE-A-2008-4478&p=20220727&tn=1
comunitat-valenciana-valencia-titaguas;Comunitat Valenciana;Valencia;Valencia;Titaguas;municipio;si;si;no;;Municipio incluido en el anexo de zonas prioritarias.;https://www.boe.es/buscar/act.php?id=BOE-A-2008-4478&p=20220727&tn=1
comunitat-valenciana-valencia-torrebaja;Comunitat Valenciana;Valencia;Valencia;Torrebaja;municipio;si;si;no;;Municipio incluido en el anexo de zonas prioritarias.;https://www.boe.es/buscar/act.php?id=BOE-A-2008-4478&p=20220727&tn=1
comunitat-valenciana-valencia-torrella;Comunitat Valenciana;Valencia;Valencia;Torrella;municipio;si;si;no;;Municipio incluido en el anexo de zonas prioritarias.;https://www.boe.es/buscar/act.php?id=BOE-A-2008-4478&p=20220727&tn=1
comunitat-valenciana-valencia-torrent;Comunitat Valenciana;Valencia;Valencia;Torrent;municipio;si;si;no;;Municipio incluido en el anexo de zonas prioritarias.;https://www.boe.es/buscar/act.php?id=BOE-A-2008-4478&p=20220727&tn=1
comunitat-valenciana-valencia-torres-torres;Comunitat Valenciana;Valencia;Valencia;Torres Torres;municipio;si;si;no;;Municipio incluido en el anexo de zonas prioritarias.;https://www.boe.es/buscar/act.php?id=BOE-A-2008-4478&p=20220727&tn=1
comunitat-valenciana-valencia-tous;Comunitat Valenciana;Valencia;Valencia;Tous;municipio;si;si;no;;Municipio incluido en el anexo de zonas prioritarias.;https://www.boe.es/buscar/act.php?id=BOE-A-2008-4478&p=20220727&tn=1
comunitat-valenciana-valencia-tuejar;Comunitat Valenciana;Valencia;Valencia;Tuéjar;municipio;si;si;no;;Municipio incluido en el anexo de zonas prioritarias.;https://www.boe.es/buscar/act.php?id=BOE-A-2008-4478&p=20220727&tn=1
comunitat-valenciana-valencia-turis;Comunitat Valenciana;Valencia;Valencia;Turís;municipio;si;si;no;;Municipio incluido en el anexo de zonas prioritarias.;https://www.boe.es/buscar/act.php?id=BOE-A-2008-4478&p=20220727&tn=1
comunitat-valenciana-valencia-ultima-actualizacion-publicada-el-27-07-2022-en-vigor-a-partir-del-28-07-2022;Comunitat Valenciana;Valencia;Valencia;Última actualización, publicada el 27/07/2022, en vigor a partir del 28/07/2022;municipio;si;si;no;;Municipio incluido en el anexo de zonas prioritarias.;https://www.boe.es/buscar/act.php?id=BOE-A-2008-4478&p=20220727&tn=1
comunitat-valenciana-valencia-utiel;Comunitat Valenciana;Valencia;Valencia;Utiel;municipio;si;si;no;;Municipio incluido en el anexo de zonas prioritarias.;https://www.boe.es/buscar/act.php?id=BOE-A-2008-4478&p=20220727&tn=1
comunitat-valenciana-valencia-vallada;Comunitat Valenciana;Valencia;Valencia;Vallada;municipio;si;si;no;;Municipio incluido en el anexo de zonas prioritarias.;https://www.boe.es/buscar/act.php?id=BOE-A-2008-4478&p=20220727&tn=1
comunitat-valenciana-valencia-vallanca;Comunitat Valenciana;Valencia;Valencia;Vallanca;municipio;si;si;no;;Municipio incluido en el anexo de zonas prioritarias.;https://www.boe.es/buscar/act.php?id=BOE-A-2008-4478&p=20220727&tn=1
comunitat-valenciana-valencia-valles;Comunitat Valenciana;Valencia;Valencia;Vallés;municipio;si;si;no;;Municipio incluido en el anexo de zonas prioritarias.;https://www.boe.es/buscar/act.php?id=BOE-A-2008-4478&p=20220727&tn=1
comunitat-valenciana-valencia-venta-del-moro;Comunitat Valenciana;Valencia;Valencia;Venta del Moro;municipio;si;si;no;;Municipio incluido en el anexo de zonas prioritarias.;https://www.boe.es/buscar/act.php?id=BOE-A-2008-4478&p=20220727&tn=1
comunitat-valenciana-valencia-vilallonga-villalonga;Comunitat Valenciana;Valencia;Valencia;Vilallonga/Villalonga;municipio;si;si;no;;Municipio incluido en el anexo de zonas prioritarias.;https://www.boe.es/buscar/act.php?id=BOE-A-2008-4478&p=20220727&tn=1
comunitat-valenciana-valencia-vilamarxant;Comunitat Valenciana;Valencia;Valencia;Vilamarxant;municipio;si;si;no;;Municipio incluido en el anexo de zonas prioritarias.;https://www.boe.es/buscar/act.php?id=BOE-A-2008-4478&p=20220727&tn=1
comunitat-valenciana-valencia-villar-del-arzobispo;Comunitat Valenciana;Valencia;Valencia;Villar del Arzobispo;municipio;si;si;no;;Municipio incluido en el anexo de zonas prioritarias.;https://www.boe.es/buscar/act.php?id=BOE-A-2008-4478&p=20220727&tn=1
comunitat-valenciana-valencia-villargordo-del-cabriel;Comunitat Valenciana;Valencia;Valencia;Villargordo del Cabriel;municipio;si;si;no;;Municipio incluido en el anexo de zonas prioritarias.;https://www.boe.es/buscar/act.php?id=BOE-A-2008-4478&p=20220727&tn=1
comunitat-valenciana-valencia-vinalesa;Comunitat Valenciana;Valencia;Valencia;Vinalesa;municipio;si;si;no;;Municipio incluido en el anexo de zonas prioritarias.;https://www.boe.es/buscar/act.php?id=BOE-A-2008-4478&p=20220727&tn=1
comunitat-valenciana-valencia-xativa;Comunitat Valenciana;Valencia;Valencia;Xàtiva;municipio;si;si;no;;Municipio incluido en el anexo de zonas prioritarias.;https://www.boe.es/buscar/act.php?id=BOE-A-2008-4478&p=20220727&tn=1
comunitat-valenciana-valencia-xeraco;Comunitat Valenciana;Valencia;Valencia;Xeraco;municipio;si;si;no;;Municipio incluido en el anexo de zonas prioritarias.;https://www.boe.es/buscar/act.php?id=BOE-A-2008-4478&p=20220727&tn=1
comunitat-valenciana-valencia-xeresa;Comunitat Valenciana;Valencia;Valencia;Xeresa;municipio;si;si;no;;Municipio incluido en el anexo de zonas prioritarias.;https://www.boe.es/buscar/act.php?id=BOE-A-2008-4478&p=20220727&tn=1
comunitat-valenciana-valencia-xirivella;Comunitat Valenciana;Valencia;Valencia;Xirivella;municipio;si;si;no;;Municipio incluido en el anexo de zonas prioritarias.;https://www.boe.es/buscar/act.php?id=BOE-A-2008-4478&p=20220727&tn=1
comunitat-valenciana-valencia-yatova;Comunitat Valenciana;Valencia;Valencia;Yátova;municipio;si;si;no;;Municipio incluido en el anexo de zonas prioritarias.;https://www.boe.es/buscar/act.php?id=BOE-A-2008-4478&p=20220727&tn=1
comunitat-valenciana-valencia-yesa-la;Comunitat Valenciana;Valencia;Valencia;Yesa, La;municipio;si;si;no;;Municipio incluido en el anexo de zonas prioritarias.;https://www.boe.es/buscar/act.php?id=BOE-A-2008-4478&p=20220727&tn=1
comunitat-valenciana-valencia-zarra;Comunitat Valenciana;Valencia;Valencia;Zarra;municipio;si;si;no;;Municipio incluido en el anexo de zonas prioritarias.;https://www.boe.es/buscar/act.php?id=BOE-A-2008-4478&p=20220727&tn=1
extremadura-total;Extremadura;Extremadura;Extremadura;Toda la zona de promocion economica;todo_territorio;si;si;no;;Toda la zona de promocion economica de Extremadura es prioritaria.;https://www.boe.es/buscar/act.php?id=BOE-A-2008-4482&p=20220727&tn=1
galicia-a-coruna-ares;Galicia;A Coruna;A Coruna;Ares;municipio;si;si;no;;Municipio incluido en el anexo de zonas prioritarias.;https://www.boe.es/buscar/act.php?id=BOE-A-2008-4473&p=20220727&tn=1
galicia-a-coruna-arteixo;Galicia;A Coruna;A Coruna;Arteixo;municipio;si;si;no;;Municipio incluido en el anexo de zonas prioritarias.;https://www.boe.es/buscar/act.php?id=BOE-A-2008-4473&p=20220727&tn=1
galicia-a-coruna-betanzos;Galicia;A Coruna;A Coruna;Betanzos;municipio;si;si;no;;Municipio incluido en el anexo de zonas prioritarias.;https://www.boe.es/buscar/act.php?id=BOE-A-2008-4473&p=20220727&tn=1
galicia-a-coruna-cabana-de-bergantinos;Galicia;A Coruna;A Coruna;Cabana de Bergantiños;municipio;si;si;no;;Municipio incluido en el anexo de zonas prioritarias.;https://www.boe.es/buscar/act.php?id=BOE-A-2008-4473&p=20220727&tn=1
galicia-a-coruna-cabanas;Galicia;A Coruna;A Coruna;Cabanas;municipio;si;si;no;;Municipio incluido en el anexo de zonas prioritarias.;https://www.boe.es/buscar/act.php?id=BOE-A-2008-4473&p=20220727&tn=1
galicia-a-coruna-camarinas;Galicia;A Coruna;A Coruna;Camariñas;municipio;si;si;no;;Municipio incluido en el anexo de zonas prioritarias.;https://www.boe.es/buscar/act.php?id=BOE-A-2008-4473&p=20220727&tn=1
galicia-a-coruna-cambre;Galicia;A Coruna;A Coruna;Cambre;municipio;si;si;no;;Municipio incluido en el anexo de zonas prioritarias.;https://www.boe.es/buscar/act.php?id=BOE-A-2008-4473&p=20220727&tn=1
galicia-a-coruna-capela-a;Galicia;A Coruna;A Coruna;Capela, A;municipio;si;si;no;;Municipio incluido en el anexo de zonas prioritarias.;https://www.boe.es/buscar/act.php?id=BOE-A-2008-4473&p=20220727&tn=1
galicia-a-coruna-carballo;Galicia;A Coruna;A Coruna;Carballo;municipio;si;si;no;;Municipio incluido en el anexo de zonas prioritarias.;https://www.boe.es/buscar/act.php?id=BOE-A-2008-4473&p=20220727&tn=1
galicia-a-coruna-carino;Galicia;A Coruna;A Coruna;Cariño;municipio;si;si;no;;Municipio incluido en el anexo de zonas prioritarias.;https://www.boe.es/buscar/act.php?id=BOE-A-2008-4473&p=20220727&tn=1
galicia-a-coruna-carnota;Galicia;A Coruna;A Coruna;Carnota;municipio;si;si;no;;Municipio incluido en el anexo de zonas prioritarias.;https://www.boe.es/buscar/act.php?id=BOE-A-2008-4473&p=20220727&tn=1
galicia-a-coruna-cedeira;Galicia;A Coruna;A Coruna;Cedeira;municipio;si;si;no;;Municipio incluido en el anexo de zonas prioritarias.;https://www.boe.es/buscar/act.php?id=BOE-A-2008-4473&p=20220727&tn=1
galicia-a-coruna-cee;Galicia;A Coruna;A Coruna;Cee;municipio;si;si;no;;Municipio incluido en el anexo de zonas prioritarias.;https://www.boe.es/buscar/act.php?id=BOE-A-2008-4473&p=20220727&tn=1
galicia-a-coruna-cerceda;Galicia;A Coruna;A Coruna;Cerceda;municipio;si;si;no;;Municipio incluido en el anexo de zonas prioritarias.;https://www.boe.es/buscar/act.php?id=BOE-A-2008-4473&p=20220727&tn=1
galicia-a-coruna-cerdido;Galicia;A Coruna;A Coruna;Cerdido;municipio;si;si;no;;Municipio incluido en el anexo de zonas prioritarias.;https://www.boe.es/buscar/act.php?id=BOE-A-2008-4473&p=20220727&tn=1
galicia-a-coruna-corcubion;Galicia;A Coruna;A Coruna;Corcubión;municipio;si;si;no;;Municipio incluido en el anexo de zonas prioritarias.;https://www.boe.es/buscar/act.php?id=BOE-A-2008-4473&p=20220727&tn=1
galicia-a-coruna-coristanco;Galicia;A Coruna;A Coruna;Coristanco;municipio;si;si;no;;Municipio incluido en el anexo de zonas prioritarias.;https://www.boe.es/buscar/act.php?id=BOE-A-2008-4473&p=20220727&tn=1
galicia-a-coruna-coruna-a;Galicia;A Coruna;A Coruna;Coruña, A;municipio;si;si;no;;Municipio incluido en el anexo de zonas prioritarias.;https://www.boe.es/buscar/act.php?id=BOE-A-2008-4473&p=20220727&tn=1
galicia-a-coruna-culleredo;Galicia;A Coruna;A Coruna;Culleredo;municipio;si;si;no;;Municipio incluido en el anexo de zonas prioritarias.;https://www.boe.es/buscar/act.php?id=BOE-A-2008-4473&p=20220727&tn=1
galicia-a-coruna-curtis;Galicia;A Coruna;A Coruna;Curtis;municipio;si;si;no;;Municipio incluido en el anexo de zonas prioritarias.;https://www.boe.es/buscar/act.php?id=BOE-A-2008-4473&p=20220727&tn=1
galicia-a-coruna-dumbria;Galicia;A Coruna;A Coruna;Dumbría;municipio;si;si;no;;Municipio incluido en el anexo de zonas prioritarias.;https://www.boe.es/buscar/act.php?id=BOE-A-2008-4473&p=20220727&tn=1
galicia-a-coruna-fene;Galicia;A Coruna;A Coruna;Fene;municipio;si;si;no;;Municipio incluido en el anexo de zonas prioritarias.;https://www.boe.es/buscar/act.php?id=BOE-A-2008-4473&p=20220727&tn=1
galicia-a-coruna-ferrol;Galicia;A Coruna;A Coruna;Ferrol;municipio;si;si;no;;Municipio incluido en el anexo de zonas prioritarias.;https://www.boe.es/buscar/act.php?id=BOE-A-2008-4473&p=20220727&tn=1
galicia-a-coruna-fisterra;Galicia;A Coruna;A Coruna;Fisterra;municipio;si;si;no;;Municipio incluido en el anexo de zonas prioritarias.;https://www.boe.es/buscar/act.php?id=BOE-A-2008-4473&p=20220727&tn=1
galicia-a-coruna-laracha-a;Galicia;A Coruna;A Coruna;Laracha, A;municipio;si;si;no;;Municipio incluido en el anexo de zonas prioritarias.;https://www.boe.es/buscar/act.php?id=BOE-A-2008-4473&p=20220727&tn=1
galicia-a-coruna-laxe;Galicia;A Coruna;A Coruna;Laxe;municipio;si;si;no;;Municipio incluido en el anexo de zonas prioritarias.;https://www.boe.es/buscar/act.php?id=BOE-A-2008-4473&p=20220727&tn=1
galicia-a-coruna-malpica;Galicia;A Coruna;A Coruna;Malpica;municipio;si;si;no;;Municipio incluido en el anexo de zonas prioritarias.;https://www.boe.es/buscar/act.php?id=BOE-A-2008-4473&p=20220727&tn=1
galicia-a-coruna-manon;Galicia;A Coruna;A Coruna;Mañón;municipio;si;si;no;;Municipio incluido en el anexo de zonas prioritarias.;https://www.boe.es/buscar/act.php?id=BOE-A-2008-4473&p=20220727&tn=1
galicia-a-coruna-mino;Galicia;A Coruna;A Coruna;Miño;municipio;si;si;no;;Municipio incluido en el anexo de zonas prioritarias.;https://www.boe.es/buscar/act.php?id=BOE-A-2008-4473&p=20220727&tn=1
galicia-a-coruna-moeche;Galicia;A Coruna;A Coruna;Moeche;municipio;si;si;no;;Municipio incluido en el anexo de zonas prioritarias.;https://www.boe.es/buscar/act.php?id=BOE-A-2008-4473&p=20220727&tn=1
galicia-a-coruna-monfero;Galicia;A Coruna;A Coruna;Monfero;municipio;si;si;no;;Municipio incluido en el anexo de zonas prioritarias.;https://www.boe.es/buscar/act.php?id=BOE-A-2008-4473&p=20220727&tn=1
galicia-a-coruna-mugardos;Galicia;A Coruna;A Coruna;Mugardos;municipio;si;si;no;;Municipio incluido en el anexo de zonas prioritarias.;https://www.boe.es/buscar/act.php?id=BOE-A-2008-4473&p=20220727&tn=1
galicia-a-coruna-muros;Galicia;A Coruna;A Coruna;Muros;municipio;si;si;no;;Municipio incluido en el anexo de zonas prioritarias.;https://www.boe.es/buscar/act.php?id=BOE-A-2008-4473&p=20220727&tn=1
galicia-a-coruna-muxia;Galicia;A Coruna;A Coruna;Muxía;municipio;si;si;no;;Municipio incluido en el anexo de zonas prioritarias.;https://www.boe.es/buscar/act.php?id=BOE-A-2008-4473&p=20220727&tn=1
galicia-a-coruna-naron;Galicia;A Coruna;A Coruna;Narón;municipio;si;si;no;;Municipio incluido en el anexo de zonas prioritarias.;https://www.boe.es/buscar/act.php?id=BOE-A-2008-4473&p=20220727&tn=1
galicia-a-coruna-neda;Galicia;A Coruna;A Coruna;Neda;municipio;si;si;no;;Municipio incluido en el anexo de zonas prioritarias.;https://www.boe.es/buscar/act.php?id=BOE-A-2008-4473&p=20220727&tn=1
galicia-a-coruna-noia;Galicia;A Coruna;A Coruna;Noia;municipio;si;si;no;;Municipio incluido en el anexo de zonas prioritarias.;https://www.boe.es/buscar/act.php?id=BOE-A-2008-4473&p=20220727&tn=1
galicia-a-coruna-ordes;Galicia;A Coruna;A Coruna;Ordes;municipio;si;si;no;;Municipio incluido en el anexo de zonas prioritarias.;https://www.boe.es/buscar/act.php?id=BOE-A-2008-4473&p=20220727&tn=1
galicia-a-coruna-ortigueira;Galicia;A Coruna;A Coruna;Ortigueira;municipio;si;si;no;;Municipio incluido en el anexo de zonas prioritarias.;https://www.boe.es/buscar/act.php?id=BOE-A-2008-4473&p=20220727&tn=1
galicia-a-coruna-padron;Galicia;A Coruna;A Coruna;Padrón;municipio;si;si;no;;Municipio incluido en el anexo de zonas prioritarias.;https://www.boe.es/buscar/act.php?id=BOE-A-2008-4473&p=20220727&tn=1
galicia-a-coruna-pobra-do-caraminal-a;Galicia;A Coruna;A Coruna;Pobra do Caramiñal, A;municipio;si;si;no;;Municipio incluido en el anexo de zonas prioritarias.;https://www.boe.es/buscar/act.php?id=BOE-A-2008-4473&p=20220727&tn=1
galicia-a-coruna-ponteceso;Galicia;A Coruna;A Coruna;Ponteceso;municipio;si;si;no;;Municipio incluido en el anexo de zonas prioritarias.;https://www.boe.es/buscar/act.php?id=BOE-A-2008-4473&p=20220727&tn=1
galicia-a-coruna-pontedeume;Galicia;A Coruna;A Coruna;Pontedeume;municipio;si;si;no;;Municipio incluido en el anexo de zonas prioritarias.;https://www.boe.es/buscar/act.php?id=BOE-A-2008-4473&p=20220727&tn=1
galicia-a-coruna-pontes-de-garcia-rodriguez-as;Galicia;A Coruna;A Coruna;Pontes de García Rodríguez, As;municipio;si;si;no;;Municipio incluido en el anexo de zonas prioritarias.;https://www.boe.es/buscar/act.php?id=BOE-A-2008-4473&p=20220727&tn=1
galicia-a-coruna-ribeira;Galicia;A Coruna;A Coruna;Ribeira;municipio;si;si;no;;Municipio incluido en el anexo de zonas prioritarias.;https://www.boe.es/buscar/act.php?id=BOE-A-2008-4473&p=20220727&tn=1
galicia-a-coruna-sada;Galicia;A Coruna;A Coruna;Sada;municipio;si;si;no;;Municipio incluido en el anexo de zonas prioritarias.;https://www.boe.es/buscar/act.php?id=BOE-A-2008-4473&p=20220727&tn=1
galicia-a-coruna-san-sadurnino;Galicia;A Coruna;A Coruna;San Sadurniño;municipio;si;si;no;;Municipio incluido en el anexo de zonas prioritarias.;https://www.boe.es/buscar/act.php?id=BOE-A-2008-4473&p=20220727&tn=1
galicia-a-coruna-santa-comba;Galicia;A Coruna;A Coruna;Santa Comba;municipio;si;si;no;;Municipio incluido en el anexo de zonas prioritarias.;https://www.boe.es/buscar/act.php?id=BOE-A-2008-4473&p=20220727&tn=1
galicia-a-coruna-santiago-de-compostela;Galicia;A Coruna;A Coruna;Santiago de Compostela;municipio;si;si;no;;Municipio incluido en el anexo de zonas prioritarias.;https://www.boe.es/buscar/act.php?id=BOE-A-2008-4473&p=20220727&tn=1
galicia-a-coruna-somozas-as;Galicia;A Coruna;A Coruna;Somozas, As;municipio;si;si;no;;Municipio incluido en el anexo de zonas prioritarias.;https://www.boe.es/buscar/act.php?id=BOE-A-2008-4473&p=20220727&tn=1
galicia-a-coruna-valdovino;Galicia;A Coruna;A Coruna;Valdoviño;municipio;si;si;no;;Municipio incluido en el anexo de zonas prioritarias.;https://www.boe.es/buscar/act.php?id=BOE-A-2008-4473&p=20220727&tn=1
galicia-a-coruna-vimianzo;Galicia;A Coruna;A Coruna;Vimianzo;municipio;si;si;no;;Municipio incluido en el anexo de zonas prioritarias.;https://www.boe.es/buscar/act.php?id=BOE-A-2008-4473&p=20220727&tn=1
galicia-a-coruna-zas;Galicia;A Coruna;A Coruna;Zas;municipio;si;si;no;;Municipio incluido en el anexo de zonas prioritarias.;https://www.boe.es/buscar/act.php?id=BOE-A-2008-4473&p=20220727&tn=1
galicia-lugo-becerrea;Galicia;Lugo;Lugo;Becerreá;municipio;si;si;no;;Municipio incluido en el anexo de zonas prioritarias.;https://www.boe.es/buscar/act.php?id=BOE-A-2008-4473&p=20220727&tn=1
galicia-lugo-begonte;Galicia;Lugo;Lugo;Begonte;municipio;si;si;no;;Municipio incluido en el anexo de zonas prioritarias.;https://www.boe.es/buscar/act.php?id=BOE-A-2008-4473&p=20220727&tn=1
galicia-lugo-burela;Galicia;Lugo;Lugo;Burela;municipio;si;si;no;;Municipio incluido en el anexo de zonas prioritarias.;https://www.boe.es/buscar/act.php?id=BOE-A-2008-4473&p=20220727&tn=1
galicia-lugo-cervo;Galicia;Lugo;Lugo;Cervo;municipio;si;si;no;;Municipio incluido en el anexo de zonas prioritarias.;https://www.boe.es/buscar/act.php?id=BOE-A-2008-4473&p=20220727&tn=1
galicia-lugo-chantada;Galicia;Lugo;Lugo;Chantada;municipio;si;si;no;;Municipio incluido en el anexo de zonas prioritarias.;https://www.boe.es/buscar/act.php?id=BOE-A-2008-4473&p=20220727&tn=1
galicia-lugo-foz;Galicia;Lugo;Lugo;Foz;municipio;si;si;no;;Municipio incluido en el anexo de zonas prioritarias.;https://www.boe.es/buscar/act.php?id=BOE-A-2008-4473&p=20220727&tn=1
galicia-lugo-mondonedo;Galicia;Lugo;Lugo;Mondoñedo;municipio;si;si;no;;Municipio incluido en el anexo de zonas prioritarias.;https://www.boe.es/buscar/act.php?id=BOE-A-2008-4473&p=20220727&tn=1
galicia-lugo-monforte-de-lemos;Galicia;Lugo;Lugo;Monforte de Lemos;municipio;si;si;no;;Municipio incluido en el anexo de zonas prioritarias.;https://www.boe.es/buscar/act.php?id=BOE-A-2008-4473&p=20220727&tn=1
galicia-lugo-outeiro-de-rei;Galicia;Lugo;Lugo;Outeiro de Rei;municipio;si;si;no;;Municipio incluido en el anexo de zonas prioritarias.;https://www.boe.es/buscar/act.php?id=BOE-A-2008-4473&p=20220727&tn=1
galicia-lugo-rabade;Galicia;Lugo;Lugo;Rábade;municipio;si;si;no;;Municipio incluido en el anexo de zonas prioritarias.;https://www.boe.es/buscar/act.php?id=BOE-A-2008-4473&p=20220727&tn=1
galicia-lugo-ribadeo;Galicia;Lugo;Lugo;Ribadeo;municipio;si;si;no;;Municipio incluido en el anexo de zonas prioritarias.;https://www.boe.es/buscar/act.php?id=BOE-A-2008-4473&p=20220727&tn=1
galicia-lugo-sarria;Galicia;Lugo;Lugo;Sarria;municipio;si;si;no;;Municipio incluido en el anexo de zonas prioritarias.;https://www.boe.es/buscar/act.php?id=BOE-A-2008-4473&p=20220727&tn=1
galicia-lugo-vilalba;Galicia;Lugo;Lugo;Vilalba;municipio;si;si;no;;Municipio incluido en el anexo de zonas prioritarias.;https://www.boe.es/buscar/act.php?id=BOE-A-2008-4473&p=20220727&tn=1
galicia-lugo-viveiro;Galicia;Lugo;Lugo;Viveiro;municipio;si;si;no;;Municipio incluido en el anexo de zonas prioritarias.;https://www.boe.es/buscar/act.php?id=BOE-A-2008-4473&p=20220727&tn=1
galicia-lugo-xove;Galicia;Lugo;Lugo;Xove;municipio;si;si;no;;Municipio incluido en el anexo de zonas prioritarias.;https://www.boe.es/buscar/act.php?id=BOE-A-2008-4473&p=20220727&tn=1
galicia-ourense-allariz;Galicia;Ourense;Ourense;Allariz;municipio;si;si;no;;Municipio incluido en el anexo de zonas prioritarias.;https://www.boe.es/buscar/act.php?id=BOE-A-2008-4473&p=20220727&tn=1
galicia-ourense-arnoia-a;Galicia;Ourense;Ourense;Arnoia, A;municipio;si;si;no;;Municipio incluido en el anexo de zonas prioritarias.;https://www.boe.es/buscar/act.php?id=BOE-A-2008-4473&p=20220727&tn=1
galicia-ourense-barco-de-valdeorras-o;Galicia;Ourense;Ourense;Barco de Valdeorras, O;municipio;si;si;no;;Municipio incluido en el anexo de zonas prioritarias.;https://www.boe.es/buscar/act.php?id=BOE-A-2008-4473&p=20220727&tn=1
galicia-ourense-carballino-o;Galicia;Ourense;Ourense;Carballiño, O;municipio;si;si;no;;Municipio incluido en el anexo de zonas prioritarias.;https://www.boe.es/buscar/act.php?id=BOE-A-2008-4473&p=20220727&tn=1
galicia-ourense-celanova;Galicia;Ourense;Ourense;Celanova;municipio;si;si;no;;Municipio incluido en el anexo de zonas prioritarias.;https://www.boe.es/buscar/act.php?id=BOE-A-2008-4473&p=20220727&tn=1
galicia-ourense-leiro;Galicia;Ourense;Ourense;Leiro;municipio;si;si;no;;Municipio incluido en el anexo de zonas prioritarias.;https://www.boe.es/buscar/act.php?id=BOE-A-2008-4473&p=20220727&tn=1
galicia-ourense-paderne-de-allariz;Galicia;Ourense;Ourense;Paderne de Allariz;municipio;si;si;no;;Municipio incluido en el anexo de zonas prioritarias.;https://www.boe.es/buscar/act.php?id=BOE-A-2008-4473&p=20220727&tn=1
galicia-ourense-pereiro-de-aguiar;Galicia;Ourense;Ourense;Pereiro de Aguiar;municipio;si;si;no;;Municipio incluido en el anexo de zonas prioritarias.;https://www.boe.es/buscar/act.php?id=BOE-A-2008-4473&p=20220727&tn=1
galicia-ourense-ribadavia;Galicia;Ourense;Ourense;Ribadavia;municipio;si;si;no;;Municipio incluido en el anexo de zonas prioritarias.;https://www.boe.es/buscar/act.php?id=BOE-A-2008-4473&p=20220727&tn=1
galicia-ourense-rua-a;Galicia;Ourense;Ourense;Rúa, A;municipio;si;si;no;;Municipio incluido en el anexo de zonas prioritarias.;https://www.boe.es/buscar/act.php?id=BOE-A-2008-4473&p=20220727&tn=1
galicia-ourense-san-cibrao-das-vinas;Galicia;Ourense;Ourense;San Cibrao das Viñas;municipio;si;si;no;;Municipio incluido en el anexo de zonas prioritarias.;https://www.boe.es/buscar/act.php?id=BOE-A-2008-4473&p=20220727&tn=1
galicia-ourense-verin;Galicia;Ourense;Ourense;Verín;municipio;si;si;no;;Municipio incluido en el anexo de zonas prioritarias.;https://www.boe.es/buscar/act.php?id=BOE-A-2008-4473&p=20220727&tn=1
galicia-ourense-vilamartin-de-valdeorras;Galicia;Ourense;Ourense;Vilamartín de Valdeorras;municipio;si;si;no;;Municipio incluido en el anexo de zonas prioritarias.;https://www.boe.es/buscar/act.php?id=BOE-A-2008-4473&p=20220727&tn=1
galicia-ourense-xinzo-de-limia;Galicia;Ourense;Ourense;Xinzo de Limia;municipio;si;si;no;;Municipio incluido en el anexo de zonas prioritarias.;https://www.boe.es/buscar/act.php?id=BOE-A-2008-4473&p=20220727&tn=1
galicia-pontevedra-baiona;Galicia;Pontevedra;Pontevedra;Baiona;municipio;si;si;no;;Municipio incluido en el anexo de zonas prioritarias.;https://www.boe.es/buscar/act.php?id=BOE-A-2008-4473&p=20220727&tn=1
galicia-pontevedra-bueu;Galicia;Pontevedra;Pontevedra;Bueu;municipio;si;si;no;;Municipio incluido en el anexo de zonas prioritarias.;https://www.boe.es/buscar/act.php?id=BOE-A-2008-4473&p=20220727&tn=1
galicia-pontevedra-caldas-de-reis;Galicia;Pontevedra;Pontevedra;Caldas de Reis;municipio;si;si;no;;Municipio incluido en el anexo de zonas prioritarias.;https://www.boe.es/buscar/act.php?id=BOE-A-2008-4473&p=20220727&tn=1
galicia-pontevedra-cambados;Galicia;Pontevedra;Pontevedra;Cambados;municipio;si;si;no;;Municipio incluido en el anexo de zonas prioritarias.;https://www.boe.es/buscar/act.php?id=BOE-A-2008-4473&p=20220727&tn=1
galicia-pontevedra-cangas;Galicia;Pontevedra;Pontevedra;Cangas;municipio;si;si;no;;Municipio incluido en el anexo de zonas prioritarias.;https://www.boe.es/buscar/act.php?id=BOE-A-2008-4473&p=20220727&tn=1
galicia-pontevedra-estrada-a;Galicia;Pontevedra;Pontevedra;Estrada, A;municipio;si;si;no;;Municipio incluido en el anexo de zonas prioritarias.;https://www.boe.es/buscar/act.php?id=BOE-A-2008-4473&p=20220727&tn=1
galicia-pontevedra-gondomar;Galicia;Pontevedra;Pontevedra;Gondomar;municipio;si;si;no;;Municipio incluido en el anexo de zonas prioritarias.;https://www.boe.es/buscar/act.php?id=BOE-A-2008-4473&p=20220727&tn=1
galicia-pontevedra-grove-o;Galicia;Pontevedra;Pontevedra;Grove, O;municipio;si;si;no;;Municipio incluido en el anexo de zonas prioritarias.;https://www.boe.es/buscar/act.php?id=BOE-A-2008-4473&p=20220727&tn=1
galicia-pontevedra-lalin;Galicia;Pontevedra;Pontevedra;Lalín;municipio;si;si;no;;Municipio incluido en el anexo de zonas prioritarias.;https://www.boe.es/buscar/act.php?id=BOE-A-2008-4473&p=20220727&tn=1
galicia-pontevedra-marin;Galicia;Pontevedra;Pontevedra;Marín;municipio;si;si;no;;Municipio incluido en el anexo de zonas prioritarias.;https://www.boe.es/buscar/act.php?id=BOE-A-2008-4473&p=20220727&tn=1
galicia-pontevedra-moana;Galicia;Pontevedra;Pontevedra;Moaña;municipio;si;si;no;;Municipio incluido en el anexo de zonas prioritarias.;https://www.boe.es/buscar/act.php?id=BOE-A-2008-4473&p=20220727&tn=1
galicia-pontevedra-mos;Galicia;Pontevedra;Pontevedra;Mos;municipio;si;si;no;;Municipio incluido en el anexo de zonas prioritarias.;https://www.boe.es/buscar/act.php?id=BOE-A-2008-4473&p=20220727&tn=1
galicia-pontevedra-nigran;Galicia;Pontevedra;Pontevedra;Nigrán;municipio;si;si;no;;Municipio incluido en el anexo de zonas prioritarias.;https://www.boe.es/buscar/act.php?id=BOE-A-2008-4473&p=20220727&tn=1
galicia-pontevedra-poio;Galicia;Pontevedra;Pontevedra;Poio;municipio;si;si;no;;Municipio incluido en el anexo de zonas prioritarias.;https://www.boe.es/buscar/act.php?id=BOE-A-2008-4473&p=20220727&tn=1
galicia-pontevedra-ponteareas;Galicia;Pontevedra;Pontevedra;Ponteareas;municipio;si;si;no;;Municipio incluido en el anexo de zonas prioritarias.;https://www.boe.es/buscar/act.php?id=BOE-A-2008-4473&p=20220727&tn=1
galicia-pontevedra-pontecesures;Galicia;Pontevedra;Pontevedra;Pontecesures;municipio;si;si;no;;Municipio incluido en el anexo de zonas prioritarias.;https://www.boe.es/buscar/act.php?id=BOE-A-2008-4473&p=20220727&tn=1
galicia-pontevedra-porrino-o;Galicia;Pontevedra;Pontevedra;Porriño, O;municipio;si;si;no;;Municipio incluido en el anexo de zonas prioritarias.;https://www.boe.es/buscar/act.php?id=BOE-A-2008-4473&p=20220727&tn=1
galicia-pontevedra-redondela;Galicia;Pontevedra;Pontevedra;Redondela;municipio;si;si;no;;Municipio incluido en el anexo de zonas prioritarias.;https://www.boe.es/buscar/act.php?id=BOE-A-2008-4473&p=20220727&tn=1
galicia-pontevedra-ribadumia;Galicia;Pontevedra;Pontevedra;Ribadumia;municipio;si;si;no;;Municipio incluido en el anexo de zonas prioritarias.;https://www.boe.es/buscar/act.php?id=BOE-A-2008-4473&p=20220727&tn=1
galicia-pontevedra-rosal-o;Galicia;Pontevedra;Pontevedra;Rosal, O;municipio;si;si;no;;Municipio incluido en el anexo de zonas prioritarias.;https://www.boe.es/buscar/act.php?id=BOE-A-2008-4473&p=20220727&tn=1
galicia-pontevedra-salceda-de-caselas;Galicia;Pontevedra;Pontevedra;Salceda de Caselas;municipio;si;si;no;;Municipio incluido en el anexo de zonas prioritarias.;https://www.boe.es/buscar/act.php?id=BOE-A-2008-4473&p=20220727&tn=1
galicia-pontevedra-salvaterra-de-mino;Galicia;Pontevedra;Pontevedra;Salvaterra de Miño;municipio;si;si;no;;Municipio incluido en el anexo de zonas prioritarias.;https://www.boe.es/buscar/act.php?id=BOE-A-2008-4473&p=20220727&tn=1
galicia-pontevedra-sanxenxo;Galicia;Pontevedra;Pontevedra;Sanxenxo;municipio;si;si;no;;Municipio incluido en el anexo de zonas prioritarias.;https://www.boe.es/buscar/act.php?id=BOE-A-2008-4473&p=20220727&tn=1
galicia-pontevedra-silleda;Galicia;Pontevedra;Pontevedra;Silleda;municipio;si;si;no;;Municipio incluido en el anexo de zonas prioritarias.;https://www.boe.es/buscar/act.php?id=BOE-A-2008-4473&p=20220727&tn=1
galicia-pontevedra-tui;Galicia;Pontevedra;Pontevedra;Tui;municipio;si;si;no;;Municipio incluido en el anexo de zonas prioritarias.;https://www.boe.es/buscar/act.php?id=BOE-A-2008-4473&p=20220727&tn=1
galicia-pontevedra-vigo;Galicia;Pontevedra;Pontevedra;Vigo;municipio;si;si;no;;Municipio incluido en el anexo de zonas prioritarias.;https://www.boe.es/buscar/act.php?id=BOE-A-2008-4473&p=20220727&tn=1
galicia-pontevedra-vilagarcia-de-arousa;Galicia;Pontevedra;Pontevedra;Vilagarcía de Arousa;municipio;si;si;no;;Municipio incluido en el anexo de zonas prioritarias.;https://www.boe.es/buscar/act.php?id=BOE-A-2008-4473&p=20220727&tn=1
galicia-pontevedra-vilanova-de-arousa;Galicia;Pontevedra;Pontevedra;Vilanova de Arousa;municipio;si;si;no;;Municipio incluido en el anexo de zonas prioritarias.;https://www.boe.es/buscar/act.php?id=BOE-A-2008-4473&p=20220727&tn=1
islas-baleares-islas-baleares-alaior;Islas Baleares;Islas Baleares;Islas Baleares;Alaior;municipio;si;si;no;;Municipio incluido en el anexo de zonas prioritarias.;https://www.boe.es/buscar/act.php?id=BOE-A-2015-4682&p=20220727&tn=1
islas-baleares-islas-baleares-alaro;Islas Baleares;Islas Baleares;Islas Baleares;Alaró;municipio;si;si;no;;Municipio incluido en el anexo de zonas prioritarias.;https://www.boe.es/buscar/act.php?id=BOE-A-2015-4682&p=20220727&tn=1
islas-baleares-islas-baleares-alcudia;Islas Baleares;Islas Baleares;Islas Baleares;Alcúdia;municipio;si;si;no;;Municipio incluido en el anexo de zonas prioritarias.;https://www.boe.es/buscar/act.php?id=BOE-A-2015-4682&p=20220727&tn=1
islas-baleares-islas-baleares-algaida;Islas Baleares;Islas Baleares;Islas Baleares;Algaida;municipio;si;si;no;;Municipio incluido en el anexo de zonas prioritarias.;https://www.boe.es/buscar/act.php?id=BOE-A-2015-4682&p=20220727&tn=1
islas-baleares-islas-baleares-andratx;Islas Baleares;Islas Baleares;Islas Baleares;Andratx;municipio;si;si;no;;Municipio incluido en el anexo de zonas prioritarias.;https://www.boe.es/buscar/act.php?id=BOE-A-2015-4682&p=20220727&tn=1
islas-baleares-islas-baleares-ariany;Islas Baleares;Islas Baleares;Islas Baleares;Ariany;municipio;si;si;no;;Municipio incluido en el anexo de zonas prioritarias.;https://www.boe.es/buscar/act.php?id=BOE-A-2015-4682&p=20220727&tn=1
islas-baleares-islas-baleares-arta;Islas Baleares;Islas Baleares;Islas Baleares;Artà;municipio;si;si;no;;Municipio incluido en el anexo de zonas prioritarias.;https://www.boe.es/buscar/act.php?id=BOE-A-2015-4682&p=20220727&tn=1
islas-baleares-islas-baleares-banyalbufar;Islas Baleares;Islas Baleares;Islas Baleares;Banyalbufar;municipio;si;si;no;;Municipio incluido en el anexo de zonas prioritarias.;https://www.boe.es/buscar/act.php?id=BOE-A-2015-4682&p=20220727&tn=1
islas-baleares-islas-baleares-binissalem;Islas Baleares;Islas Baleares;Islas Baleares;Binissalem;municipio;si;si;no;;Municipio incluido en el anexo de zonas prioritarias.;https://www.boe.es/buscar/act.php?id=BOE-A-2015-4682&p=20220727&tn=1
islas-baleares-islas-baleares-buger;Islas Baleares;Islas Baleares;Islas Baleares;Búger;municipio;si;si;no;;Municipio incluido en el anexo de zonas prioritarias.;https://www.boe.es/buscar/act.php?id=BOE-A-2015-4682&p=20220727&tn=1
islas-baleares-islas-baleares-bunyola;Islas Baleares;Islas Baleares;Islas Baleares;Bunyola;municipio;si;si;no;;Municipio incluido en el anexo de zonas prioritarias.;https://www.boe.es/buscar/act.php?id=BOE-A-2015-4682&p=20220727&tn=1
islas-baleares-islas-baleares-calvia;Islas Baleares;Islas Baleares;Islas Baleares;Calvià;municipio;si;si;no;;Municipio incluido en el anexo de zonas prioritarias.;https://www.boe.es/buscar/act.php?id=BOE-A-2015-4682&p=20220727&tn=1
islas-baleares-islas-baleares-campanet;Islas Baleares;Islas Baleares;Islas Baleares;Campanet;municipio;si;si;no;;Municipio incluido en el anexo de zonas prioritarias.;https://www.boe.es/buscar/act.php?id=BOE-A-2015-4682&p=20220727&tn=1
islas-baleares-islas-baleares-campos;Islas Baleares;Islas Baleares;Islas Baleares;Campos;municipio;si;si;no;;Municipio incluido en el anexo de zonas prioritarias.;https://www.boe.es/buscar/act.php?id=BOE-A-2015-4682&p=20220727&tn=1
islas-baleares-islas-baleares-capdepera;Islas Baleares;Islas Baleares;Islas Baleares;Capdepera;municipio;si;si;no;;Municipio incluido en el anexo de zonas prioritarias.;https://www.boe.es/buscar/act.php?id=BOE-A-2015-4682&p=20220727&tn=1
islas-baleares-islas-baleares-castell-es;Islas Baleares;Islas Baleares;Islas Baleares;Castell, Es;municipio;si;si;no;;Municipio incluido en el anexo de zonas prioritarias.;https://www.boe.es/buscar/act.php?id=BOE-A-2015-4682&p=20220727&tn=1
islas-baleares-islas-baleares-ciutadella-de-menorca;Islas Baleares;Islas Baleares;Islas Baleares;Ciutadella de Menorca;municipio;si;si;no;;Municipio incluido en el anexo de zonas prioritarias.;https://www.boe.es/buscar/act.php?id=BOE-A-2015-4682&p=20220727&tn=1
islas-baleares-islas-baleares-consell;Islas Baleares;Islas Baleares;Islas Baleares;Consell;municipio;si;si;no;;Municipio incluido en el anexo de zonas prioritarias.;https://www.boe.es/buscar/act.php?id=BOE-A-2015-4682&p=20220727&tn=1
islas-baleares-islas-baleares-costitx;Islas Baleares;Islas Baleares;Islas Baleares;Costitx;municipio;si;si;no;;Municipio incluido en el anexo de zonas prioritarias.;https://www.boe.es/buscar/act.php?id=BOE-A-2015-4682&p=20220727&tn=1
islas-baleares-islas-baleares-deia;Islas Baleares;Islas Baleares;Islas Baleares;Deià;municipio;si;si;no;;Municipio incluido en el anexo de zonas prioritarias.;https://www.boe.es/buscar/act.php?id=BOE-A-2015-4682&p=20220727&tn=1
islas-baleares-islas-baleares-eivissa;Islas Baleares;Islas Baleares;Islas Baleares;Eivissa;municipio;si;si;no;;Municipio incluido en el anexo de zonas prioritarias.;https://www.boe.es/buscar/act.php?id=BOE-A-2015-4682&p=20220727&tn=1
islas-baleares-islas-baleares-escorca;Islas Baleares;Islas Baleares;Islas Baleares;Escorca;municipio;si;si;no;;Municipio incluido en el anexo de zonas prioritarias.;https://www.boe.es/buscar/act.php?id=BOE-A-2015-4682&p=20220727&tn=1
islas-baleares-islas-baleares-esporles;Islas Baleares;Islas Baleares;Islas Baleares;Esporles;municipio;si;si;no;;Municipio incluido en el anexo de zonas prioritarias.;https://www.boe.es/buscar/act.php?id=BOE-A-2015-4682&p=20220727&tn=1
islas-baleares-islas-baleares-estellencs;Islas Baleares;Islas Baleares;Islas Baleares;Estellencs;municipio;si;si;no;;Municipio incluido en el anexo de zonas prioritarias.;https://www.boe.es/buscar/act.php?id=BOE-A-2015-4682&p=20220727&tn=1
islas-baleares-islas-baleares-felanitx;Islas Baleares;Islas Baleares;Islas Baleares;Felanitx;municipio;si;si;no;;Municipio incluido en el anexo de zonas prioritarias.;https://www.boe.es/buscar/act.php?id=BOE-A-2015-4682&p=20220727&tn=1
islas-baleares-islas-baleares-ferreries;Islas Baleares;Islas Baleares;Islas Baleares;Ferreries;municipio;si;si;no;;Municipio incluido en el anexo de zonas prioritarias.;https://www.boe.es/buscar/act.php?id=BOE-A-2015-4682&p=20220727&tn=1
islas-baleares-islas-baleares-formentera;Islas Baleares;Islas Baleares;Islas Baleares;Formentera;municipio;si;si;no;;Municipio incluido en el anexo de zonas prioritarias.;https://www.boe.es/buscar/act.php?id=BOE-A-2015-4682&p=20220727&tn=1
islas-baleares-islas-baleares-fornalutx;Islas Baleares;Islas Baleares;Islas Baleares;Fornalutx;municipio;si;si;no;;Municipio incluido en el anexo de zonas prioritarias.;https://www.boe.es/buscar/act.php?id=BOE-A-2015-4682&p=20220727&tn=1
islas-baleares-islas-baleares-inca;Islas Baleares;Islas Baleares;Islas Baleares;Inca;municipio;si;si;no;;Municipio incluido en el anexo de zonas prioritarias.;https://www.boe.es/buscar/act.php?id=BOE-A-2015-4682&p=20220727&tn=1
islas-baleares-islas-baleares-lloret-de-vistalegre;Islas Baleares;Islas Baleares;Islas Baleares;Lloret de Vistalegre;municipio;si;si;no;;Municipio incluido en el anexo de zonas prioritarias.;https://www.boe.es/buscar/act.php?id=BOE-A-2015-4682&p=20220727&tn=1
islas-baleares-islas-baleares-lloseta;Islas Baleares;Islas Baleares;Islas Baleares;Lloseta;municipio;si;si;no;;Municipio incluido en el anexo de zonas prioritarias.;https://www.boe.es/buscar/act.php?id=BOE-A-2015-4682&p=20220727&tn=1
islas-baleares-islas-baleares-llubi;Islas Baleares;Islas Baleares;Islas Baleares;Llubí;municipio;si;si;no;;Municipio incluido en el anexo de zonas prioritarias.;https://www.boe.es/buscar/act.php?id=BOE-A-2015-4682&p=20220727&tn=1
islas-baleares-islas-baleares-llucmajor;Islas Baleares;Islas Baleares;Islas Baleares;Llucmajor;municipio;si;si;no;;Municipio incluido en el anexo de zonas prioritarias.;https://www.boe.es/buscar/act.php?id=BOE-A-2015-4682&p=20220727&tn=1
islas-baleares-islas-baleares-manacor;Islas Baleares;Islas Baleares;Islas Baleares;Manacor;municipio;si;si;no;;Municipio incluido en el anexo de zonas prioritarias.;https://www.boe.es/buscar/act.php?id=BOE-A-2015-4682&p=20220727&tn=1
islas-baleares-islas-baleares-mancor-de-la-vall;Islas Baleares;Islas Baleares;Islas Baleares;Mancor de la Vall;municipio;si;si;no;;Municipio incluido en el anexo de zonas prioritarias.;https://www.boe.es/buscar/act.php?id=BOE-A-2015-4682&p=20220727&tn=1
islas-baleares-islas-baleares-mao;Islas Baleares;Islas Baleares;Islas Baleares;Maó;municipio;si;si;no;;Municipio incluido en el anexo de zonas prioritarias.;https://www.boe.es/buscar/act.php?id=BOE-A-2015-4682&p=20220727&tn=1
islas-baleares-islas-baleares-maria-de-la-salut;Islas Baleares;Islas Baleares;Islas Baleares;Maria de la Salut;municipio;si;si;no;;Municipio incluido en el anexo de zonas prioritarias.;https://www.boe.es/buscar/act.php?id=BOE-A-2015-4682&p=20220727&tn=1
islas-baleares-islas-baleares-marratxi;Islas Baleares;Islas Baleares;Islas Baleares;Marratxí;municipio;si;si;no;;Municipio incluido en el anexo de zonas prioritarias.;https://www.boe.es/buscar/act.php?id=BOE-A-2015-4682&p=20220727&tn=1
islas-baleares-islas-baleares-mercadal-es;Islas Baleares;Islas Baleares;Islas Baleares;Mercadal, Es;municipio;si;si;no;;Municipio incluido en el anexo de zonas prioritarias.;https://www.boe.es/buscar/act.php?id=BOE-A-2015-4682&p=20220727&tn=1
islas-baleares-islas-baleares-migjorn-gran-es;Islas Baleares;Islas Baleares;Islas Baleares;Migjorn Gran, Es;municipio;si;si;no;;Municipio incluido en el anexo de zonas prioritarias.;https://www.boe.es/buscar/act.php?id=BOE-A-2015-4682&p=20220727&tn=1
islas-baleares-islas-baleares-montuiri;Islas Baleares;Islas Baleares;Islas Baleares;Montuïri;municipio;si;si;no;;Municipio incluido en el anexo de zonas prioritarias.;https://www.boe.es/buscar/act.php?id=BOE-A-2015-4682&p=20220727&tn=1
islas-baleares-islas-baleares-muro;Islas Baleares;Islas Baleares;Islas Baleares;Muro;municipio;si;si;no;;Municipio incluido en el anexo de zonas prioritarias.;https://www.boe.es/buscar/act.php?id=BOE-A-2015-4682&p=20220727&tn=1
islas-baleares-islas-baleares-palma-secciones;Islas Baleares;Islas Baleares;Islas Baleares;Palma;seccion_censal;si;revision;si;0704001019, 0704002017, 0704002054, 0704003019, 0704003037, 0704003040, 0704003049, 0704004020, 0704004050, 0704004062, 0704004070, 0704004078, 0704005009, 0704005011, 0704005012, 0704005014, 0704005019;Prioritario solo para las secciones censales indicadas en el anexo. Secciones censales incluidas: 0704001019, 0704002017, 0704002054, 0704003019, 0704003037, 0704003040, 0704003049, 0704004020, 0704004050, 0704004062, 0704004070, 0704004078, 0704005009, 0704005011, 0704005012, 0704005014, 0704005019.;https://www.boe.es/buscar/act.php?id=BOE-A-2015-4682&p=20220727&tn=1
islas-baleares-islas-baleares-petra;Islas Baleares;Islas Baleares;Islas Baleares;Petra;municipio;si;si;no;;Municipio incluido en el anexo de zonas prioritarias.;https://www.boe.es/buscar/act.php?id=BOE-A-2015-4682&p=20220727&tn=1
islas-baleares-islas-baleares-pobla-sa;Islas Baleares;Islas Baleares;Islas Baleares;Pobla, Sa;municipio;si;si;no;;Municipio incluido en el anexo de zonas prioritarias.;https://www.boe.es/buscar/act.php?id=BOE-A-2015-4682&p=20220727&tn=1
islas-baleares-islas-baleares-pollenca;Islas Baleares;Islas Baleares;Islas Baleares;Pollença;municipio;si;si;no;;Municipio incluido en el anexo de zonas prioritarias.;https://www.boe.es/buscar/act.php?id=BOE-A-2015-4682&p=20220727&tn=1
islas-baleares-islas-baleares-porreres;Islas Baleares;Islas Baleares;Islas Baleares;Porreres;municipio;si;si;no;;Municipio incluido en el anexo de zonas prioritarias.;https://www.boe.es/buscar/act.php?id=BOE-A-2015-4682&p=20220727&tn=1
islas-baleares-islas-baleares-puigpunyent;Islas Baleares;Islas Baleares;Islas Baleares;Puigpunyent;municipio;si;si;no;;Municipio incluido en el anexo de zonas prioritarias.;https://www.boe.es/buscar/act.php?id=BOE-A-2015-4682&p=20220727&tn=1
islas-baleares-islas-baleares-salines-ses;Islas Baleares;Islas Baleares;Islas Baleares;Salines, Ses;municipio;si;si;no;;Municipio incluido en el anexo de zonas prioritarias.;https://www.boe.es/buscar/act.php?id=BOE-A-2015-4682&p=20220727&tn=1
islas-baleares-islas-baleares-sant-antoni-de-portmany;Islas Baleares;Islas Baleares;Islas Baleares;Sant Antoni de Portmany;municipio;si;si;no;;Municipio incluido en el anexo de zonas prioritarias.;https://www.boe.es/buscar/act.php?id=BOE-A-2015-4682&p=20220727&tn=1
islas-baleares-islas-baleares-sant-joan;Islas Baleares;Islas Baleares;Islas Baleares;Sant Joan;municipio;si;si;no;;Municipio incluido en el anexo de zonas prioritarias.;https://www.boe.es/buscar/act.php?id=BOE-A-2015-4682&p=20220727&tn=1
islas-baleares-islas-baleares-sant-joan-de-labritja;Islas Baleares;Islas Baleares;Islas Baleares;Sant Joan de Labritja;municipio;si;si;no;;Municipio incluido en el anexo de zonas prioritarias.;https://www.boe.es/buscar/act.php?id=BOE-A-2015-4682&p=20220727&tn=1
islas-baleares-islas-baleares-sant-josep-de-sa-tala;Islas Baleares;Islas Baleares;Islas Baleares;Sant Josep de sa Tala;municipio;si;si;no;;Municipio incluido en el anexo de zonas prioritarias.;https://www.boe.es/buscar/act.php?id=BOE-A-2015-4682&p=20220727&tn=1
islas-baleares-islas-baleares-sant-llorenc-des-cardassar;Islas Baleares;Islas Baleares;Islas Baleares;Sant Llorenç des Cardassar;municipio;si;si;no;;Municipio incluido en el anexo de zonas prioritarias.;https://www.boe.es/buscar/act.php?id=BOE-A-2015-4682&p=20220727&tn=1
islas-baleares-islas-baleares-sant-lluis;Islas Baleares;Islas Baleares;Islas Baleares;Sant Lluís;municipio;si;si;no;;Municipio incluido en el anexo de zonas prioritarias.;https://www.boe.es/buscar/act.php?id=BOE-A-2015-4682&p=20220727&tn=1
islas-baleares-islas-baleares-santa-eugenia;Islas Baleares;Islas Baleares;Islas Baleares;Santa Eugènia;municipio;si;si;no;;Municipio incluido en el anexo de zonas prioritarias.;https://www.boe.es/buscar/act.php?id=BOE-A-2015-4682&p=20220727&tn=1
islas-baleares-islas-baleares-santa-eularia-del-riu;Islas Baleares;Islas Baleares;Islas Baleares;Santa Eulària del Riu;municipio;si;si;no;;Municipio incluido en el anexo de zonas prioritarias.;https://www.boe.es/buscar/act.php?id=BOE-A-2015-4682&p=20220727&tn=1
islas-baleares-islas-baleares-santa-maria-del-cami;Islas Baleares;Islas Baleares;Islas Baleares;Santa Maria del Camí;municipio;si;si;no;;Municipio incluido en el anexo de zonas prioritarias.;https://www.boe.es/buscar/act.php?id=BOE-A-2015-4682&p=20220727&tn=1
islas-baleares-islas-baleares-santa-marqalida;Islas Baleares;Islas Baleares;Islas Baleares;Santa Marqalida;municipio;si;si;no;;Municipio incluido en el anexo de zonas prioritarias.;https://www.boe.es/buscar/act.php?id=BOE-A-2015-4682&p=20220727&tn=1
islas-baleares-islas-baleares-santanyi;Islas Baleares;Islas Baleares;Islas Baleares;Santanyí;municipio;si;si;no;;Municipio incluido en el anexo de zonas prioritarias.;https://www.boe.es/buscar/act.php?id=BOE-A-2015-4682&p=20220727&tn=1
islas-baleares-islas-baleares-se-modifica-por-el-art-unico-7-del-real-decreto-621-2022-de-26-de-julio-ref-boe-a-2022-12496;Islas Baleares;Islas Baleares;Islas Baleares;Se modifica por el art. único.7 del Real Decreto 621/2022, de 26 de julio. Ref. BOE-A-2022-12496;municipio;si;si;no;;Municipio incluido en el anexo de zonas prioritarias.;https://www.boe.es/buscar/act.php?id=BOE-A-2015-4682&p=20220727&tn=1
islas-baleares-islas-baleares-seleccionar-redaccion;Islas Baleares;Islas Baleares;Islas Baleares;Seleccionar redacción;municipio;si;si;no;;Municipio incluido en el anexo de zonas prioritarias.;https://www.boe.es/buscar/act.php?id=BOE-A-2015-4682&p=20220727&tn=1
islas-baleares-islas-baleares-selva;Islas Baleares;Islas Baleares;Islas Baleares;Selva;municipio;si;si;no;;Municipio incluido en el anexo de zonas prioritarias.;https://www.boe.es/buscar/act.php?id=BOE-A-2015-4682&p=20220727&tn=1
islas-baleares-islas-baleares-sencelles;Islas Baleares;Islas Baleares;Islas Baleares;Sencelles;municipio;si;si;no;;Municipio incluido en el anexo de zonas prioritarias.;https://www.boe.es/buscar/act.php?id=BOE-A-2015-4682&p=20220727&tn=1
islas-baleares-islas-baleares-sineu;Islas Baleares;Islas Baleares;Islas Baleares;Sineu;municipio;si;si;no;;Municipio incluido en el anexo de zonas prioritarias.;https://www.boe.es/buscar/act.php?id=BOE-A-2015-4682&p=20220727&tn=1
islas-baleares-islas-baleares-soller;Islas Baleares;Islas Baleares;Islas Baleares;Sóller;municipio;si;si;no;;Municipio incluido en el anexo de zonas prioritarias.;https://www.boe.es/buscar/act.php?id=BOE-A-2015-4682&p=20220727&tn=1
islas-baleares-islas-baleares-son-servera;Islas Baleares;Islas Baleares;Islas Baleares;Son Servera;municipio;si;si;no;;Municipio incluido en el anexo de zonas prioritarias.;https://www.boe.es/buscar/act.php?id=BOE-A-2015-4682&p=20220727&tn=1
islas-baleares-islas-baleares-texto-original-publicado-el-29-04-2015-en-vigor-a-partir-del-30-04-2015;Islas Baleares;Islas Baleares;Islas Baleares;Texto original, publicado el 29/04/2015, en vigor a partir del 30/04/2015;municipio;si;si;no;;Municipio incluido en el anexo de zonas prioritarias.;https://www.boe.es/buscar/act.php?id=BOE-A-2015-4682&p=20220727&tn=1
islas-baleares-islas-baleares-ultima-actualizacion-publicada-el-27-07-2022-en-vigor-a-partir-del-28-07-2022;Islas Baleares;Islas Baleares;Islas Baleares;Última actualización, publicada el 27/07/2022, en vigor a partir del 28/07/2022;municipio;si;si;no;;Municipio incluido en el anexo de zonas prioritarias.;https://www.boe.es/buscar/act.php?id=BOE-A-2015-4682&p=20220727&tn=1
islas-baleares-islas-baleares-valldemossa;Islas Baleares;Islas Baleares;Islas Baleares;Valldemossa;municipio;si;si;no;;Municipio incluido en el anexo de zonas prioritarias.;https://www.boe.es/buscar/act.php?id=BOE-A-2015-4682&p=20220727&tn=1
islas-baleares-islas-baleares-vilafranca-de-bonany;Islas Baleares;Islas Baleares;Islas Baleares;Vilafranca de Bonany;municipio;si;si;no;;Municipio incluido en el anexo de zonas prioritarias.;https://www.boe.es/buscar/act.php?id=BOE-A-2015-4682&p=20220727&tn=1
islas-canarias-isla-de-la-palma-barlovento;Islas Canarias;Santa Cruz de Tenerife;Isla de La Palma;Barlovento;municipio;si;si;no;;Municipio incluido en el anexo de zonas prioritarias.;https://www.boe.es/buscar/act.php?id=BOE-A-2008-4481&p=20220727&tn=1
islas-canarias-isla-de-la-palma-brena-alta;Islas Canarias;Santa Cruz de Tenerife;Isla de La Palma;Breña Alta;municipio;si;si;no;;Municipio incluido en el anexo de zonas prioritarias.;https://www.boe.es/buscar/act.php?id=BOE-A-2008-4481&p=20220727&tn=1
islas-canarias-isla-de-la-palma-brena-baja;Islas Canarias;Santa Cruz de Tenerife;Isla de La Palma;Breña Baja;municipio;si;si;no;;Municipio incluido en el anexo de zonas prioritarias.;https://www.boe.es/buscar/act.php?id=BOE-A-2008-4481&p=20220727&tn=1
islas-canarias-isla-de-la-palma-el-paso;Islas Canarias;Santa Cruz de Tenerife;Isla de La Palma;El Paso;municipio;si;si;no;;Municipio incluido en el anexo de zonas prioritarias.;https://www.boe.es/buscar/act.php?id=BOE-A-2008-4481&p=20220727&tn=1
islas-canarias-isla-de-la-palma-fuencaliente;Islas Canarias;Santa Cruz de Tenerife;Isla de La Palma;Fuencaliente;municipio;si;si;no;;Municipio incluido en el anexo de zonas prioritarias.;https://www.boe.es/buscar/act.php?id=BOE-A-2008-4481&p=20220727&tn=1
islas-canarias-isla-de-la-palma-garafia;Islas Canarias;Santa Cruz de Tenerife;Isla de La Palma;Garafia;municipio;si;si;no;;Municipio incluido en el anexo de zonas prioritarias.;https://www.boe.es/buscar/act.php?id=BOE-A-2008-4481&p=20220727&tn=1
islas-canarias-isla-de-la-palma-los-llanos-de-aridane;Islas Canarias;Santa Cruz de Tenerife;Isla de La Palma;Los Llanos de Aridane;municipio;si;si;no;;Municipio incluido en el anexo de zonas prioritarias.;https://www.boe.es/buscar/act.php?id=BOE-A-2008-4481&p=20220727&tn=1
islas-canarias-isla-de-la-palma-punta-gorda;Islas Canarias;Santa Cruz de Tenerife;Isla de La Palma;Punta Gorda;municipio;si;si;no;;Municipio incluido en el anexo de zonas prioritarias.;https://www.boe.es/buscar/act.php?id=BOE-A-2008-4481&p=20220727&tn=1
islas-canarias-isla-de-la-palma-punta-llana;Islas Canarias;Santa Cruz de Tenerife;Isla de La Palma;Punta Llana;municipio;si;si;no;;Municipio incluido en el anexo de zonas prioritarias.;https://www.boe.es/buscar/act.php?id=BOE-A-2008-4481&p=20220727&tn=1
islas-canarias-isla-de-la-palma-san-andres-y-sauces;Islas Canarias;Santa Cruz de Tenerife;Isla de La Palma;San Andrés y Sauces;municipio;si;si;no;;Municipio incluido en el anexo de zonas prioritarias.;https://www.boe.es/buscar/act.php?id=BOE-A-2008-4481&p=20220727&tn=1
islas-canarias-isla-de-la-palma-santa-cruz-de-la-palma;Islas Canarias;Santa Cruz de Tenerife;Isla de La Palma;Santa Cruz de la Palma;municipio;si;si;no;;Municipio incluido en el anexo de zonas prioritarias.;https://www.boe.es/buscar/act.php?id=BOE-A-2008-4481&p=20220727&tn=1
islas-canarias-isla-de-la-palma-tazacorte;Islas Canarias;Santa Cruz de Tenerife;Isla de La Palma;Tazacorte;municipio;si;si;no;;Municipio incluido en el anexo de zonas prioritarias.;https://www.boe.es/buscar/act.php?id=BOE-A-2008-4481&p=20220727&tn=1
islas-canarias-isla-de-la-palma-tijarafe;Islas Canarias;Santa Cruz de Tenerife;Isla de La Palma;Tijarafe;municipio;si;si;no;;Municipio incluido en el anexo de zonas prioritarias.;https://www.boe.es/buscar/act.php?id=BOE-A-2008-4481&p=20220727&tn=1
islas-canarias-isla-de-la-palma-villa-de-mazo;Islas Canarias;Santa Cruz de Tenerife;Isla de La Palma;Villa de Mazo;municipio;si;si;no;;Municipio incluido en el anexo de zonas prioritarias.;https://www.boe.es/buscar/act.php?id=BOE-A-2008-4481&p=20220727&tn=1
islas-canarias-las-palmas-agaete;Islas Canarias;Las Palmas;Las Palmas;Agaete;municipio;si;si;no;;Municipio incluido en el anexo de zonas prioritarias.;https://www.boe.es/buscar/act.php?id=BOE-A-2008-4481&p=20220727&tn=1
islas-canarias-las-palmas-aguimes;Islas Canarias;Las Palmas;Las Palmas;Agüimes;municipio;si;si;no;;Municipio incluido en el anexo de zonas prioritarias.;https://www.boe.es/buscar/act.php?id=BOE-A-2008-4481&p=20220727&tn=1
islas-canarias-las-palmas-aldea-de-san-nicolas-la;Islas Canarias;Las Palmas;Las Palmas;Aldea de San Nicolás, La;municipio;si;si;no;;Municipio incluido en el anexo de zonas prioritarias.;https://www.boe.es/buscar/act.php?id=BOE-A-2008-4481&p=20220727&tn=1
islas-canarias-las-palmas-antigua;Islas Canarias;Las Palmas;Las Palmas;Antigua;municipio;si;si;no;;Municipio incluido en el anexo de zonas prioritarias.;https://www.boe.es/buscar/act.php?id=BOE-A-2008-4481&p=20220727&tn=1
islas-canarias-las-palmas-arrecife;Islas Canarias;Las Palmas;Las Palmas;Arrecife;municipio;si;si;no;;Municipio incluido en el anexo de zonas prioritarias.;https://www.boe.es/buscar/act.php?id=BOE-A-2008-4481&p=20220727&tn=1
islas-canarias-las-palmas-arucas;Islas Canarias;Las Palmas;Las Palmas;Arucas;municipio;si;si;no;;Municipio incluido en el anexo de zonas prioritarias.;https://www.boe.es/buscar/act.php?id=BOE-A-2008-4481&p=20220727&tn=1
islas-canarias-las-palmas-betancuria;Islas Canarias;Las Palmas;Las Palmas;Betancuria;municipio;si;si;no;;Municipio incluido en el anexo de zonas prioritarias.;https://www.boe.es/buscar/act.php?id=BOE-A-2008-4481&p=20220727&tn=1
islas-canarias-las-palmas-firgas;Islas Canarias;Las Palmas;Las Palmas;Firgas;municipio;si;si;no;;Municipio incluido en el anexo de zonas prioritarias.;https://www.boe.es/buscar/act.php?id=BOE-A-2008-4481&p=20220727&tn=1
islas-canarias-las-palmas-galdar;Islas Canarias;Las Palmas;Las Palmas;Gáldar;municipio;si;si;no;;Municipio incluido en el anexo de zonas prioritarias.;https://www.boe.es/buscar/act.php?id=BOE-A-2008-4481&p=20220727&tn=1
islas-canarias-las-palmas-haria;Islas Canarias;Las Palmas;Las Palmas;Haria;municipio;si;si;no;;Municipio incluido en el anexo de zonas prioritarias.;https://www.boe.es/buscar/act.php?id=BOE-A-2008-4481&p=20220727&tn=1
islas-canarias-las-palmas-ingenio;Islas Canarias;Las Palmas;Las Palmas;Ingenio;municipio;si;si;no;;Municipio incluido en el anexo de zonas prioritarias.;https://www.boe.es/buscar/act.php?id=BOE-A-2008-4481&p=20220727&tn=1
islas-canarias-las-palmas-la-oliva;Islas Canarias;Las Palmas;Las Palmas;La Oliva;municipio;si;si;no;;Municipio incluido en el anexo de zonas prioritarias.;https://www.boe.es/buscar/act.php?id=BOE-A-2008-4481&p=20220727&tn=1
islas-canarias-las-palmas-las-palmas-de-gran-canaria-zona-industrial;Islas Canarias;Las Palmas;Las Palmas;Las Palmas de Gran Canaria;zona_industrial;si;revision;si;;Prioritario solo dentro de las zonas industriales enumeradas en el anexo. Ambitos concretos: Urbanización industrial «Díaz Casanova» y su ampliación, Zona de los Tarahales, Zona de Barranco Seco, Plan parcial industrial «El Sebadal», Zona «Miller Industrial», Zona «Las Torres Lomo Blanco», Zona de Merca Las Palmas, Zona los Llanos de Guinea, Zona «Escaleritas», Zona «La Cazuela», Zona Portuaria de Las Palmas.;https://www.boe.es/buscar/act.php?id=BOE-A-2008-4481&p=20220727&tn=1
islas-canarias-las-palmas-mogan;Islas Canarias;Las Palmas;Las Palmas;Mogán;municipio;si;si;no;;Municipio incluido en el anexo de zonas prioritarias.;https://www.boe.es/buscar/act.php?id=BOE-A-2008-4481&p=20220727&tn=1
islas-canarias-las-palmas-moya;Islas Canarias;Las Palmas;Las Palmas;Moya;municipio;si;si;no;;Municipio incluido en el anexo de zonas prioritarias.;https://www.boe.es/buscar/act.php?id=BOE-A-2008-4481&p=20220727&tn=1
islas-canarias-las-palmas-pajara;Islas Canarias;Las Palmas;Las Palmas;Pájara;municipio;si;si;no;;Municipio incluido en el anexo de zonas prioritarias.;https://www.boe.es/buscar/act.php?id=BOE-A-2008-4481&p=20220727&tn=1
islas-canarias-las-palmas-puerto-del-rosario;Islas Canarias;Las Palmas;Las Palmas;Puerto del Rosario;municipio;si;si;no;;Municipio incluido en el anexo de zonas prioritarias.;https://www.boe.es/buscar/act.php?id=BOE-A-2008-4481&p=20220727&tn=1
islas-canarias-las-palmas-san-bartolome;Islas Canarias;Las Palmas;Las Palmas;San Bartolomé;municipio;si;si;no;;Municipio incluido en el anexo de zonas prioritarias.;https://www.boe.es/buscar/act.php?id=BOE-A-2008-4481&p=20220727&tn=1
islas-canarias-las-palmas-san-bartolome-de-tirajana;Islas Canarias;Las Palmas;Las Palmas;San Bartolomé de Tirajana;municipio;si;si;no;;Municipio incluido en el anexo de zonas prioritarias.;https://www.boe.es/buscar/act.php?id=BOE-A-2008-4481&p=20220727&tn=1
islas-canarias-las-palmas-santa-lucia;Islas Canarias;Las Palmas;Las Palmas;Santa Lucía;municipio;si;si;no;;Municipio incluido en el anexo de zonas prioritarias.;https://www.boe.es/buscar/act.php?id=BOE-A-2008-4481&p=20220727&tn=1
islas-canarias-las-palmas-santa-maria-de-guia;Islas Canarias;Las Palmas;Las Palmas;Santa María de Guía;municipio;si;si;no;;Municipio incluido en el anexo de zonas prioritarias.;https://www.boe.es/buscar/act.php?id=BOE-A-2008-4481&p=20220727&tn=1
islas-canarias-las-palmas-teguise;Islas Canarias;Las Palmas;Las Palmas;Teguise;municipio;si;si;no;;Municipio incluido en el anexo de zonas prioritarias.;https://www.boe.es/buscar/act.php?id=BOE-A-2008-4481&p=20220727&tn=1
islas-canarias-las-palmas-tejeda;Islas Canarias;Las Palmas;Las Palmas;Tejeda;municipio;si;si;no;;Municipio incluido en el anexo de zonas prioritarias.;https://www.boe.es/buscar/act.php?id=BOE-A-2008-4481&p=20220727&tn=1
islas-canarias-las-palmas-telde;Islas Canarias;Las Palmas;Las Palmas;Telde;municipio;si;si;no;;Municipio incluido en el anexo de zonas prioritarias.;https://www.boe.es/buscar/act.php?id=BOE-A-2008-4481&p=20220727&tn=1
islas-canarias-las-palmas-teror;Islas Canarias;Las Palmas;Las Palmas;Teror;municipio;si;si;no;;Municipio incluido en el anexo de zonas prioritarias.;https://www.boe.es/buscar/act.php?id=BOE-A-2008-4481&p=20220727&tn=1
islas-canarias-las-palmas-tias;Islas Canarias;Las Palmas;Las Palmas;Tías;municipio;si;si;no;;Municipio incluido en el anexo de zonas prioritarias.;https://www.boe.es/buscar/act.php?id=BOE-A-2008-4481&p=20220727&tn=1
islas-canarias-las-palmas-tinajo;Islas Canarias;Las Palmas;Las Palmas;Tinajo;municipio;si;si;no;;Municipio incluido en el anexo de zonas prioritarias.;https://www.boe.es/buscar/act.php?id=BOE-A-2008-4481&p=20220727&tn=1
islas-canarias-las-palmas-tuineje;Islas Canarias;Las Palmas;Las Palmas;Tuineje;municipio;si;si;no;;Municipio incluido en el anexo de zonas prioritarias.;https://www.boe.es/buscar/act.php?id=BOE-A-2008-4481&p=20220727&tn=1
islas-canarias-las-palmas-valsequillo;Islas Canarias;Las Palmas;Las Palmas;Valsequillo;municipio;si;si;no;;Municipio incluido en el anexo de zonas prioritarias.;https://www.boe.es/buscar/act.php?id=BOE-A-2008-4481&p=20220727&tn=1
islas-canarias-las-palmas-vega-san-mateo;Islas Canarias;Las Palmas;Las Palmas;Vega San Mateo;municipio;si;si;no;;Municipio incluido en el anexo de zonas prioritarias.;https://www.boe.es/buscar/act.php?id=BOE-A-2008-4481&p=20220727&tn=1
islas-canarias-las-palmas-yaiza;Islas Canarias;Las Palmas;Las Palmas;Yaiza;municipio;si;si;no;;Municipio incluido en el anexo de zonas prioritarias.;https://www.boe.es/buscar/act.php?id=BOE-A-2008-4481&p=20220727&tn=1
islas-canarias-santa-cruz-de-tenerife-adeje;Islas Canarias;Santa Cruz de Tenerife;Santa Cruz de Tenerife;Adeje;municipio;si;si;no;;Municipio incluido en el anexo de zonas prioritarias.;https://www.boe.es/buscar/act.php?id=BOE-A-2008-4481&p=20220727&tn=1
islas-canarias-santa-cruz-de-tenerife-agulo;Islas Canarias;Santa Cruz de Tenerife;Santa Cruz de Tenerife;Agulo;municipio;si;si;no;;Municipio incluido en el anexo de zonas prioritarias.;https://www.boe.es/buscar/act.php?id=BOE-A-2008-4481&p=20220727&tn=1
islas-canarias-santa-cruz-de-tenerife-alajero;Islas Canarias;Santa Cruz de Tenerife;Santa Cruz de Tenerife;Alajero;municipio;si;si;no;;Municipio incluido en el anexo de zonas prioritarias.;https://www.boe.es/buscar/act.php?id=BOE-A-2008-4481&p=20220727&tn=1
islas-canarias-santa-cruz-de-tenerife-arafo;Islas Canarias;Santa Cruz de Tenerife;Santa Cruz de Tenerife;Arafo;municipio;si;si;no;;Municipio incluido en el anexo de zonas prioritarias.;https://www.boe.es/buscar/act.php?id=BOE-A-2008-4481&p=20220727&tn=1
islas-canarias-santa-cruz-de-tenerife-arico;Islas Canarias;Santa Cruz de Tenerife;Santa Cruz de Tenerife;Arico;municipio;si;si;no;;Municipio incluido en el anexo de zonas prioritarias.;https://www.boe.es/buscar/act.php?id=BOE-A-2008-4481&p=20220727&tn=1
islas-canarias-santa-cruz-de-tenerife-arona;Islas Canarias;Santa Cruz de Tenerife;Santa Cruz de Tenerife;Arona;municipio;si;si;no;;Municipio incluido en el anexo de zonas prioritarias.;https://www.boe.es/buscar/act.php?id=BOE-A-2008-4481&p=20220727&tn=1
islas-canarias-santa-cruz-de-tenerife-buena-vista-del-norte;Islas Canarias;Santa Cruz de Tenerife;Santa Cruz de Tenerife;Buena Vista del Norte;municipio;si;si;no;;Municipio incluido en el anexo de zonas prioritarias.;https://www.boe.es/buscar/act.php?id=BOE-A-2008-4481&p=20220727&tn=1
islas-canarias-santa-cruz-de-tenerife-candelaria;Islas Canarias;Santa Cruz de Tenerife;Santa Cruz de Tenerife;Candelaria;municipio;si;si;no;;Municipio incluido en el anexo de zonas prioritarias.;https://www.boe.es/buscar/act.php?id=BOE-A-2008-4481&p=20220727&tn=1
islas-canarias-santa-cruz-de-tenerife-el-pinar-de-el-hierro;Islas Canarias;Santa Cruz de Tenerife;Santa Cruz de Tenerife;El Pinar de El Hierro;municipio;si;si;no;;Municipio incluido en el anexo de zonas prioritarias.;https://www.boe.es/buscar/act.php?id=BOE-A-2008-4481&p=20220727&tn=1
islas-canarias-santa-cruz-de-tenerife-el-rosario;Islas Canarias;Santa Cruz de Tenerife;Santa Cruz de Tenerife;El Rosario;municipio;si;si;no;;Municipio incluido en el anexo de zonas prioritarias.;https://www.boe.es/buscar/act.php?id=BOE-A-2008-4481&p=20220727&tn=1
islas-canarias-santa-cruz-de-tenerife-frontera;Islas Canarias;Santa Cruz de Tenerife;Santa Cruz de Tenerife;Frontera;municipio;si;si;no;;Municipio incluido en el anexo de zonas prioritarias.;https://www.boe.es/buscar/act.php?id=BOE-A-2008-4481&p=20220727&tn=1
islas-canarias-santa-cruz-de-tenerife-garachico;Islas Canarias;Santa Cruz de Tenerife;Santa Cruz de Tenerife;Garachico;municipio;si;si;no;;Municipio incluido en el anexo de zonas prioritarias.;https://www.boe.es/buscar/act.php?id=BOE-A-2008-4481&p=20220727&tn=1
islas-canarias-santa-cruz-de-tenerife-granadilla-de-abona;Islas Canarias;Santa Cruz de Tenerife;Santa Cruz de Tenerife;Granadilla de Abona;municipio;si;si;no;;Municipio incluido en el anexo de zonas prioritarias.;https://www.boe.es/buscar/act.php?id=BOE-A-2008-4481&p=20220727&tn=1
islas-canarias-santa-cruz-de-tenerife-guia-de-isora;Islas Canarias;Santa Cruz de Tenerife;Santa Cruz de Tenerife;Guía de Isora;municipio;si;si;no;;Municipio incluido en el anexo de zonas prioritarias.;https://www.boe.es/buscar/act.php?id=BOE-A-2008-4481&p=20220727&tn=1
islas-canarias-santa-cruz-de-tenerife-guimar;Islas Canarias;Santa Cruz de Tenerife;Santa Cruz de Tenerife;Güimar;municipio;si;si;no;;Municipio incluido en el anexo de zonas prioritarias.;https://www.boe.es/buscar/act.php?id=BOE-A-2008-4481&p=20220727&tn=1
islas-canarias-santa-cruz-de-tenerife-hermigua;Islas Canarias;Santa Cruz de Tenerife;Santa Cruz de Tenerife;Hermigua;municipio;si;si;no;;Municipio incluido en el anexo de zonas prioritarias.;https://www.boe.es/buscar/act.php?id=BOE-A-2008-4481&p=20220727&tn=1
islas-canarias-santa-cruz-de-tenerife-icod-de-los-vinos;Islas Canarias;Santa Cruz de Tenerife;Santa Cruz de Tenerife;Icod de los Vinos;municipio;si;si;no;;Municipio incluido en el anexo de zonas prioritarias.;https://www.boe.es/buscar/act.php?id=BOE-A-2008-4481&p=20220727&tn=1
islas-canarias-santa-cruz-de-tenerife-la-guancha;Islas Canarias;Santa Cruz de Tenerife;Santa Cruz de Tenerife;La Guancha;municipio;si;si;no;;Municipio incluido en el anexo de zonas prioritarias.;https://www.boe.es/buscar/act.php?id=BOE-A-2008-4481&p=20220727&tn=1
islas-canarias-santa-cruz-de-tenerife-la-laguna;Islas Canarias;Santa Cruz de Tenerife;Santa Cruz de Tenerife;La Laguna;municipio;si;si;no;;Municipio incluido en el anexo de zonas prioritarias.;https://www.boe.es/buscar/act.php?id=BOE-A-2008-4481&p=20220727&tn=1
islas-canarias-santa-cruz-de-tenerife-la-matanza-de-acentejo;Islas Canarias;Santa Cruz de Tenerife;Santa Cruz de Tenerife;La Matanza de Acentejo;municipio;si;si;no;;Municipio incluido en el anexo de zonas prioritarias.;https://www.boe.es/buscar/act.php?id=BOE-A-2008-4481&p=20220727&tn=1
islas-canarias-santa-cruz-de-tenerife-la-orotava;Islas Canarias;Santa Cruz de Tenerife;Santa Cruz de Tenerife;La Orotava;municipio;si;si;no;;Municipio incluido en el anexo de zonas prioritarias.;https://www.boe.es/buscar/act.php?id=BOE-A-2008-4481&p=20220727&tn=1
islas-canarias-santa-cruz-de-tenerife-la-victoria-de-acentejo;Islas Canarias;Santa Cruz de Tenerife;Santa Cruz de Tenerife;La Victoria de Acentejo;municipio;si;si;no;;Municipio incluido en el anexo de zonas prioritarias.;https://www.boe.es/buscar/act.php?id=BOE-A-2008-4481&p=20220727&tn=1
islas-canarias-santa-cruz-de-tenerife-los-realejos;Islas Canarias;Santa Cruz de Tenerife;Santa Cruz de Tenerife;Los Realejos;municipio;si;si;no;;Municipio incluido en el anexo de zonas prioritarias.;https://www.boe.es/buscar/act.php?id=BOE-A-2008-4481&p=20220727&tn=1
islas-canarias-santa-cruz-de-tenerife-los-silos;Islas Canarias;Santa Cruz de Tenerife;Santa Cruz de Tenerife;Los Silos;municipio;si;si;no;;Municipio incluido en el anexo de zonas prioritarias.;https://www.boe.es/buscar/act.php?id=BOE-A-2008-4481&p=20220727&tn=1
islas-canarias-santa-cruz-de-tenerife-puerto-de-la-cruz;Islas Canarias;Santa Cruz de Tenerife;Santa Cruz de Tenerife;Puerto de la Cruz;municipio;si;si;no;;Municipio incluido en el anexo de zonas prioritarias.;https://www.boe.es/buscar/act.php?id=BOE-A-2008-4481&p=20220727&tn=1
islas-canarias-santa-cruz-de-tenerife-san-miguel;Islas Canarias;Santa Cruz de Tenerife;Santa Cruz de Tenerife;San Miguel;municipio;si;si;no;;Municipio incluido en el anexo de zonas prioritarias.;https://www.boe.es/buscar/act.php?id=BOE-A-2008-4481&p=20220727&tn=1
islas-canarias-santa-cruz-de-tenerife-san-sebastian-de-la-gomera;Islas Canarias;Santa Cruz de Tenerife;Santa Cruz de Tenerife;San Sebastián de la Gomera;municipio;si;si;no;;Municipio incluido en el anexo de zonas prioritarias.;https://www.boe.es/buscar/act.php?id=BOE-A-2008-4481&p=20220727&tn=1
islas-canarias-santa-cruz-de-tenerife-santa-cruz-de-tenerife-zona-industrial;Islas Canarias;Santa Cruz de Tenerife;Santa Cruz de Tenerife;Santa Cruz de Tenerife;zona_industrial;si;revision;si;;Prioritario solo dentro de las zonas industriales enumeradas en el anexo. Ambitos concretos: Polígono «Costa Sur», «El Mayorazgo», Zona del Chorrillo, Zona «La Gallega», Zona «El Molino», Zona «Las Moraditas de Taco», Zona «Montaña de Taco», Zona «El Pilar-La Gallega», Zona «Jagua», Zona «Cueva Bermeja», Zona «La Monja», Zona de Merca Tenerife, Zona Portuaria de Santa Cruz.;https://www.boe.es/buscar/act.php?id=BOE-A-2008-4481&p=20220727&tn=1
islas-canarias-santa-cruz-de-tenerife-santa-ursula;Islas Canarias;Santa Cruz de Tenerife;Santa Cruz de Tenerife;Santa Úrsula;municipio;si;si;no;;Municipio incluido en el anexo de zonas prioritarias.;https://www.boe.es/buscar/act.php?id=BOE-A-2008-4481&p=20220727&tn=1
islas-canarias-santa-cruz-de-tenerife-santiago-del-teide;Islas Canarias;Santa Cruz de Tenerife;Santa Cruz de Tenerife;Santiago del Teide;municipio;si;si;no;;Municipio incluido en el anexo de zonas prioritarias.;https://www.boe.es/buscar/act.php?id=BOE-A-2008-4481&p=20220727&tn=1
islas-canarias-santa-cruz-de-tenerife-tacoronte;Islas Canarias;Santa Cruz de Tenerife;Santa Cruz de Tenerife;Tacoronte;municipio;si;si;no;;Municipio incluido en el anexo de zonas prioritarias.;https://www.boe.es/buscar/act.php?id=BOE-A-2008-4481&p=20220727&tn=1
islas-canarias-santa-cruz-de-tenerife-valle-gran-rey;Islas Canarias;Santa Cruz de Tenerife;Santa Cruz de Tenerife;Valle Gran Rey;municipio;si;si;no;;Municipio incluido en el anexo de zonas prioritarias.;https://www.boe.es/buscar/act.php?id=BOE-A-2008-4481&p=20220727&tn=1
islas-canarias-santa-cruz-de-tenerife-vallehermoso;Islas Canarias;Santa Cruz de Tenerife;Santa Cruz de Tenerife;Vallehermoso;municipio;si;si;no;;Municipio incluido en el anexo de zonas prioritarias.;https://www.boe.es/buscar/act.php?id=BOE-A-2008-4481&p=20220727&tn=1
islas-canarias-santa-cruz-de-tenerife-valverde;Islas Canarias;Santa Cruz de Tenerife;Santa Cruz de Tenerife;Valverde;municipio;si;si;no;;Municipio incluido en el anexo de zonas prioritarias.;https://www.boe.es/buscar/act.php?id=BOE-A-2008-4481&p=20220727&tn=1
la-rioja-la-rioja-agoncillo;La Rioja;La Rioja;La Rioja;Agoncillo;municipio;si;si;no;;Municipio incluido en el anexo de zonas prioritarias.;https://www.boe.es/buscar/act.php?id=BOE-A-2015-4681&p=20220727&tn=1
la-rioja-la-rioja-aguilar-del-rio-alhama;La Rioja;La Rioja;La Rioja;Aguilar del Río Alhama;municipio;si;si;no;;Municipio incluido en el anexo de zonas prioritarias.;https://www.boe.es/buscar/act.php?id=BOE-A-2015-4681&p=20220727&tn=1
la-rioja-la-rioja-albelda-de-iregua;La Rioja;La Rioja;La Rioja;Albelda de Iregua;municipio;si;si;no;;Municipio incluido en el anexo de zonas prioritarias.;https://www.boe.es/buscar/act.php?id=BOE-A-2015-4681&p=20220727&tn=1
la-rioja-la-rioja-alberite;La Rioja;La Rioja;La Rioja;Alberite;municipio;si;si;no;;Municipio incluido en el anexo de zonas prioritarias.;https://www.boe.es/buscar/act.php?id=BOE-A-2015-4681&p=20220727&tn=1
la-rioja-la-rioja-aldeanueva-de-ebro;La Rioja;La Rioja;La Rioja;Aldeanueva de Ebro;municipio;si;si;no;;Municipio incluido en el anexo de zonas prioritarias.;https://www.boe.es/buscar/act.php?id=BOE-A-2015-4681&p=20220727&tn=1
la-rioja-la-rioja-aleson;La Rioja;La Rioja;La Rioja;Alesón;municipio;si;si;no;;Municipio incluido en el anexo de zonas prioritarias.;https://www.boe.es/buscar/act.php?id=BOE-A-2015-4681&p=20220727&tn=1
la-rioja-la-rioja-alfaro;La Rioja;La Rioja;La Rioja;Alfaro;municipio;si;si;no;;Municipio incluido en el anexo de zonas prioritarias.;https://www.boe.es/buscar/act.php?id=BOE-A-2015-4681&p=20220727&tn=1
la-rioja-la-rioja-anguciana;La Rioja;La Rioja;La Rioja;Anguciana;municipio;si;si;no;;Municipio incluido en el anexo de zonas prioritarias.;https://www.boe.es/buscar/act.php?id=BOE-A-2015-4681&p=20220727&tn=1
la-rioja-la-rioja-arnedo;La Rioja;La Rioja;La Rioja;Arnedo;municipio;si;si;no;;Municipio incluido en el anexo de zonas prioritarias.;https://www.boe.es/buscar/act.php?id=BOE-A-2015-4681&p=20220727&tn=1
la-rioja-la-rioja-arrubal;La Rioja;La Rioja;La Rioja;Arrúbal;municipio;si;si;no;;Municipio incluido en el anexo de zonas prioritarias.;https://www.boe.es/buscar/act.php?id=BOE-A-2015-4681&p=20220727&tn=1
la-rioja-la-rioja-ausejo;La Rioja;La Rioja;La Rioja;Ausejo;municipio;si;si;no;;Municipio incluido en el anexo de zonas prioritarias.;https://www.boe.es/buscar/act.php?id=BOE-A-2015-4681&p=20220727&tn=1
la-rioja-la-rioja-autol;La Rioja;La Rioja;La Rioja;Autol;municipio;si;si;no;;Municipio incluido en el anexo de zonas prioritarias.;https://www.boe.es/buscar/act.php?id=BOE-A-2015-4681&p=20220727&tn=1
la-rioja-la-rioja-banos-de-rio-tobia;La Rioja;La Rioja;La Rioja;Baños de Río Tobía;municipio;si;si;no;;Municipio incluido en el anexo de zonas prioritarias.;https://www.boe.es/buscar/act.php?id=BOE-A-2015-4681&p=20220727&tn=1
la-rioja-la-rioja-brinas;La Rioja;La Rioja;La Rioja;Briñas;municipio;si;si;no;;Municipio incluido en el anexo de zonas prioritarias.;https://www.boe.es/buscar/act.php?id=BOE-A-2015-4681&p=20220727&tn=1
la-rioja-la-rioja-calahorra;La Rioja;La Rioja;La Rioja;Calahorra;municipio;si;si;no;;Municipio incluido en el anexo de zonas prioritarias.;https://www.boe.es/buscar/act.php?id=BOE-A-2015-4681&p=20220727&tn=1
la-rioja-la-rioja-casalarreina;La Rioja;La Rioja;La Rioja;Casalarreina;municipio;si;si;no;;Municipio incluido en el anexo de zonas prioritarias.;https://www.boe.es/buscar/act.php?id=BOE-A-2015-4681&p=20220727&tn=1
la-rioja-la-rioja-cenicero;La Rioja;La Rioja;La Rioja;Cenicero;municipio;si;si;no;;Municipio incluido en el anexo de zonas prioritarias.;https://www.boe.es/buscar/act.php?id=BOE-A-2015-4681&p=20220727&tn=1
la-rioja-la-rioja-cervera-del-rio-alhama;La Rioja;La Rioja;La Rioja;Cervera del Río Alhama;municipio;si;si;no;;Municipio incluido en el anexo de zonas prioritarias.;https://www.boe.es/buscar/act.php?id=BOE-A-2015-4681&p=20220727&tn=1
la-rioja-la-rioja-entrena;La Rioja;La Rioja;La Rioja;Entrena;municipio;si;si;no;;Municipio incluido en el anexo de zonas prioritarias.;https://www.boe.es/buscar/act.php?id=BOE-A-2015-4681&p=20220727&tn=1
la-rioja-la-rioja-ezcaray;La Rioja;La Rioja;La Rioja;Ezcaray;municipio;si;si;no;;Municipio incluido en el anexo de zonas prioritarias.;https://www.boe.es/buscar/act.php?id=BOE-A-2015-4681&p=20220727&tn=1
la-rioja-la-rioja-fuenmayor;La Rioja;La Rioja;La Rioja;Fuenmayor;municipio;si;si;no;;Municipio incluido en el anexo de zonas prioritarias.;https://www.boe.es/buscar/act.php?id=BOE-A-2015-4681&p=20220727&tn=1
la-rioja-la-rioja-haro;La Rioja;La Rioja;La Rioja;Haro;municipio;si;si;no;;Municipio incluido en el anexo de zonas prioritarias.;https://www.boe.es/buscar/act.php?id=BOE-A-2015-4681&p=20220727&tn=1
la-rioja-la-rioja-lardero;La Rioja;La Rioja;La Rioja;Lardero;municipio;si;si;no;;Municipio incluido en el anexo de zonas prioritarias.;https://www.boe.es/buscar/act.php?id=BOE-A-2015-4681&p=20220727&tn=1
la-rioja-la-rioja-logrono;La Rioja;La Rioja;La Rioja;Logroño;municipio;si;si;no;;Municipio incluido en el anexo de zonas prioritarias.;https://www.boe.es/buscar/act.php?id=BOE-A-2015-4681&p=20220727&tn=1
la-rioja-la-rioja-murillo-de-rio-leza;La Rioja;La Rioja;La Rioja;Murillo de Río Leza;municipio;si;si;no;;Municipio incluido en el anexo de zonas prioritarias.;https://www.boe.es/buscar/act.php?id=BOE-A-2015-4681&p=20220727&tn=1
la-rioja-la-rioja-najera;La Rioja;La Rioja;La Rioja;Nájera;municipio;si;si;no;;Municipio incluido en el anexo de zonas prioritarias.;https://www.boe.es/buscar/act.php?id=BOE-A-2015-4681&p=20220727&tn=1
la-rioja-la-rioja-nalda;La Rioja;La Rioja;La Rioja;Nalda;municipio;si;si;no;;Municipio incluido en el anexo de zonas prioritarias.;https://www.boe.es/buscar/act.php?id=BOE-A-2015-4681&p=20220727&tn=1
la-rioja-la-rioja-navarrete;La Rioja;La Rioja;La Rioja;Navarrete;municipio;si;si;no;;Municipio incluido en el anexo de zonas prioritarias.;https://www.boe.es/buscar/act.php?id=BOE-A-2015-4681&p=20220727&tn=1
la-rioja-la-rioja-ollauri;La Rioja;La Rioja;La Rioja;Ollauri;municipio;si;si;no;;Municipio incluido en el anexo de zonas prioritarias.;https://www.boe.es/buscar/act.php?id=BOE-A-2015-4681&p=20220727&tn=1
la-rioja-la-rioja-pradejon;La Rioja;La Rioja;La Rioja;Pradejón;municipio;si;si;no;;Municipio incluido en el anexo de zonas prioritarias.;https://www.boe.es/buscar/act.php?id=BOE-A-2015-4681&p=20220727&tn=1
la-rioja-la-rioja-quel;La Rioja;La Rioja;La Rioja;Quel;municipio;si;si;no;;Municipio incluido en el anexo de zonas prioritarias.;https://www.boe.es/buscar/act.php?id=BOE-A-2015-4681&p=20220727&tn=1
la-rioja-la-rioja-rincon-de-soto;La Rioja;La Rioja;La Rioja;Rincón de Soto;municipio;si;si;no;;Municipio incluido en el anexo de zonas prioritarias.;https://www.boe.es/buscar/act.php?id=BOE-A-2015-4681&p=20220727&tn=1
la-rioja-la-rioja-san-asensio;La Rioja;La Rioja;La Rioja;San Asensio;municipio;si;si;no;;Municipio incluido en el anexo de zonas prioritarias.;https://www.boe.es/buscar/act.php?id=BOE-A-2015-4681&p=20220727&tn=1
la-rioja-la-rioja-san-vicente-de-la-sonsierra;La Rioja;La Rioja;La Rioja;San Vicente de la Sonsierra;municipio;si;si;no;;Municipio incluido en el anexo de zonas prioritarias.;https://www.boe.es/buscar/act.php?id=BOE-A-2015-4681&p=20220727&tn=1
la-rioja-la-rioja-santo-domingo-de-la-calzada;La Rioja;La Rioja;La Rioja;Santo Domingo de la Calzada;municipio;si;si;no;;Municipio incluido en el anexo de zonas prioritarias.;https://www.boe.es/buscar/act.php?id=BOE-A-2015-4681&p=20220727&tn=1
la-rioja-la-rioja-se-modifica-por-el-art-unico-7-del-real-decreto-624-2022-de-26-de-julio-ref-boe-a-2022-12499;La Rioja;La Rioja;La Rioja;Se modifica por el art. único.7 del Real Decreto 624/2022, de 26 de julio. Ref. BOE-A-2022-12499;municipio;si;si;no;;Municipio incluido en el anexo de zonas prioritarias.;https://www.boe.es/buscar/act.php?id=BOE-A-2015-4681&p=20220727&tn=1
la-rioja-la-rioja-seleccionar-redaccion;La Rioja;La Rioja;La Rioja;Seleccionar redacción;municipio;si;si;no;;Municipio incluido en el anexo de zonas prioritarias.;https://www.boe.es/buscar/act.php?id=BOE-A-2015-4681&p=20220727&tn=1
la-rioja-la-rioja-texto-original-publicado-el-29-04-2015-en-vigor-a-partir-del-30-04-2015;La Rioja;La Rioja;La Rioja;Texto original, publicado el 29/04/2015, en vigor a partir del 30/04/2015;municipio;si;si;no;;Municipio incluido en el anexo de zonas prioritarias.;https://www.boe.es/buscar/act.php?id=BOE-A-2015-4681&p=20220727&tn=1
la-rioja-la-rioja-tricio;La Rioja;La Rioja;La Rioja;Tricio;municipio;si;si;no;;Municipio incluido en el anexo de zonas prioritarias.;https://www.boe.es/buscar/act.php?id=BOE-A-2015-4681&p=20220727&tn=1
la-rioja-la-rioja-ultima-actualizacion-publicada-el-27-07-2022-en-vigor-a-partir-del-28-07-2022;La Rioja;La Rioja;La Rioja;Última actualización, publicada el 27/07/2022, en vigor a partir del 28/07/2022;municipio;si;si;no;;Municipio incluido en el anexo de zonas prioritarias.;https://www.boe.es/buscar/act.php?id=BOE-A-2015-4681&p=20220727&tn=1
la-rioja-la-rioja-urunuela;La Rioja;La Rioja;La Rioja;Uruñuela;municipio;si;si;no;;Municipio incluido en el anexo de zonas prioritarias.;https://www.boe.es/buscar/act.php?id=BOE-A-2015-4681&p=20220727&tn=1
la-rioja-la-rioja-villamediana-de-iregua;La Rioja;La Rioja;La Rioja;Villamediana de Iregua;municipio;si;si;no;;Municipio incluido en el anexo de zonas prioritarias.;https://www.boe.es/buscar/act.php?id=BOE-A-2015-4681&p=20220727&tn=1
la-rioja-la-rioja-villar-de-arnedo-el;La Rioja;La Rioja;La Rioja;Villar de Arnedo, El;municipio;si;si;no;;Municipio incluido en el anexo de zonas prioritarias.;https://www.boe.es/buscar/act.php?id=BOE-A-2015-4681&p=20220727&tn=1
melilla-total;Melilla;Melilla;Melilla;Melilla;todo_territorio;si;si;no;;Toda la ciudad de Melilla es zona prioritaria.;https://www.boe.es/buscar/act.php?id=BOE-A-2008-4485&p=20220727&tn=1
murcia-region-de-murcia-abanilla;Murcia;Murcia;Region de Murcia;Abanilla;municipio;si;si;no;;Municipio incluido en el anexo de zonas prioritarias.;https://www.boe.es/buscar/act.php?id=BOE-A-2008-4477&p=20220727&tn=1
murcia-region-de-murcia-blanca;Murcia;Murcia;Region de Murcia;Blanca;municipio;si;si;no;;Municipio incluido en el anexo de zonas prioritarias.;https://www.boe.es/buscar/act.php?id=BOE-A-2008-4477&p=20220727&tn=1
murcia-region-de-murcia-bullas;Murcia;Murcia;Region de Murcia;Bullas;municipio;si;si;no;;Municipio incluido en el anexo de zonas prioritarias.;https://www.boe.es/buscar/act.php?id=BOE-A-2008-4477&p=20220727&tn=1
murcia-region-de-murcia-calasparra;Murcia;Murcia;Region de Murcia;Calasparra;municipio;si;si;no;;Municipio incluido en el anexo de zonas prioritarias.;https://www.boe.es/buscar/act.php?id=BOE-A-2008-4477&p=20220727&tn=1
murcia-region-de-murcia-caravaca;Murcia;Murcia;Region de Murcia;Caravaca;municipio;si;si;no;;Municipio incluido en el anexo de zonas prioritarias.;https://www.boe.es/buscar/act.php?id=BOE-A-2008-4477&p=20220727&tn=1
murcia-region-de-murcia-cartagena;Murcia;Murcia;Region de Murcia;Cartagena;municipio_con_exclusiones;si;revision;si;Canteras, La Magdalena y La Aljorra;Prioritario salvo las pedanias expresamente excluidas por el anexo.;https://www.boe.es/buscar/act.php?id=BOE-A-2008-4477&p=20220727&tn=1
murcia-region-de-murcia-cehegin;Murcia;Murcia;Region de Murcia;Cehegín;municipio;si;si;no;;Municipio incluido en el anexo de zonas prioritarias.;https://www.boe.es/buscar/act.php?id=BOE-A-2008-4477&p=20220727&tn=1
murcia-region-de-murcia-cieza;Murcia;Murcia;Region de Murcia;Cieza;municipio;si;si;no;;Municipio incluido en el anexo de zonas prioritarias.;https://www.boe.es/buscar/act.php?id=BOE-A-2008-4477&p=20220727&tn=1
murcia-region-de-murcia-fortuna;Murcia;Murcia;Region de Murcia;Fortuna;municipio;si;si;no;;Municipio incluido en el anexo de zonas prioritarias.;https://www.boe.es/buscar/act.php?id=BOE-A-2008-4477&p=20220727&tn=1
murcia-region-de-murcia-fuente-alamo;Murcia;Murcia;Region de Murcia;Fuente Alamo;municipio;si;si;no;;Municipio incluido en el anexo de zonas prioritarias.;https://www.boe.es/buscar/act.php?id=BOE-A-2008-4477&p=20220727&tn=1
murcia-region-de-murcia-la-union;Murcia;Murcia;Region de Murcia;La Unión;municipio;si;si;no;;Municipio incluido en el anexo de zonas prioritarias.;https://www.boe.es/buscar/act.php?id=BOE-A-2008-4477&p=20220727&tn=1
murcia-region-de-murcia-lorca;Murcia;Murcia;Region de Murcia;Lorca;municipio_con_exclusiones;si;revision;si;Avilés, Béjar, Coy, Culebrina, Doña Inés, Fontanares, Humbrías, Jarales, La Paca, La Toba, Nogalte, Ortillo, Torrealvilla, Zarcilla de Ramos, Zarpadilla de Sotana y Zarzalico;Prioritario salvo las pedanias expresamente excluidas por el anexo.;https://www.boe.es/buscar/act.php?id=BOE-A-2008-4477&p=20220727&tn=1
murcia-region-de-murcia-moratalla;Murcia;Murcia;Region de Murcia;Moratalla;municipio;si;si;no;;Municipio incluido en el anexo de zonas prioritarias.;https://www.boe.es/buscar/act.php?id=BOE-A-2008-4477&p=20220727&tn=1
murcia-region-de-murcia-mula;Murcia;Murcia;Region de Murcia;Mula;municipio;si;si;no;;Municipio incluido en el anexo de zonas prioritarias.;https://www.boe.es/buscar/act.php?id=BOE-A-2008-4477&p=20220727&tn=1
murcia-region-de-murcia-murcia;Murcia;Murcia;Region de Murcia;Murcia;municipio_con_exclusiones;si;revision;si;La Alberca, Los Dolores, Santo Angel, Los Garres, Algezares, Baños y Mendigo, Carrascoy, Corvera, Gea y Truyols, Jerónimo y Avileses, Los Martínez del Puerto, Valladolises, Sucina, Puente Tocinos y Llano de Brujas;Prioritario salvo las pedanias expresamente excluidas por el anexo.;https://www.boe.es/buscar/act.php?id=BOE-A-2008-4477&p=20220727&tn=1
murcia-region-de-murcia-puerto-lumbreras;Murcia;Murcia;Region de Murcia;Puerto Lumbreras;municipio;si;si;no;;Municipio incluido en el anexo de zonas prioritarias.;https://www.boe.es/buscar/act.php?id=BOE-A-2008-4477&p=20220727&tn=1
murcia-region-de-murcia-torre-pacheco;Murcia;Murcia;Region de Murcia;Torre Pacheco;municipio;si;si;no;;Municipio incluido en el anexo de zonas prioritarias.;https://www.boe.es/buscar/act.php?id=BOE-A-2008-4477&p=20220727&tn=1
murcia-region-de-murcia-totana;Murcia;Murcia;Region de Murcia;Totana;municipio;si;si;no;;Municipio incluido en el anexo de zonas prioritarias.;https://www.boe.es/buscar/act.php?id=BOE-A-2008-4477&p=20220727&tn=1
murcia-region-de-murcia-yecla;Murcia;Murcia;Region de Murcia;Yecla;municipio;si;si;no;;Municipio incluido en el anexo de zonas prioritarias.;https://www.boe.es/buscar/act.php?id=BOE-A-2008-4477&p=20220727&tn=1
